league,season,player_id,games_played,handler_total_picks,handler_points,handler_score,handler_miss,handler_score_2pt,handler_score_3pt,handler_miss_2pt,handler_miss_3pt,handler_turnover,handler_foul,handler_block,handler_assist,handler_assist_2pt,handler_assist_3pt,handler_assist_to_screener,handler_assist_to_other,handler_pass,handler_pass_to_screener,handler_pass_to_other,handler_successful_pick,handler_unsuccessful_pick,handler_assist_opportunity,handler_assist_opportunity_to_screener,handler_assist_opportunity_to_other,handler_shot_taken,handler_only_pass_pick,handler_no_outcome_pick,handler_picks_vs_blitz,handler_points_vs_blitz,handler_score_vs_blitz,handler_miss_vs_blitz,handler_score_2pt_vs_blitz,handler_score_3pt_vs_blitz,handler_miss_2pt_vs_blitz,handler_miss_3pt_vs_blitz,handler_assist_vs_blitz,handler_turnover_vs_blitz,handler_foul_vs_blitz,handler_pass_vs_blitz,handler_block_vs_blitz,handler_successful_pick_vs_blitz,handler_unsuccessful_pick_vs_blitz,handler_assist_opportunity_vs_blitz,handler_shot_taken_vs_blitz,handler_only_pass_pick_vs_blitz,handler_no_outcome_pick_vs_blitz,handler_assist_2pt_vs_blitz,handler_assist_3pt_vs_blitz,handler_assist_to_screener_vs_blitz,handler_assist_to_other_vs_blitz,handler_assist_opportunity_to_screener_vs_blitz,handler_assist_opportunity_to_other_vs_blitz,handler_pass_to_screener_vs_blitz,handler_pass_to_other_vs_blitz,handler_picks_vs_switch,handler_points_vs_switch,handler_score_vs_switch,handler_miss_vs_switch,handler_score_2pt_vs_switch,handler_score_3pt_vs_switch,handler_miss_2pt_vs_switch,handler_miss_3pt_vs_switch,handler_assist_vs_switch,handler_turnover_vs_switch,handler_foul_vs_switch,handler_pass_vs_switch,handler_block_vs_switch,handler_successful_pick_vs_switch,handler_unsuccessful_pick_vs_switch,handler_assist_opportunity_vs_switch,handler_shot_taken_vs_switch,handler_only_pass_pick_vs_switch,handler_no_outcome_pick_vs_switch,handler_assist_2pt_vs_switch,handler_assist_3pt_vs_switch,handler_assist_to_screener_vs_switch,handler_assist_to_other_vs_switch,handler_assist_opportunity_to_screener_vs_switch,handler_assist_opportunity_to_other_vs_switch,handler_pass_to_screener_vs_switch,handler_pass_to_other_vs_switch,handler_picks_vs_ice,handler_points_vs_ice,handler_score_vs_ice,handler_miss_vs_ice,handler_score_2pt_vs_ice,handler_score_3pt_vs_ice,handler_miss_2pt_vs_ice,handler_miss_3pt_vs_ice,handler_assist_vs_ice,handler_turnover_vs_ice,handler_foul_vs_ice,handler_pass_vs_ice,handler_block_vs_ice,handler_successful_pick_vs_ice,handler_unsuccessful_pick_vs_ice,handler_assist_opportunity_vs_ice,handler_shot_taken_vs_ice,handler_only_pass_pick_vs_ice,handler_no_outcome_pick_vs_ice,handler_assist_2pt_vs_ice,handler_assist_3pt_vs_ice,handler_assist_to_screener_vs_ice,handler_assist_to_other_vs_ice,handler_assist_opportunity_to_screener_vs_ice,handler_assist_opportunity_to_other_vs_ice,handler_pass_to_screener_vs_ice,handler_pass_to_other_vs_ice,handler_picks_vs_over,handler_points_vs_over,handler_score_vs_over,handler_miss_vs_over,handler_score_2pt_vs_over,handler_score_3pt_vs_over,handler_miss_2pt_vs_over,handler_miss_3pt_vs_over,handler_assist_vs_over,handler_turnover_vs_over,handler_foul_vs_over,handler_pass_vs_over,handler_block_vs_over,handler_successful_pick_vs_over,handler_unsuccessful_pick_vs_over,handler_assist_opportunity_vs_over,handler_shot_taken_vs_over,handler_only_pass_pick_vs_over,handler_no_outcome_pick_vs_over,handler_assist_2pt_vs_over,handler_assist_3pt_vs_over,handler_assist_to_screener_vs_over,handler_assist_to_other_vs_over,handler_assist_opportunity_to_screener_vs_over,handler_assist_opportunity_to_other_vs_over,handler_pass_to_screener_vs_over,handler_pass_to_other_vs_over,handler_picks_vs_under,handler_points_vs_under,handler_score_vs_under,handler_miss_vs_under,handler_score_2pt_vs_under,handler_score_3pt_vs_under,handler_miss_2pt_vs_under,handler_miss_3pt_vs_under,handler_assist_vs_under,handler_turnover_vs_under,handler_foul_vs_under,handler_pass_vs_under,handler_block_vs_under,handler_successful_pick_vs_under,handler_unsuccessful_pick_vs_under,handler_assist_opportunity_vs_under,handler_shot_taken_vs_under,handler_only_pass_pick_vs_under,handler_no_outcome_pick_vs_under,handler_assist_2pt_vs_under,handler_assist_3pt_vs_under,handler_assist_to_screener_vs_under,handler_assist_to_other_vs_under,handler_assist_opportunity_to_screener_vs_under,handler_assist_opportunity_to_other_vs_under,handler_pass_to_screener_vs_under,handler_pass_to_other_vs_under,screener_total_picks,screener_points,screener_score,screener_miss,screener_score_2pt,screener_score_3pt,screener_miss_2pt,screener_miss_3pt,screener_turnover,screener_foul,screener_block,screener_assist,screener_assist_2pt,screener_assist_3pt,screener_pass,screener_successful_pick,screener_unsuccessful_pick,screener_assist_opportunity,screener_shot_taken,screener_only_pass_pick,screener_no_outcome_pick,screener_picks_vs_switch,screener_points_vs_switch,screener_score_vs_switch,screener_miss_vs_switch,screener_score_2pt_vs_switch,screener_score_3pt_vs_switch,screener_miss_2pt_vs_switch,screener_miss_3pt_vs_switch,screener_assist_vs_switch,screener_turnover_vs_switch,screener_foul_vs_switch,screener_pass_vs_switch,screener_block_vs_switch,screener_successful_pick_vs_switch,screener_unsuccessful_pick_vs_switch,screener_assist_opportunity_vs_switch,screener_shot_taken_vs_switch,screener_only_pass_pick_vs_switch,screener_no_outcome_pick_vs_switch,screener_assist_2pt_vs_switch,screener_assist_3pt_vs_switch,screener_picks_vs_blitz,screener_points_vs_blitz,screener_score_vs_blitz,screener_miss_vs_blitz,screener_score_2pt_vs_blitz,screener_score_3pt_vs_blitz,screener_miss_2pt_vs_blitz,screener_miss_3pt_vs_blitz,screener_assist_vs_blitz,screener_turnover_vs_blitz,screener_foul_vs_blitz,screener_pass_vs_blitz,screener_block_vs_blitz,screener_successful_pick_vs_blitz,screener_unsuccessful_pick_vs_blitz,screener_assist_opportunity_vs_blitz,screener_shot_taken_vs_blitz,screener_only_pass_pick_vs_blitz,screener_no_outcome_pick_vs_blitz,screener_assist_2pt_vs_blitz,screener_assist_3pt_vs_blitz,screener_picks_vs_ice,screener_points_vs_ice,screener_score_vs_ice,screener_miss_vs_ice,screener_score_2pt_vs_ice,screener_score_3pt_vs_ice,screener_miss_2pt_vs_ice,screener_miss_3pt_vs_ice,screener_assist_vs_ice,screener_turnover_vs_ice,screener_foul_vs_ice,screener_pass_vs_ice,screener_block_vs_ice,screener_successful_pick_vs_ice,screener_unsuccessful_pick_vs_ice,screener_assist_opportunity_vs_ice,screener_shot_taken_vs_ice,screener_only_pass_pick_vs_ice,screener_no_outcome_pick_vs_ice,screener_assist_2pt_vs_ice,screener_assist_3pt_vs_ice,screener_picks_vs_show,screener_points_vs_show,screener_score_vs_show,screener_miss_vs_show,screener_score_2pt_vs_show,screener_score_3pt_vs_show,screener_miss_2pt_vs_show,screener_miss_3pt_vs_show,screener_assist_vs_show,screener_turnover_vs_show,screener_foul_vs_show,screener_pass_vs_show,screener_block_vs_show,screener_successful_pick_vs_show,screener_unsuccessful_pick_vs_show,screener_assist_opportunity_vs_show,screener_shot_taken_vs_show,screener_only_pass_pick_vs_show,screener_no_outcome_pick_vs_show,screener_assist_2pt_vs_show,screener_assist_3pt_vs_show,screener_picks_vs_soft,screener_points_vs_soft,screener_score_vs_soft,screener_miss_vs_soft,screener_score_2pt_vs_soft,screener_score_3pt_vs_soft,screener_miss_2pt_vs_soft,screener_miss_3pt_vs_soft,screener_assist_vs_soft,screener_turnover_vs_soft,screener_foul_vs_soft,screener_pass_vs_soft,screener_block_vs_soft,screener_successful_pick_vs_soft,screener_unsuccessful_pick_vs_soft,screener_assist_opportunity_vs_soft,screener_shot_taken_vs_soft,screener_only_pass_pick_vs_soft,screener_no_outcome_pick_vs_soft,screener_assist_2pt_vs_soft,screener_assist_3pt_vs_soft,handler_picks_at_middle,handler_points_at_middle,handler_score_at_middle,handler_miss_at_middle,handler_assist_at_middle,handler_turnover_at_middle,handler_picks_at_stepUp,handler_points_at_stepUp,handler_score_at_stepUp,handler_miss_at_stepUp,handler_assist_at_stepUp,handler_turnover_at_stepUp,handler_picks_at_wing,handler_points_at_wing,handler_score_at_wing,handler_miss_at_wing,handler_assist_at_wing,handler_turnover_at_wing,screener_picks_at_middle,screener_points_at_middle,screener_score_at_middle,screener_miss_at_middle,screener_assist_at_middle,screener_turnover_at_middle,screener_picks_at_stepUp,screener_points_at_stepUp,screener_score_at_stepUp,screener_miss_at_stepUp,screener_assist_at_stepUp,screener_turnover_at_stepUp,screener_picks_at_wing,screener_points_at_wing,screener_score_at_wing,screener_miss_at_wing,screener_assist_at_wing,screener_turnover_at_wing,handler_field_points_in_pick,handler_fga_in_pick,handler_ft_attempts_in_pick,handler_ft_mades_in_pick,screener_field_points_in_pick,screener_fga_in_pick,screener_ft_attempts_in_pick,screener_ft_mades_in_pick,handler_ppp,handler_score_rate,handler_turnover_rate,handler_assist_rate,handler_assist_opportunity_rate,handler_success_rate,handler_ppp_vs_switch,handler_score_rate_vs_switch,handler_turnover_rate_vs_switch,handler_assist_rate_vs_switch,handler_ppp_vs_blitz,handler_score_rate_vs_blitz,handler_turnover_rate_vs_blitz,handler_assist_rate_vs_blitz,handler_ppp_vs_ice,handler_score_rate_vs_ice,handler_turnover_rate_vs_ice,handler_assist_rate_vs_ice,handler_ppp_vs_over,handler_score_rate_vs_over,handler_turnover_rate_vs_over,handler_assist_rate_vs_over,handler_ppp_vs_under,handler_score_rate_vs_under,handler_turnover_rate_vs_under,handler_assist_rate_vs_under,screener_ppp,screener_score_rate,screener_turnover_rate,screener_assist_rate,screener_success_rate,screener_ppp_vs_switch,screener_score_rate_vs_switch,screener_turnover_rate_vs_switch,screener_ppp_vs_blitz,screener_score_rate_vs_blitz,screener_turnover_rate_vs_blitz,screener_ppp_vs_ice,screener_score_rate_vs_ice,screener_turnover_rate_vs_ice,screener_ppp_vs_show,screener_score_rate_vs_show,screener_turnover_rate_vs_show,screener_ppp_vs_soft,screener_score_rate_vs_soft,screener_turnover_rate_vs_soft,handler_fg2_pct,handler_fg3_pct,handler_shot_rate_2pt,handler_shot_rate_3pt,handler_successful_pick_pct,handler_unsuccessful_pick_pct,handler_assist_opportunity_pct,handler_assist_2pt_pct,handler_assist_3pt_pct,handler_assist_to_screener_pct,handler_assist_to_other_pct,handler_pass_to_screener_pct,handler_pass_to_other_pct,handler_shot_taken_pct,handler_only_pass_pick_pct,handler_no_outcome_pick_pct,handler_foul_pct,handler_block_pct,handler_fg2_pct_vs_over,handler_fg3_pct_vs_over,handler_shot_rate_2pt_vs_over,handler_shot_rate_3pt_vs_over,handler_successful_pick_pct_vs_over,handler_unsuccessful_pick_pct_vs_over,handler_assist_opportunity_pct_vs_over,handler_assist_2pt_pct_vs_over,handler_assist_3pt_pct_vs_over,handler_assist_to_screener_pct_vs_over,handler_assist_to_other_pct_vs_over,handler_pass_to_screener_pct_vs_over,handler_pass_to_other_pct_vs_over,handler_shot_taken_pct_vs_over,handler_only_pass_pick_pct_vs_over,handler_no_outcome_pick_pct_vs_over,handler_foul_pct_vs_over,handler_block_pct_vs_over,handler_fg2_pct_vs_under,handler_fg3_pct_vs_under,handler_shot_rate_2pt_vs_under,handler_shot_rate_3pt_vs_under,handler_successful_pick_pct_vs_under,handler_unsuccessful_pick_pct_vs_under,handler_assist_opportunity_pct_vs_under,handler_assist_2pt_pct_vs_under,handler_assist_3pt_pct_vs_under,handler_assist_to_screener_pct_vs_under,handler_assist_to_other_pct_vs_under,handler_pass_to_screener_pct_vs_under,handler_pass_to_other_pct_vs_under,handler_shot_taken_pct_vs_under,handler_only_pass_pick_pct_vs_under,handler_no_outcome_pick_pct_vs_under,handler_foul_pct_vs_under,handler_block_pct_vs_under,handler_fg2_pct_vs_switch,handler_fg3_pct_vs_switch,handler_shot_rate_2pt_vs_switch,handler_shot_rate_3pt_vs_switch,handler_successful_pick_pct_vs_switch,handler_unsuccessful_pick_pct_vs_switch,handler_assist_opportunity_pct_vs_switch,handler_assist_2pt_pct_vs_switch,handler_assist_3pt_pct_vs_switch,handler_assist_to_screener_pct_vs_switch,handler_assist_to_other_pct_vs_switch,handler_pass_to_screener_pct_vs_switch,handler_pass_to_other_pct_vs_switch,handler_shot_taken_pct_vs_switch,handler_only_pass_pick_pct_vs_switch,handler_no_outcome_pick_pct_vs_switch,handler_foul_pct_vs_switch,handler_block_pct_vs_switch,handler_fg2_pct_vs_ice,handler_fg3_pct_vs_ice,handler_shot_rate_2pt_vs_ice,handler_shot_rate_3pt_vs_ice,handler_successful_pick_pct_vs_ice,handler_unsuccessful_pick_pct_vs_ice,handler_assist_opportunity_pct_vs_ice,handler_assist_2pt_pct_vs_ice,handler_assist_3pt_pct_vs_ice,handler_assist_to_screener_pct_vs_ice,handler_assist_to_other_pct_vs_ice,handler_pass_to_screener_pct_vs_ice,handler_pass_to_other_pct_vs_ice,handler_shot_taken_pct_vs_ice,handler_only_pass_pick_pct_vs_ice,handler_no_outcome_pick_pct_vs_ice,handler_foul_pct_vs_ice,handler_block_pct_vs_ice,handler_fg2_pct_vs_blitz,handler_fg3_pct_vs_blitz,handler_shot_rate_2pt_vs_blitz,handler_shot_rate_3pt_vs_blitz,handler_successful_pick_pct_vs_blitz,handler_unsuccessful_pick_pct_vs_blitz,handler_assist_opportunity_pct_vs_blitz,handler_assist_2pt_pct_vs_blitz,handler_assist_3pt_pct_vs_blitz,handler_assist_to_screener_pct_vs_blitz,handler_assist_to_other_pct_vs_blitz,handler_pass_to_screener_pct_vs_blitz,handler_pass_to_other_pct_vs_blitz,handler_shot_taken_pct_vs_blitz,handler_only_pass_pick_pct_vs_blitz,handler_no_outcome_pick_pct_vs_blitz,handler_foul_pct_vs_blitz,handler_block_pct_vs_blitz,screener_fg2_pct,screener_fg3_pct,screener_shot_rate_2pt,screener_shot_rate_3pt,screener_successful_pick_pct,screener_unsuccessful_pick_pct,screener_assist_opportunity_pct,screener_assist_2pt_pct,screener_assist_3pt_pct,screener_shot_taken_pct,screener_only_pass_pick_pct,screener_no_outcome_pick_pct,screener_foul_pct,screener_block_pct,screener_fg2_pct_vs_switch,screener_fg3_pct_vs_switch,screener_shot_rate_2pt_vs_switch,screener_shot_rate_3pt_vs_switch,screener_successful_pick_pct_vs_switch,screener_unsuccessful_pick_pct_vs_switch,screener_assist_opportunity_pct_vs_switch,screener_assist_2pt_pct_vs_switch,screener_assist_3pt_pct_vs_switch,screener_shot_taken_pct_vs_switch,screener_only_pass_pick_pct_vs_switch,screener_no_outcome_pick_pct_vs_switch,screener_foul_pct_vs_switch,screener_block_pct_vs_switch,screener_fg2_pct_vs_blitz,screener_fg3_pct_vs_blitz,screener_shot_rate_2pt_vs_blitz,screener_shot_rate_3pt_vs_blitz,screener_successful_pick_pct_vs_blitz,screener_unsuccessful_pick_pct_vs_blitz,screener_assist_opportunity_pct_vs_blitz,screener_assist_2pt_pct_vs_blitz,screener_assist_3pt_pct_vs_blitz,screener_shot_taken_pct_vs_blitz,screener_only_pass_pick_pct_vs_blitz,screener_no_outcome_pick_pct_vs_blitz,screener_foul_pct_vs_blitz,screener_block_pct_vs_blitz,screener_fg2_pct_vs_ice,screener_fg3_pct_vs_ice,screener_shot_rate_2pt_vs_ice,screener_shot_rate_3pt_vs_ice,screener_successful_pick_pct_vs_ice,screener_unsuccessful_pick_pct_vs_ice,screener_assist_opportunity_pct_vs_ice,screener_assist_2pt_pct_vs_ice,screener_assist_3pt_pct_vs_ice,screener_shot_taken_pct_vs_ice,screener_only_pass_pick_pct_vs_ice,screener_no_outcome_pick_pct_vs_ice,screener_foul_pct_vs_ice,screener_block_pct_vs_ice,screener_fg2_pct_vs_show,screener_fg3_pct_vs_show,screener_shot_rate_2pt_vs_show,screener_shot_rate_3pt_vs_show,screener_successful_pick_pct_vs_show,screener_unsuccessful_pick_pct_vs_show,screener_assist_opportunity_pct_vs_show,screener_assist_2pt_pct_vs_show,screener_assist_3pt_pct_vs_show,screener_shot_taken_pct_vs_show,screener_only_pass_pick_pct_vs_show,screener_no_outcome_pick_pct_vs_show,screener_foul_pct_vs_show,screener_block_pct_vs_show,screener_fg2_pct_vs_soft,screener_fg3_pct_vs_soft,screener_shot_rate_2pt_vs_soft,screener_shot_rate_3pt_vs_soft,screener_successful_pick_pct_vs_soft,screener_unsuccessful_pick_pct_vs_soft,screener_assist_opportunity_pct_vs_soft,screener_assist_2pt_pct_vs_soft,screener_assist_3pt_pct_vs_soft,screener_shot_taken_pct_vs_soft,screener_only_pass_pick_pct_vs_soft,screener_no_outcome_pick_pct_vs_soft,screener_foul_pct_vs_soft,screener_block_pct_vs_soft,handler_ppp_at_middle,handler_score_rate_at_middle,handler_pick_rate_at_middle,handler_ppp_at_stepUp,handler_score_rate_at_stepUp,handler_pick_rate_at_stepUp,handler_ppp_at_wing,handler_score_rate_at_wing,handler_pick_rate_at_wing,screener_ppp_at_middle,screener_score_rate_at_middle,screener_pick_rate_at_middle,screener_ppp_at_stepUp,screener_score_rate_at_stepUp,screener_pick_rate_at_stepUp,screener_ppp_at_wing,screener_score_rate_at_wing,screener_pick_rate_at_wing,handler_points_per_shot_in_pick,screener_points_per_shot_in_pick,player_name,team_name,meta_team_id,appearances,is_traded
SPAIN,2024-2025,59091,23,3,0,0,1,0,0,1,0,1,0,1,0,0,0,0,0,1,1,0,0,2,1,1,0,1,0,0,0,0,0,0,0,0,0,0,0,0,0,0,0,0,0,0,0,0,0,0,0,0,0,0,0,0,0,1,0,0,0,0,0,0,0,0,1,0,0,0,0,1,0,0,0,0,0,0,0,0,0,0,0,0,0,0,0,0,0,0,0,0,0,0,0,0,0,0,0,0,0,0,0,0,0,0,0,0,0,0,0,2,0,0,1,0,0,1,0,0,0,0,1,1,0,1,1,1,0,0,0,0,0,0,1,0,1,0,0,0,0,0,0,0,0,0,0,0,0,0,0,0,0,0,0,0,0,0,0,0,0,0,0,0,0,2,0,0,0,0,0,0,0,0,0,0,0,0,0,0,0,0,0,0,0,2,0,0,0,0,0,0,0,0,0,0,0,0,0,0,0,0,0,0,0,0,0,0,0,0,0,0,0,0,0,0,0,0,0,0,0,0,0,0,0,0,0,0,0,0,0,0,0,0,0,0,0,0,0,0,0,0,0,0,0,0,0,0,0,1,0,0,0,0,0,0,0,0,0,0,0,0,0,0,0,0,0,1,0,0,1,0,0,0,0,0,0,0,0,0,0,0,0,0,0,0,0,0,1,0,0,2,0,0,1,0,0,0,0,0,0,0,0,1,0,0,0,0,1,1,0,0,0,0,0,1,0,0,0,0,0,0,0,0,0,0,0,0,1,0,0,0,0,0,0,0,0,0.333333333,0,0.333333333,0,0,0,1,0,,,,,,,,,0,0,0,0,,,,,0,0,0,0,0,,,,,,,,,,0,0,0,0,0,0,0,,1,0,0,1,0.333333333,0,0,0,0,0.333333333,0,0.333333333,0,0,0,0.333333333,0,,1,0,0,1,0.5,0,0,0,0,0.5,0,0.5,0,0,0,0.5,,,,,,,,,,,,,,,,,,,,,,,0,1,0,0,0,0,0,0,0,0,0,0,0,0,,,,,,,,,,,,,,,,,,,,,,,,,,,,,,,,,,,,,,,,,,,0,0,0,0,0,1,0,0,,,,,,,,,,,,,,,,,,,,,,,,,,,,,,,,,,,,,,,,,,,,,,,,,0,0,0,0,0,1,0,0,,,,,,,0,0,0,0,0,1,0,0,0,0,0.666666667,,,0,0,0,0.333333333,0,0,0.5,0,0,0.5,,,0,0,,Sander Raieste,Bitci Baskonia,1326,23,FALSE
SPAIN,2024-2025,59139,34,113,104,15,14,14,1,9,5,8,11,2,25,17,8,9,16,70,31,39,51,22,47,13,34,29,23,0,1,0,0,0,0,0,0,0,0,1,0,1,0,0,1,0,0,1,0,0,0,0,0,0,0,1,0,21,25,0,1,0,0,1,0,9,2,2,17,0,11,3,13,1,4,0,5,4,2,7,2,11,5,12,0,0,0,0,0,0,0,0,0,0,0,0,0,0,0,0,0,0,0,0,0,0,0,0,0,0,0,44,30,6,6,6,0,4,2,5,1,6,26,1,17,7,14,12,12,0,5,0,3,2,5,9,15,11,47,49,9,7,8,1,4,3,11,4,3,26,1,23,11,20,16,6,0,7,4,4,7,6,14,10,16,5,0,0,0,0,0,0,0,0,0,0,0,0,0,0,0,0,0,0,0,5,1,0,0,0,0,0,0,0,0,0,0,0,0,0,0,0,0,0,1,0,0,0,0,0,0,0,0,0,0,0,0,0,0,0,0,0,0,0,0,0,0,0,0,0,0,0,0,0,0,0,0,0,0,0,0,0,0,0,0,0,0,0,0,2,0,0,0,0,0,0,0,0,0,0,0,0,0,0,0,0,0,2,0,0,2,0,0,0,0,0,0,0,0,0,0,0,0,0,0,0,0,0,2,0,0,73,70,13,10,15,4,21,21,0,2,8,2,19,13,2,2,2,2,3,0,0,0,0,0,1,0,0,0,0,0,1,0,0,0,0,0,31,29,18,15,0,0,0,0,0.920353982,0.132743363,0.07079646,0.221238938,0.415929204,0.451327434,1.19047619,0,0.095238095,0.428571429,0,0,1,0,,,,,0.681818182,0.136363636,0.022727273,0.113636364,1.042553191,0.191489362,0.085106383,0.234042553,0,0,0,0,0,0,0,0,,,,,,,0,0,0,0,0,0,0.608695652,0.166666667,0.793103448,0.206896552,0.698630137,0.301369863,0.415929204,0.150442478,0.07079646,0.079646018,0.14159292,0.274336283,0.345132743,0.256637168,0.203539823,0,0.097345133,0.017699115,0.6,0,0.833333333,0.166666667,0.708333333,0.291666667,0.318181818,0.113636364,0,0.068181818,0.045454545,0.340909091,0.25,0.272727273,0.272727273,0,0.136363636,0.022727273,0.666666667,0.25,0.75,0.25,0.676470588,0.323529412,0.425531915,0.14893617,0.085106383,0.085106383,0.14893617,0.212765957,0.340425532,0.340425532,0.127659574,0,0.063829787,0.021276596,0,,1,0,0.785714286,0.214285714,0.619047619,0.238095238,0.19047619,0.095238095,0.333333333,0.238095238,0.571428571,0.047619048,0.19047619,0,0.095238095,0,,,,,,,,,,,,,,,,,,,,,,,0,1,0,0,0,0,0,1,0,0,1,0,0,0,,,,,,,0,0,0,0,0,1,0,0,,,,,,,0,0,0,0,0,1,0,0,,,,,,,,,,,,,,,,,,,,,,,,,,,,,,,,,,,0,0,0,0,0,1,0,0,,,,,,,0,0,0,0,0,1,0,0,0.95890411,0.178082192,0.646017699,1,0,0.185840708,0.684210526,0.105263158,0.168141593,0,0,0.6,0,0,0.2,0,0,0.2,1.245937161,,Rafael Villar Cornago,ICG Forca Lleida,1323,34,FALSE
SPAIN,2024-2025,59123,36,186,134,18,20,9,9,7,13,15,2,2,39,29,10,18,21,147,81,66,57,35,86,38,48,38,61,0,0,0,0,0,0,0,0,0,0,0,0,0,0,0,0,0,0,0,0,0,0,0,0,0,0,0,0,27,18,1,2,0,1,1,1,7,3,0,23,0,8,5,18,3,5,0,6,1,5,2,10,8,13,10,0,0,0,0,0,0,0,0,0,0,0,0,0,0,0,0,0,0,0,0,0,0,0,0,0,0,0,104,69,8,11,6,2,5,6,21,8,2,85,1,29,19,48,19,37,0,13,8,8,13,19,29,47,38,55,47,9,7,3,6,1,6,11,4,0,39,1,20,11,20,16,19,0,10,1,5,6,9,11,21,18,5,0,0,0,0,0,0,0,0,0,0,0,0,0,0,0,0,0,0,0,5,0,0,0,0,0,0,0,0,0,0,0,0,0,0,0,0,0,0,0,0,0,0,0,0,0,0,0,0,0,0,0,0,0,0,0,0,0,0,0,0,0,0,0,0,0,0,0,0,0,0,0,0,0,0,0,0,0,0,0,0,0,0,0,3,0,0,0,0,0,0,0,0,0,0,0,0,0,0,0,0,0,3,0,0,2,0,0,0,0,0,0,0,0,0,0,0,0,0,0,0,0,0,2,0,0,142,99,14,18,30,14,18,19,2,0,5,0,26,16,2,2,4,1,1,0,0,0,0,0,0,0,0,0,0,0,4,0,0,0,0,0,45,38,1,1,0,0,0,0,0.720430108,0.096774194,0.080645161,0.209677419,0.462365591,0.306451613,0.666666667,0.037037037,0.111111111,0.259259259,,,,,,,,,0.663461538,0.076923077,0.076923077,0.201923077,0.854545455,0.163636364,0.072727273,0.2,0,0,0,0,0,,,,,,,,,,0,0,0,0,0,0,0.5625,0.409090909,0.421052632,0.578947368,0.619565217,0.380434783,0.462365591,0.155913978,0.053763441,0.096774194,0.112903226,0.435483871,0.35483871,0.204301075,0.327956989,0,0.010752688,0.010752688,0.545454545,0.25,0.578947368,0.421052632,0.604166667,0.395833333,0.461538462,0.125,0.076923077,0.076923077,0.125,0.451923077,0.365384615,0.182692308,0.355769231,0,0.019230769,0.009615385,0.75,0.5,0.25,0.75,0.64516129,0.35483871,0.363636364,0.181818182,0.018181818,0.090909091,0.109090909,0.381818182,0.327272727,0.290909091,0.345454545,0,0,0.018181818,0,0.5,0.333333333,0.666666667,0.615384615,0.384615385,0.666666667,0.222222222,0.037037037,0.185185185,0.074074074,0.481481481,0.37037037,0.111111111,0.185185185,0,0,0,,,,,,,,,,,,,,,,,,,,,,,,,,,,,,,,,,,,,,,,,,,0,0,0,0,0,1,0,0,,,,,,,,,,,,,,,,,,,,,,,,,,,,,,,,,,,,,,,,,,,,,,,,,0,0,0,0,0,1,0,0,,,,,,,0,0,0,0,0,1,0,0,0.697183099,0.098591549,0.76344086,1.055555556,0.111111111,0.096774194,0.615384615,0.076923077,0.139784946,0,0,0.2,,,0,0,0,0.8,1.196670135,,Alberto Diaz,Malaga,1339,36,FALSE
SPAIN,2024-2025,31457,27,405,317,51,95,24,27,28,67,38,22,10,67,42,25,30,37,234,96,138,133,133,154,52,102,146,80,0,4,2,0,0,0,0,0,0,1,1,0,3,0,1,1,1,0,2,0,1,0,1,0,1,0,3,0,77,48,11,23,4,7,10,13,5,7,7,33,3,22,30,20,34,13,0,4,1,2,3,6,14,15,18,1,2,0,0,0,0,0,0,1,0,0,1,0,1,0,1,0,0,0,1,0,1,0,1,0,1,0,253,195,27,57,15,12,15,42,45,26,13,155,4,81,83,102,84,53,0,26,19,22,23,38,64,65,90,70,70,13,15,5,8,3,12,15,4,2,42,3,28,19,30,28,12,0,10,5,4,11,6,24,12,30,1,0,0,0,0,0,0,0,0,0,0,0,0,0,0,0,0,0,0,0,1,0,0,0,0,0,0,0,0,0,0,0,0,0,0,0,0,0,0,0,0,0,0,0,0,0,0,0,0,0,0,0,0,0,0,0,0,0,0,0,0,0,0,0,0,0,0,0,0,0,0,0,0,0,0,0,0,0,0,0,0,0,0,0,1,0,0,0,0,0,0,0,0,0,0,0,0,0,0,0,0,0,1,0,0,0,0,0,0,0,0,0,0,0,0,0,0,0,0,0,0,0,0,0,0,0,228,167,29,59,34,19,70,64,4,11,19,5,107,86,18,25,14,14,1,0,0,0,0,0,0,0,0,0,0,0,0,0,0,0,0,0,129,146,32,29,0,0,0,0,0.782716049,0.125925926,0.09382716,0.165432099,0.380246914,0.328395062,0.623376623,0.142857143,0.090909091,0.064935065,0.5,0,0.25,0.25,2,0,0,1,0.770750988,0.106719368,0.102766798,0.177865613,1,0.185714286,0.057142857,0.214285714,0,0,0,0,0,,,,,,,,,,0,0,0,,,,0.461538462,0.287234043,0.356164384,0.643835616,0.5,0.5,0.380246914,0.103703704,0.061728395,0.074074074,0.091358025,0.237037037,0.340740741,0.360493827,0.197530864,0,0.054320988,0.024691358,0.5,0.222222222,0.357142857,0.642857143,0.493902439,0.506097561,0.403162055,0.102766798,0.075098814,0.086956522,0.090909091,0.256916996,0.355731225,0.33201581,0.209486166,0,0.051383399,0.015810277,0.625,0.4,0.285714286,0.714285714,0.595744681,0.404255319,0.428571429,0.142857143,0.071428571,0.057142857,0.157142857,0.171428571,0.428571429,0.4,0.171428571,0,0.028571429,0.042857143,0.285714286,0.35,0.411764706,0.588235294,0.423076923,0.576923077,0.25974026,0.051948052,0.012987013,0.025974026,0.038961039,0.194805195,0.233766234,0.441558442,0.168831169,0,0.090909091,0.038961039,,,,,1,0,1,1,0,1,0,1,0,0,0,0,0,0,,,,,0.5,0.5,0.25,0.25,0,0.25,0,0.75,0,0,0.5,0,0,0,,,,,,,0,0,0,0,0,1,0,0,,,,,,,,,,,,,,,,,,,,,,,,,,,,,,,,,,,,,,,,,,,,,,,,,0,0,0,0,0,1,0,0,,,,,,,,,,,,,,,0.73245614,0.127192982,0.562962963,0.914285714,0.057142857,0.172839506,0.803738318,0.168224299,0.264197531,0,0,1,,,0,,,0,0.987006497,,Shannon Evans,BC MoraBanc Andorra,1332,27,FALSE
SPAIN,2024-2025,59223,27,61,52,13,20,10,3,12,8,4,3,1,7,3,4,2,5,23,16,7,22,24,11,5,6,33,12,0,0,0,0,0,0,0,0,0,0,0,0,0,0,0,0,0,0,0,0,0,0,0,0,0,0,0,0,17,15,3,7,1,2,5,2,1,0,3,5,0,6,7,2,10,3,0,1,0,1,0,2,0,5,0,2,2,1,1,1,0,1,0,0,0,0,0,0,1,1,0,2,0,0,0,0,0,0,0,0,0,0,34,23,7,10,7,0,6,4,3,4,0,14,1,10,14,6,17,8,0,0,3,0,3,2,4,9,5,8,12,2,2,1,1,0,2,3,0,0,4,0,5,2,3,4,1,0,2,1,1,2,1,2,2,2,47,12,3,4,3,0,0,4,0,0,0,3,3,0,4,6,4,4,7,0,36,13,6,1,2,1,0,0,2,2,0,0,2,0,3,2,2,3,0,8,2,0,0,0,0,0,0,0,0,0,0,0,0,0,0,0,0,0,0,0,0,0,0,0,0,0,0,0,0,0,0,0,0,0,0,0,0,0,0,0,0,0,0,0,15,4,1,1,1,0,0,1,1,0,0,1,0,2,1,1,2,0,12,1,0,19,2,1,1,1,0,0,1,0,0,0,1,0,1,1,1,2,0,16,0,0,29,25,7,10,2,2,5,5,2,3,0,0,27,22,4,7,5,2,28,4,1,3,1,0,5,4,2,0,0,0,14,4,0,1,2,0,29,33,5,5,6,7,0,0,0.852459016,0.213114754,0.06557377,0.114754098,0.180327869,0.360655738,0.882352941,0.176470588,0,0.058823529,,,,,1,0.5,0,0,0.676470588,0.205882353,0.117647059,0.088235294,1.5,0.25,0,0.375,0.255319149,0.063829787,0,0.063829787,0.127659574,0.461538462,0.076923077,0,,,,,,,0.266666667,0.066666667,0,0.105263158,0.052631579,0,0.454545455,0.272727273,0.666666667,0.333333333,0.47826087,0.52173913,0.180327869,0.049180328,0.06557377,0.032786885,0.081967213,0.262295082,0.114754098,0.540983607,0.196721311,0,0.049180328,0.016393443,0.538461538,0,0.764705882,0.235294118,0.416666667,0.583333333,0.176470588,0,0.088235294,0,0.088235294,0.264705882,0.147058824,0.5,0.235294118,0,0,0.029411765,1,0.333333333,0.25,0.75,0.714285714,0.285714286,0.375,0.25,0.125,0.125,0.25,0.25,0.25,0.5,0.125,0,0,0,0.166666667,0.5,0.6,0.4,0.461538462,0.538461538,0.117647059,0.058823529,0,0.058823529,0,0.294117647,0,0.588235294,0.176470588,0,0.176470588,0,0.5,,1,0,0.5,0.5,0,0,0,0,0,0,0,1,0,0,0,0,,,,,,,,,,,,,,,,,,,1,0,0.428571429,0.571428571,0.6,0.4,0.085106383,0.063829787,0,0.14893617,0,0.765957447,0,0,1,0,0.333333333,0.666666667,0.6,0.4,0.153846154,0.153846154,0,0.230769231,0,0.615384615,0,0,,,,,,,,,,,,,,,,,,,,,,,,,,,,,1,0,0.5,0.5,0.666666667,0.333333333,0.066666667,0.066666667,0,0.133333333,0,0.8,0,0,1,0,0.5,0.5,0.5,0.5,0.052631579,0,0,0.105263158,0,0.842105263,0,0,0.862068966,0.24137931,0.475409836,1,0.4,0.081967213,0.814814815,0.148148148,0.442622951,0.142857143,0.035714286,0.595744681,0.8,0.4,0.106382979,0.285714286,0,0.29787234,0.965909091,0.857142857,Sam Dekker,Club Joventut Badalona,1336,27,FALSE
SPAIN,2024-2025,59165,33,0,0,0,0,0,0,0,0,0,0,0,0,0,0,0,0,0,0,0,0,0,0,0,0,0,0,0,0,0,0,0,0,0,0,0,0,0,0,0,0,0,0,0,0,0,0,0,0,0,0,0,0,0,0,0,0,0,0,0,0,0,0,0,0,0,0,0,0,0,0,0,0,0,0,0,0,0,0,0,0,0,0,0,0,0,0,0,0,0,0,0,0,0,0,0,0,0,0,0,0,0,0,0,0,0,0,0,0,0,0,0,0,0,0,0,0,0,0,0,0,0,0,0,0,0,0,0,0,0,0,0,0,0,0,0,0,0,0,0,0,0,0,0,0,0,0,0,0,0,0,0,0,0,0,0,0,0,0,0,0,0,0,255,42,14,11,14,0,11,0,4,13,2,5,1,4,10,30,15,8,25,2,205,29,2,1,0,1,0,0,0,0,0,2,0,0,3,0,0,1,0,26,0,0,1,0,0,0,0,0,0,0,0,0,0,0,0,0,0,0,0,0,1,0,0,2,0,0,2,0,0,2,0,0,0,0,0,0,0,2,0,2,0,0,0,0,136,21,9,5,9,0,5,0,1,3,9,5,2,17,8,4,14,1,107,0,1,87,19,4,4,4,0,4,0,4,1,2,5,0,10,5,4,8,1,71,1,3,0,0,0,0,0,0,0,0,0,0,0,0,0,0,0,0,0,0,159,36,11,5,5,2,31,4,2,2,0,1,65,2,1,4,0,1,0,0,0,0,28,25,0,0,,,,,,,,,,,,,,,,,,,,,,,,,,,0.164705882,0.054901961,0.015686275,0.019607843,0.117647059,0.068965517,0.034482759,0,0,0,0,0,0,0,0.154411765,0.066176471,0.022058824,0.218390805,0.045977011,0.011494253,,,,,,,,,,,,,,,,,,,,,,,,,,,,,,,,,,,,,,,,,,,,,,,,,,,,,,,,,,,,,,,,,,,,,,,,,,,,,,,,,,,,,,,,,,,,,,,,,,,,,,,,,,,,,0.56,,1,0,0.666666667,0.333333333,0.031372549,0.003921569,0.015686275,0.098039216,0.007843137,0.803921569,0.050980392,0.007843137,1,,1,0,1,0,0,0,0,0.034482759,0,0.896551724,0.068965517,0,,,,,,,0,0,0,0,0,1,0,0,0,,1,0,0,1,0,0,0,1,0,0,0,0,0.642857143,,1,0,0.68,0.32,0.029411765,0,0.007352941,0.102941176,0.007352941,0.786764706,0.066176471,0.014705882,0.5,,1,0,0.666666667,0.333333333,0.045977011,0.011494253,0.034482759,0.091954023,0.011494253,0.816091954,0.022988506,0,,,,,,,,,,0.226415094,0.06918239,0.623529412,0.129032258,0.064516129,0.121568627,0.030769231,0.015384615,0.254901961,,1.12,Youssoupha Fall,BC Barcelona,1340,33,FALSE
SPAIN,2024-2025,36019,42,0,0,0,0,0,0,0,0,0,0,0,0,0,0,0,0,0,0,0,0,0,0,0,0,0,0,0,0,0,0,0,0,0,0,0,0,0,0,0,0,0,0,0,0,0,0,0,0,0,0,0,0,0,0,0,0,0,0,0,0,0,0,0,0,0,0,0,0,0,0,0,0,0,0,0,0,0,0,0,0,0,0,0,0,0,0,0,0,0,0,0,0,0,0,0,0,0,0,0,0,0,0,0,0,0,0,0,0,0,0,0,0,0,0,0,0,0,0,0,0,0,0,0,0,0,0,0,0,0,0,0,0,0,0,0,0,0,0,0,0,0,0,0,0,0,0,0,0,0,0,0,0,0,0,0,0,0,0,0,0,0,0,700,139,45,24,45,0,24,0,6,38,3,20,11,9,45,95,30,42,69,3,555,68,12,6,1,6,0,1,0,0,0,6,2,0,11,1,1,7,1,54,0,0,5,2,1,0,1,0,0,0,0,0,0,1,0,1,0,1,1,0,3,0,0,4,0,0,1,0,0,1,0,0,0,1,1,1,1,1,1,1,0,1,0,0,310,90,24,16,24,0,16,0,17,5,21,33,1,57,21,31,40,2,220,9,8,308,35,14,6,14,0,6,0,3,1,10,8,1,25,7,8,20,0,272,2,1,0,0,0,0,0,0,0,0,0,0,0,0,0,0,0,0,0,0,478,77,31,14,6,4,69,22,3,2,6,1,153,40,11,8,8,1,0,0,0,0,90,69,0,0,,,,,,,,,,,,,,,,,,,,,,,,,,,0.198571429,0.064285714,0.008571429,0.028571429,0.135714286,0.176470588,0.088235294,0,0.4,0.2,0,0,0,0,0.290322581,0.077419355,0.016129032,0.113636364,0.045454545,0.003246753,,,,,,,,,,,,,,,,,,,,,,,,,,,,,,,,,,,,,,,,,,,,,,,,,,,,,,,,,,,,,,,,,,,,,,,,,,,,,,,,,,,,,,,,,,,,,,,,,,,,,,,,,,,,,0.652173913,,1,0,0.76,0.24,0.06,0.015714286,0.012857143,0.098571429,0.004285714,0.792857143,0.054285714,0.004285714,0.857142857,,1,0,0.916666667,0.083333333,0.014705882,0,0,0.102941176,0.014705882,0.794117647,0.088235294,0,1,,1,0,1,0,0.2,0,0,0.2,0,0.6,0,0,0,,1,0,0.5,0.5,0.25,0,0,0.25,0,0.25,0.25,0.25,0.6,,1,0,0.730769231,0.269230769,0.1,0.029032258,0.025806452,0.129032258,0.006451613,0.709677419,0.067741935,0.003225806,0.7,,1,0,0.78125,0.21875,0.025974026,0.006493506,0.003246753,0.064935065,0,0.883116883,0.032467532,0.003246753,,,,,,,,,,0.161087866,0.064853556,0.682857143,0.31884058,0.043478261,0.098571429,0.261437908,0.071895425,0.218571429,,1.304347826,Walter Tavares,Real Madrid,1338,42,FALSE
SPAIN,2024-2025,5643,4,0,0,0,0,0,0,0,0,0,0,0,0,0,0,0,0,0,0,0,0,0,0,0,0,0,0,0,0,0,0,0,0,0,0,0,0,0,0,0,0,0,0,0,0,0,0,0,0,0,0,0,0,0,0,0,0,0,0,0,0,0,0,0,0,0,0,0,0,0,0,0,0,0,0,0,0,0,0,0,0,0,0,0,0,0,0,0,0,0,0,0,0,0,0,0,0,0,0,0,0,0,0,0,0,0,0,0,0,0,0,0,0,0,0,0,0,0,0,0,0,0,0,0,0,0,0,0,0,0,0,0,0,0,0,0,0,0,0,0,0,0,0,0,0,0,0,0,0,0,0,0,0,0,0,0,0,0,0,0,0,0,0,1,0,0,0,0,0,0,0,0,0,0,0,0,0,0,0,0,0,0,0,1,0,0,0,0,0,0,0,0,0,0,0,0,0,0,0,0,0,0,0,0,0,0,0,0,0,0,0,0,0,0,0,0,0,0,0,0,0,0,0,0,0,0,0,0,0,0,0,0,0,0,0,0,0,0,0,0,0,0,0,0,0,0,0,1,0,0,0,0,0,0,0,0,0,0,0,0,0,0,0,0,0,1,0,0,0,0,0,0,0,0,0,0,0,0,0,0,0,0,0,0,0,0,0,0,0,0,0,0,0,0,0,0,0,0,0,0,0,0,0,0,0,0,0,1,0,0,0,0,0,0,0,0,0,0,0,0,0,0,0,0,0,0,0,0,0,0,0,0,0,,,,,,,,,,,,,,,,,,,,,,,,,,,0,0,0,0,0,,,,,,,,,,0,0,0,,,,,,,,,,,,,,,,,,,,,,,,,,,,,,,,,,,,,,,,,,,,,,,,,,,,,,,,,,,,,,,,,,,,,,,,,,,,,,,,,,,,,,,,,,,,,,,,,,,,,,,,,,,,,,,,,,,,,,0,0,0,0,0,1,0,0,,,,,,,,,,,,,,,,,,,,,,,,,,,,,,,,,,,,,,,,,,,,,,,,,0,0,0,0,0,1,0,0,,,,,,,,,,,,,,,,,,,,,,,,0,0,1,,,0,,,0,,,Ian Platteeuw Fernandez,Club Joventut Badalona,1336,4,FALSE
SPAIN,2024-2025,24367,7,5,2,0,2,0,0,1,1,2,1,0,0,0,0,0,0,1,0,1,1,4,0,0,0,2,1,0,0,0,0,0,0,0,0,0,0,0,0,0,0,0,0,0,0,0,0,0,0,0,0,0,0,0,0,1,0,0,0,0,0,0,0,0,1,0,1,0,0,1,0,0,1,0,0,0,0,0,0,0,0,1,0,0,0,0,0,0,0,0,0,0,0,0,0,0,0,0,0,0,0,0,0,0,0,0,0,0,0,4,2,0,2,0,0,1,1,0,1,1,0,0,1,3,0,2,0,0,0,0,0,0,0,0,0,0,0,0,0,0,0,0,0,0,0,0,0,0,0,0,0,0,0,0,0,0,0,0,0,0,0,0,0,0,0,0,0,0,0,0,0,0,0,0,0,0,0,0,0,0,0,0,0,0,0,0,0,0,0,0,0,0,0,0,0,0,0,0,0,0,0,0,0,0,0,0,0,0,0,0,0,0,0,0,0,0,0,0,0,0,0,0,0,0,0,0,0,0,0,0,0,0,0,0,0,0,0,0,0,0,0,0,0,0,0,0,0,0,0,0,0,0,0,0,0,0,0,0,0,0,0,0,0,0,0,0,0,0,0,0,0,0,0,0,0,0,0,0,0,0,0,0,0,0,0,0,0,0,0,4,2,0,1,0,2,0,0,0,0,0,0,1,0,0,1,0,0,0,0,0,0,0,0,0,0,0,0,0,0,0,0,0,0,0,0,0,2,2,2,0,0,0,0,0.4,0,0.4,0,0,0.2,0,0,1,0,,,,,,,,,0.5,0,0.25,0,,,,,,,,,,,,,,,,,,,,,,,,,0,0,0.5,0.5,0.2,0.8,0,0,0,0,0,0,0.2,0.4,0.2,0,0.2,0,0,0,0.5,0.5,0.25,0.75,0,0,0,0,0,0,0,0.5,0,0,0.25,0,,,,,,,,,,,,,,,,,,,,,,,0,1,0,0,0,0,0,0,1,0,1,0,0,0,,,,,,,,,,,,,,,,,,,,,,,,,,,,,,,,,,,,,,,,,,,,,,,,,,,,,,,,,,,,,,,,,,,,,,,,,,,,,,,,,,,,,,,,,,,,,,,,,,,,,,,,,,,,,,,,,,,,,,,,,0.5,0,0.8,,,0,0,0,0.2,,,,,,,,,,0.694444444,,Elijah Hughes,Leche Rio Breogan,1322,7,FALSE
SPAIN,2024-2025,59155,36,5,0,0,1,0,0,1,0,2,0,1,0,0,0,0,0,4,1,3,0,3,1,0,1,1,3,0,0,0,0,0,0,0,0,0,0,0,0,0,0,0,0,0,0,0,0,0,0,0,0,0,0,0,0,2,0,0,0,0,0,0,0,0,0,0,2,0,0,0,1,0,1,0,0,0,0,0,0,1,1,1,0,0,0,0,0,0,0,0,0,0,0,0,0,0,0,0,0,0,0,0,0,0,0,0,0,0,0,3,0,0,1,0,0,1,0,0,2,0,2,1,0,3,0,1,2,0,0,0,0,0,0,0,0,2,0,0,0,0,0,0,0,0,0,0,0,0,0,0,0,0,0,0,0,0,0,0,0,0,0,0,0,11,3,0,0,0,0,0,0,1,0,0,1,0,1,1,1,1,1,0,0,9,3,3,0,0,0,0,0,0,1,1,0,1,0,1,1,1,0,0,1,0,1,0,0,0,0,0,0,0,0,0,0,0,0,0,0,0,0,0,0,0,0,0,0,0,0,0,0,0,0,0,0,0,0,0,0,0,0,0,0,0,0,0,0,5,0,0,0,0,0,0,0,0,0,0,0,0,0,0,0,0,0,5,0,0,3,0,0,0,0,0,0,0,0,0,0,0,0,0,0,0,0,0,3,0,0,4,0,0,1,0,2,0,0,0,0,0,0,1,0,0,0,0,0,5,0,0,0,0,0,1,0,0,0,0,0,5,3,0,0,1,1,0,1,0,0,0,0,0,0,0,0,0.4,0,0.2,0,0,0,0,0,,,,,,,,,0,0,0.666666667,0,,,,,0.272727273,0,0.090909091,0.090909091,0.090909091,1,0,0.333333333,,,,,,,0,0,0,0,0,0,0,,1,0,0,1,0.2,0,0,0,0,0.2,0.6,0.2,0.6,0,0,0.2,0,,1,0,0,1,0,0,0,0,0,0,0.666666667,0.333333333,0.666666667,0,0,0.333333333,,,,,,,,,,,,,,,,,,,,,,,,,0.5,0,0,0,0,0.5,0.5,0,0.5,0,0,0,,,,,,,,,,,,,,,,,,,,,,,,,,,,,,,,,,,,,,,,,0.5,0.5,0.090909091,0,0.090909091,0,0,0.818181818,0,0,,,,,0.5,0.5,0.333333333,0,0.333333333,0,0,0.333333333,0,0,,,,,,,,,,,,,,,,,,,,,,,,,,,,,,,,,,,0,0,0,0,0,1,0,0,,,,,,,0,0,0,0,0,1,0,0,0,0,0.8,,,0,0,0,0.2,0,0,0.454545455,0,0,0.090909091,0.6,0,0.454545455,0,,Miquel Salvo,Dreamland Gran Canaria,1328,36,FALSE
SPAIN,2024-2025,59098,32,97,63,10,19,6,4,12,7,8,2,4,15,10,5,6,9,65,34,31,27,27,35,13,22,29,30,0,0,0,0,0,0,0,0,0,0,0,0,0,0,0,0,0,0,0,0,0,0,0,0,0,0,0,0,12,9,1,2,1,0,2,0,3,1,0,9,0,4,3,6,3,3,0,2,1,1,2,2,4,5,4,0,0,0,0,0,0,0,0,0,0,0,0,0,0,0,0,0,0,0,0,0,0,0,0,0,0,0,69,48,7,12,5,2,10,2,12,6,2,47,4,21,18,27,19,20,0,8,4,5,7,9,18,23,24,16,6,2,5,0,2,0,5,0,1,0,9,0,2,6,2,7,7,0,0,0,0,0,2,0,6,3,7,3,0,0,0,0,0,0,1,0,0,1,0,1,3,1,1,1,0,2,4,4,3,0,0,0,0,0,0,1,0,0,1,0,1,0,1,0,0,3,0,1,0,0,0,0,0,0,0,0,0,0,0,0,0,0,0,0,0,0,0,0,0,0,0,0,0,0,0,0,0,0,0,0,0,0,0,0,0,0,0,0,0,0,0,0,0,0,0,0,0,0,0,0,0,0,0,0,0,0,0,0,0,0,0,3,0,0,0,0,0,0,0,0,1,0,2,0,0,1,0,0,2,1,0,0,67,51,6,11,15,7,10,2,1,3,0,0,20,10,3,5,0,1,5,3,0,0,1,1,1,0,0,0,0,0,1,0,0,0,0,0,24,29,4,4,0,0,0,0,0.649484536,0.103092784,0.082474227,0.154639175,0.360824742,0.278350515,0.75,0.083333333,0.083333333,0.25,,,,,,,,,0.695652174,0.101449275,0.086956522,0.173913043,0.375,0.125,0.0625,0,0.428571429,0,0.142857143,0.142857143,0.142857143,0.75,0,0,,,,,,,,,,0,0,0.333333333,0.333333333,0.363636364,0.620689655,0.379310345,0.5,0.5,0.360824742,0.103092784,0.051546392,0.06185567,0.092783505,0.350515464,0.319587629,0.298969072,0.309278351,0,0.020618557,0.041237113,0.333333333,0.5,0.789473684,0.210526316,0.538461538,0.461538462,0.391304348,0.115942029,0.057971014,0.072463768,0.101449275,0.333333333,0.347826087,0.275362319,0.289855072,0,0.028985507,0.057971014,,0.285714286,0,1,0.25,0.75,0.125,0,0,0,0,0.375,0.1875,0.4375,0.4375,0,0,0,0.333333333,,1,0,0.571428571,0.428571429,0.5,0.166666667,0.083333333,0.083333333,0.166666667,0.416666667,0.333333333,0.25,0.25,0,0,0,,,,,,,,,,,,,,,,,,,,,,,,,,,,,,,,,,,,,,,,,0.5,0.5,0.142857143,0,0.142857143,0,0.285714286,0.571428571,0,0,,,,,1,0,0.25,0,0.25,0,0,0.75,0,0,,,,,,,,,,,,,,,,,,,,,,,,,,,,,,,,,,,,,,,,,,,,,,,0,1,0,0,0,0,0.666666667,0.333333333,0,0,0.76119403,0.089552239,0.690721649,0.2,0.1,0.103092784,0.5,0.15,0.206185567,0.6,0,0.714285714,0,0,0.142857143,0,0,0.142857143,0.910273082,,Guillem Vives,Club Joventut Badalona,1336,32,FALSE
SPAIN,2024-2025,58313,35,259,190,41,59,36,5,41,18,20,14,4,35,21,14,17,18,141,78,63,87,79,73,28,45,100,68,0,1,0,0,0,0,0,0,0,0,1,0,1,0,0,1,0,0,1,0,0,0,0,0,0,0,0,1,49,25,4,15,4,0,7,8,7,4,1,28,1,12,19,11,19,17,0,4,3,4,3,5,6,20,8,1,3,0,0,0,0,0,0,1,0,0,1,0,1,0,1,0,0,0,0,1,1,0,1,0,1,0,184,149,36,34,31,5,27,7,24,12,11,102,2,68,46,56,70,46,0,14,10,10,14,20,36,53,49,24,13,1,10,1,0,7,3,3,3,2,9,1,6,13,5,11,4,0,3,0,2,1,2,3,4,5,25,6,2,1,2,0,1,0,0,1,0,1,1,0,2,4,1,2,3,0,19,11,2,1,1,1,0,1,0,0,0,0,0,0,1,1,0,2,0,9,0,0,0,0,0,0,0,0,0,0,0,0,0,0,0,0,0,0,0,0,0,0,0,0,0,0,0,0,0,0,0,0,0,0,0,0,0,0,0,0,0,0,0,0,10,2,1,0,1,0,0,0,0,0,1,1,0,2,0,1,1,0,7,0,0,4,2,0,0,0,0,0,0,1,0,0,1,0,1,0,1,0,0,3,1,0,122,78,17,32,16,11,27,15,3,6,3,3,110,97,21,21,16,6,21,4,2,1,0,0,3,2,0,0,1,0,1,0,0,0,0,0,87,100,23,19,4,3,0,0,0.733590734,0.158301158,0.077220077,0.135135135,0.281853282,0.335907336,0.510204082,0.081632653,0.081632653,0.142857143,0,0,1,0,3,0,0,1,0.809782609,0.195652174,0.065217391,0.130434783,0.541666667,0.041666667,0.125,0.125,0.24,0.08,0,0.04,0.16,0.181818182,0.090909091,0,,,,,,,0.2,0.1,0,0.5,0,0,0.467532468,0.217391304,0.77,0.23,0.524096386,0.475903614,0.281853282,0.081081081,0.054054054,0.065637066,0.069498069,0.301158301,0.243243243,0.386100386,0.262548263,0,0.054054054,0.015444015,0.534482759,0.416666667,0.828571429,0.171428571,0.596491228,0.403508772,0.304347826,0.076086957,0.054347826,0.054347826,0.076086957,0.288043478,0.266304348,0.380434783,0.25,0,0.059782609,0.010869565,0.125,0,0.727272727,0.272727273,0.315789474,0.684210526,0.208333333,0.125,0,0.083333333,0.041666667,0.166666667,0.208333333,0.458333333,0.166666667,0,0.083333333,0.041666667,0.363636364,0,0.578947368,0.421052632,0.387096774,0.612903226,0.224489796,0.081632653,0.06122449,0.081632653,0.06122449,0.408163265,0.163265306,0.387755102,0.346938776,0,0.020408163,0.020408163,,,,,1,0,1,0,1,1,0,1,0,0,0,0,0,0,,,,,0,1,0,0,0,0,0,0,1,0,1,0,0,0,0.666666667,,1,0,0.8,0.2,0.08,0.04,0,0.12,0,0.76,0.04,0,0.5,,1,0,0.5,0.5,0,0,0,0.181818182,0,0.818181818,0,0,,,,,,,,,,,,,,,,,,,,,,,,,,,,,1,,1,0,1,0,0.1,0,0,0.1,0,0.7,0.1,0,,,,,1,0,0.25,0.25,0,0,0,0.75,0,0,0.639344262,0.139344262,0.471042471,0.555555556,0.111111111,0.104247104,0.881818182,0.190909091,0.424710425,0.19047619,0.095238095,0.84,0.666666667,0,0.12,0,0,0.04,0.96258627,1.333333333,Joe Thomasson,Dreamland Gran Canaria,1328,35,FALSE
SPAIN,2024-2025,59099,33,414,344,61,85,33,28,25,60,34,15,3,73,47,26,44,29,248,149,99,147,119,144,70,74,146,104,0,0,0,0,0,0,0,0,0,0,0,0,0,0,0,0,0,0,0,0,0,0,0,0,0,0,0,0,46,19,2,13,1,1,6,7,4,2,1,30,1,7,15,12,15,18,0,1,3,0,4,2,10,19,11,5,2,0,1,0,0,1,0,1,1,0,4,0,1,2,3,1,1,0,1,0,1,0,1,2,2,2,283,248,45,38,28,17,15,23,55,28,11,184,1,109,66,109,83,75,0,38,17,36,19,58,51,111,73,80,75,14,33,4,10,3,30,13,3,3,30,1,30,36,20,47,10,0,7,6,7,6,9,11,17,13,33,8,1,3,0,1,3,0,0,0,0,2,1,1,10,3,3,8,4,2,19,20,8,1,2,0,1,2,0,2,0,0,7,0,3,2,5,3,2,10,1,1,0,0,0,0,0,0,0,0,0,0,0,0,0,0,0,0,0,0,0,0,0,0,0,0,0,0,0,0,0,0,0,0,0,0,0,0,0,0,0,0,0,0,9,0,0,1,0,0,1,0,0,0,0,3,0,0,1,3,1,0,5,0,0,4,0,0,0,0,0,0,0,0,0,0,0,0,0,0,0,0,0,4,0,0,287,225,38,55,51,22,63,73,12,14,15,4,64,46,11,16,7,8,25,8,1,1,2,0,4,0,0,1,0,0,4,0,0,1,0,0,150,146,23,22,3,4,0,0,0.830917874,0.147342995,0.082125604,0.176328502,0.347826087,0.355072464,0.413043478,0.043478261,0.043478261,0.086956522,,,,,0.4,0,0.2,0.2,0.876325088,0.159010601,0.098939929,0.19434629,0.9375,0.175,0.0375,0.1625,0.242424242,0.03030303,0,0.060606061,0.090909091,0.4,0.05,0,,,,,,,0,0,0,0,0,0,0.568965517,0.318181818,0.397260274,0.602739726,0.552631579,0.447368421,0.347826087,0.11352657,0.062801932,0.106280193,0.070048309,0.359903382,0.239130435,0.352657005,0.251207729,0,0.036231884,0.007246377,0.651162791,0.425,0.518072289,0.481927711,0.622857143,0.377142857,0.385159011,0.134275618,0.060070671,0.127208481,0.067137809,0.392226148,0.25795053,0.293286219,0.265017668,0,0.038869258,0.003533569,0.571428571,0.25,0.14893617,0.85106383,0.454545455,0.545454545,0.25,0.0875,0.075,0.0875,0.075,0.2125,0.1625,0.5875,0.125,0,0.0375,0.0125,0.142857143,0.125,0.466666667,0.533333333,0.318181818,0.681818182,0.260869565,0.02173913,0.065217391,0,0.086956522,0.413043478,0.239130435,0.326086957,0.391304348,0,0.02173913,0.02173913,0,,1,0,0.333333333,0.666666667,0.6,0.2,0,0.2,0,0.4,0.4,0.2,0.2,0,0,0,,,,,,,,,,,,,,,,,,,0,1,0.75,0.25,0.5,0.5,0.242424242,0.03030303,0.03030303,0.121212121,0.060606061,0.575757576,0,0,0,1,0.666666667,0.333333333,0.6,0.4,0.25,0.05,0.05,0.15,0.1,0.5,0,0,,,,,,,,,,,,,,,,,,,,,,,,,,,,,0,,1,0,0,1,0.333333333,0,0,0.111111111,0,0.555555556,0,0,,,,,,,0,0,0,0,0,1,0,0,0.783972125,0.132404181,0.693236715,1.158730159,0.19047619,0.152173913,0.71875,0.171875,0.154589372,0.32,0.04,0.757575758,0,0,0.121212121,0,0,0.121212121,1.101716628,0.75,Ludvig Hakanson,CB UCAM Murcia,1334,33,FALSE
SPAIN,2024-2025,59215,44,137,78,15,31,11,4,23,8,9,8,5,14,5,9,3,11,82,26,56,36,40,52,7,45,46,30,0,1,0,0,0,0,0,0,0,0,1,0,1,0,0,1,0,0,1,0,0,0,0,0,0,0,0,1,26,14,3,4,3,0,3,1,3,2,1,17,0,7,6,10,7,7,0,1,2,1,2,1,9,7,10,0,0,0,0,0,0,0,0,0,0,0,0,0,0,0,0,0,0,0,0,0,0,0,0,0,0,0,84,50,9,21,6,3,17,4,9,4,6,48,4,23,25,34,30,14,0,4,5,2,7,5,29,13,35,26,14,3,6,2,1,3,3,2,2,1,16,1,6,8,8,9,8,0,0,2,0,2,1,7,6,10,26,8,2,3,0,2,2,1,0,0,0,1,1,0,6,3,3,5,5,1,15,9,2,0,1,0,0,1,0,1,0,0,3,0,1,1,2,1,1,5,1,0,0,0,0,0,0,0,0,0,0,0,0,0,0,0,0,0,0,0,0,0,0,0,0,0,0,0,0,0,0,0,0,0,0,0,0,0,0,0,0,0,0,0,8,6,2,0,0,2,0,0,0,0,0,2,0,2,0,2,2,0,4,0,0,9,0,0,2,0,0,1,1,0,0,0,1,0,0,2,1,2,0,6,0,0,75,44,6,18,10,7,19,10,4,5,1,0,43,24,5,8,3,2,15,5,1,1,1,0,8,3,1,2,0,0,3,0,0,0,0,0,34,46,11,7,6,5,0,0,0.569343066,0.109489051,0.065693431,0.102189781,0.379562044,0.262773723,0.538461538,0.115384615,0.076923077,0.115384615,0,0,1,0,,,,,0.595238095,0.107142857,0.047619048,0.107142857,0.538461538,0.115384615,0.076923077,0.076923077,0.307692308,0.076923077,0,0.038461538,0.115384615,0.222222222,0,0,,,,,,,0.75,0.25,0,0,0,0,0.323529412,0.333333333,0.739130435,0.260869565,0.473684211,0.526315789,0.379562044,0.03649635,0.065693431,0.02189781,0.080291971,0.189781022,0.408759124,0.335766423,0.218978102,0,0.058394161,0.03649635,0.260869565,0.428571429,0.766666667,0.233333333,0.479166667,0.520833333,0.404761905,0.047619048,0.05952381,0.023809524,0.083333333,0.154761905,0.416666667,0.357142857,0.166666667,0,0.071428571,0.047619048,0.4,0.25,0.555555556,0.444444444,0.428571429,0.571428571,0.307692308,0,0.076923077,0,0.076923077,0.230769231,0.384615385,0.346153846,0.307692308,0,0.038461538,0.038461538,0.5,0,0.857142857,0.142857143,0.538461538,0.461538462,0.384615385,0.038461538,0.076923077,0.038461538,0.076923077,0.269230769,0.384615385,0.269230769,0.269230769,0,0.038461538,0,,,,,,,,,,,,,,,,,,,,,,,0,1,0,0,0,0,0,0,1,0,1,0,0,0,0,0.666666667,0.4,0.6,0.5,0.5,0.192307692,0.038461538,0,0.192307692,0.038461538,0.576923077,0,0,0,,1,0,0.5,0.5,0.222222222,0.111111111,0,0.111111111,0.111111111,0.555555556,0,0,,,,,,,,,,,,,,,,,,,,,,,,,,,,,,1,0,1,1,0,0.25,0,0,0.25,0,0.5,0,0,0,0,0.5,0.5,0,1,0.111111111,0,0,0.222222222,0,0.666666667,0,0,0.586666667,0.08,0.547445255,0.526315789,0.210526316,0.138686131,0.558139535,0.11627907,0.313868613,0.333333333,0.066666667,0.576923077,0.375,0.125,0.307692308,0,0,0.115384615,0.806451613,1.2,Alberto Abalde,Real Madrid,1338,44,FALSE
SPAIN,2024-2025,22740,37,0,0,0,0,0,0,0,0,0,0,0,0,0,0,0,0,0,0,0,0,0,0,0,0,0,0,0,0,0,0,0,0,0,0,0,0,0,0,0,0,0,0,0,0,0,0,0,0,0,0,0,0,0,0,0,0,0,0,0,0,0,0,0,0,0,0,0,0,0,0,0,0,0,0,0,0,0,0,0,0,0,0,0,0,0,0,0,0,0,0,0,0,0,0,0,0,0,0,0,0,0,0,0,0,0,0,0,0,0,0,0,0,0,0,0,0,0,0,0,0,0,0,0,0,0,0,0,0,0,0,0,0,0,0,0,0,0,0,0,0,0,0,0,0,0,0,0,0,0,0,0,0,0,0,0,0,0,0,0,0,0,0,423,115,50,20,43,7,8,12,9,20,1,3,1,2,16,67,29,14,70,2,316,59,8,4,0,4,0,0,0,0,0,1,1,0,5,0,0,4,1,53,0,0,3,0,0,0,0,0,0,0,0,1,0,0,0,0,1,0,0,0,2,0,0,3,0,0,1,0,0,0,1,0,0,0,0,0,0,1,0,1,0,2,0,0,190,58,25,10,22,3,8,2,2,7,14,10,1,35,17,9,35,1,132,1,1,165,49,21,9,17,4,0,9,1,1,5,5,0,27,10,5,30,0,124,0,1,0,0,0,0,0,0,0,0,0,0,0,0,0,0,0,0,0,0,259,65,28,13,2,5,69,32,13,5,1,2,95,18,9,2,0,2,0,0,0,0,107,70,0,0,,,,,,,,,,,,,,,,,,,,,,,,,,,0.271867612,0.11820331,0.021276596,0.007092199,0.158392435,0.13559322,0.06779661,0,0,0,0.333333333,0,0,0,0.305263158,0.131578947,0.036842105,0.296969697,0.127272727,0.006060606,,,,,,,,,,,,,,,,,,,,,,,,,,,,,,,,,,,,,,,,,,,,,,,,,,,,,,,,,,,,,,,,,,,,,,,,,,,,,,,,,,,,,,,,,,,,,,,,,,,,,,,,,,,,,0.843137255,0.368421053,0.728571429,0.271428571,0.697916667,0.302083333,0.033096927,0.002364066,0.004728132,0.165484634,0.004728132,0.747044917,0.047281324,0.002364066,1,,1,0,1,0,0,0,0,0.06779661,0.016949153,0.898305085,0.016949153,0,,,,,0,1,0,0,0,0,0,0.666666667,0,0,,0,0,1,0,1,0,0,0,0.333333333,0,0.666666667,0,0,0.733333333,0.6,0.857142857,0.142857143,0.673076923,0.326923077,0.047368421,0.005263158,0.005263158,0.184210526,0.005263158,0.694736842,0.073684211,0.005263158,1,0.307692308,0.566666667,0.433333333,0.72972973,0.27027027,0.03030303,0,0.006060606,0.181818182,0,0.751515152,0.03030303,0,,,,,,,,,,0.250965251,0.108108108,0.612293144,0.463768116,0.188405797,0.163120567,0.189473684,0.094736842,0.224586288,,1.528571429,Nathan Reuvers,Valencia BC,1325,37,FALSE
SPAIN,2024-2025,59192,28,1,0,0,0,0,0,0,0,1,0,0,0,0,0,0,0,0,0,0,0,1,0,0,0,0,0,0,0,0,0,0,0,0,0,0,0,0,0,0,0,0,0,0,0,0,0,0,0,0,0,0,0,0,0,1,0,0,0,0,0,0,0,0,1,0,0,0,0,1,0,0,0,0,0,0,0,0,0,0,0,0,0,0,0,0,0,0,0,0,0,0,0,0,0,0,0,0,0,0,0,0,0,0,0,0,0,0,0,0,0,0,0,0,0,0,0,0,0,0,0,0,0,0,0,0,0,0,0,0,0,0,0,0,0,0,0,0,0,0,0,0,0,0,0,0,0,0,0,0,0,0,0,0,0,0,0,0,0,0,0,0,0,384,97,29,29,29,0,10,19,6,22,0,15,6,9,35,61,35,28,58,7,272,48,2,0,2,0,0,1,1,1,0,3,3,0,4,2,3,2,0,40,1,0,0,0,0,0,0,0,0,0,0,0,0,0,0,0,0,0,0,0,0,0,0,4,2,1,1,1,0,0,1,0,0,0,0,0,1,1,0,2,0,2,0,0,169,55,16,13,16,0,5,8,8,1,14,16,0,36,14,14,29,2,112,1,7,163,38,12,13,12,0,4,9,6,5,5,16,0,20,18,11,25,5,118,4,2,1,0,0,0,0,1,0,0,0,0,0,0,0,0,0,0,0,0,241,63,18,18,10,5,54,14,4,6,3,0,89,20,7,5,2,1,0,0,0,0,58,58,0,0,0,0,1,0,0,0,0,0,1,0,,,,,,,,,,,,,,,,,0.252604167,0.075520833,0.015625,0.0390625,0.158854167,0.041666667,0,0,,,,0.5,0.25,0,0.325443787,0.094674556,0.00591716,0.233128834,0.073619632,0.030674847,,,,,0,1,0,0,0,0,0,0,0,0,0,0,0,0,,,,,,,,,,,,,,,,,,,,,,,,,,,,,,,,,,,,,,,,,0,1,0,0,0,0,0,0,0,0,0,0,0,0,,,,,,,,,,,,,,,,,,,,,,,,,,,,,,,,,,,,,0.743589744,0,0.672413793,0.327586207,0.635416667,0.364583333,0.072916667,0.015625,0.0234375,0.151041667,0.018229167,0.708333333,0.057291667,0,0,0,0.5,0.5,0.666666667,0.333333333,0.0625,0.020833333,0,0.041666667,0,0.833333333,0.0625,0,,,,,,,,,,,,,,,1,0,0.5,0.5,0.5,0.5,0,0,0,0.5,0,0.5,0,0,0.761904762,0,0.724137931,0.275862069,0.72,0.28,0.082840237,0.00591716,0.041420118,0.171597633,0.01183432,0.662721893,0.082840237,0,0.75,0,0.64,0.36,0.526315789,0.473684211,0.067484663,0.024539877,0.012269939,0.153374233,0.030674847,0.72392638,0.030674847,0,0,0,1,,,0,,,0,0.261410788,0.074688797,0.627604167,0.259259259,0.074074074,0.140625,0.224719101,0.078651685,0.231770833,,1,Juan Fernandez,Basquet Girona,1315,28,FALSE
SPAIN,2024-2025,25431,39,190,168,25,31,18,7,21,10,14,8,1,38,14,24,13,25,120,54,66,70,45,81,26,55,56,39,0,0,0,0,0,0,0,0,0,0,0,0,0,0,0,0,0,0,0,0,0,0,0,0,0,0,0,0,28,19,7,8,6,1,4,4,1,3,1,12,1,8,11,5,15,7,0,0,1,0,1,2,3,7,5,0,0,0,0,0,0,0,0,0,0,0,0,0,0,0,0,0,0,0,0,0,0,0,0,0,0,0,129,120,13,16,9,4,13,3,32,11,5,89,0,50,27,63,29,26,0,13,19,13,19,21,42,39,50,33,29,5,7,3,2,4,3,5,0,2,19,0,12,7,13,12,6,0,1,4,0,5,3,10,8,11,12,3,1,3,0,1,0,3,1,0,0,0,0,0,1,1,4,0,4,1,7,1,0,0,0,0,0,0,0,0,0,0,0,0,0,0,0,0,0,1,0,0,0,0,0,0,0,0,0,0,0,0,0,0,0,0,0,0,0,0,0,0,0,0,0,0,0,0,0,0,0,0,0,0,0,0,0,0,0,0,0,0,0,0,2,3,1,0,0,1,0,0,0,0,0,0,0,1,0,0,1,0,1,0,0,9,0,0,3,0,0,0,3,0,1,0,1,0,0,4,0,3,1,5,0,0,126,118,16,23,27,9,19,19,3,2,4,1,45,31,6,6,7,4,3,3,1,0,0,0,5,0,0,1,0,0,4,0,0,2,0,1,57,56,13,11,3,4,0,0,0.884210526,0.131578947,0.073684211,0.2,0.426315789,0.368421053,0.678571429,0.25,0.107142857,0.035714286,,,,,,,,,0.930232558,0.100775194,0.085271318,0.248062016,0.878787879,0.151515152,0,0.151515152,0.25,0.083333333,0.083333333,0,0.083333333,0,0,0,,,,,,,1.5,0.5,0,0,0,0.111111111,0.461538462,0.411764706,0.696428571,0.303571429,0.608695652,0.391304348,0.426315789,0.073684211,0.126315789,0.068421053,0.131578947,0.284210526,0.347368421,0.294736842,0.205263158,0,0.042105263,0.005263158,0.409090909,0.571428571,0.75862069,0.24137931,0.649350649,0.350649351,0.488372093,0.100775194,0.147286822,0.100775194,0.147286822,0.302325581,0.387596899,0.224806202,0.201550388,0,0.03875969,0,0.428571429,0.4,0.583333333,0.416666667,0.631578947,0.368421053,0.393939394,0.03030303,0.121212121,0,0.151515152,0.242424242,0.333333333,0.363636364,0.181818182,0,0.060606061,0,0.6,0.2,0.666666667,0.333333333,0.421052632,0.578947368,0.178571429,0,0.035714286,0,0.035714286,0.25,0.178571429,0.535714286,0.25,0,0.035714286,0.035714286,,,,,,,,,,,,,,,,,,,,,,,,,,,,,,,,,,,,,,0.25,0,1,0.2,0.8,0,0,0,0.333333333,0.083333333,0.583333333,0,0,,,,,,,0,0,0,0,0,1,0,0,,,,,,,,,,,,,,,,,,,,,,,,,,,,,,1,0,1,1,0,0,0,0,0.5,0,0.5,0,0,,0,0,1,0,1,0,0,0,0.333333333,0.111111111,0.555555556,0,0,0.936507937,0.126984127,0.663157895,1,0.157894737,0.1,0.688888889,0.133333333,0.236842105,1,0.333333333,0.25,0,0,0.416666667,0,0,0.333333333,1.101749838,0.75,Andres Feliz Sarita,Real Madrid,1338,39,FALSE
SPAIN,2024-2025,59103,34,2,0,0,0,0,0,0,0,0,0,0,0,0,0,0,0,2,2,0,0,0,0,0,0,0,2,0,0,0,0,0,0,0,0,0,0,0,0,0,0,0,0,0,0,0,0,0,0,0,0,0,0,0,0,0,0,0,0,0,0,0,0,0,0,0,0,0,0,0,0,0,0,0,0,0,0,0,0,0,0,0,0,0,0,0,0,0,0,0,0,0,0,0,0,0,0,0,0,0,0,0,0,0,0,0,0,0,0,2,0,0,0,0,0,0,0,0,0,0,2,0,0,0,0,0,2,0,0,0,0,0,0,0,2,0,0,0,0,0,0,0,0,0,0,0,0,0,0,0,0,0,0,0,0,0,0,0,0,0,0,0,0,334,82,22,13,22,0,13,0,6,11,2,15,7,8,24,45,19,24,35,0,262,45,4,1,2,1,0,2,0,1,0,2,4,0,4,2,4,3,0,36,1,0,2,3,0,0,0,0,0,0,1,0,0,1,0,1,0,1,0,0,1,0,1,2,0,0,1,0,0,1,0,0,0,0,0,0,0,1,0,1,0,1,0,0,148,44,11,7,11,0,7,0,9,4,6,15,1,24,11,15,18,0,108,5,4,136,31,10,3,10,0,3,0,4,2,3,4,1,16,5,4,13,0,115,1,3,2,0,0,0,0,0,0,0,0,0,0,0,0,0,0,0,0,0,206,41,11,4,7,6,52,11,3,3,2,0,76,30,8,6,6,0,0,0,0,0,44,35,0,0,0,0,0,0,0,0,,,,,,,,,,,,,0,0,0,0,,,,,0.245508982,0.065868263,0.017964072,0.04491018,0.134730539,0.088888889,0.022222222,0,1.5,0,0,0,0,0,0.297297297,0.074324324,0.027027027,0.227941176,0.073529412,0.014705882,,,,,,,0,0,0,0,0,1,0,0,1,0,0,0,,,,,,,0,0,0,0,0,1,0,0,1,0,0,0,,,,,,,,,,,,,,,,,,,,,,,,,,,,,,,,,,,,,,,,,,,,,,,,,,,,,,,,,,,,,,,,,,,,,,,,,0.628571429,,1,0,0.703125,0.296875,0.071856287,0.020958084,0.023952096,0.104790419,0,0.784431138,0.032934132,0.005988024,0.333333333,,1,0,0.666666667,0.333333333,0.088888889,0.022222222,0,0.066666667,0,0.8,0.044444444,0,,,,,1,0,0.5,0,0.5,0,0,0.5,0,0,0,,1,0,0,1,0,0,0,0.5,0,0.5,0,0,0.611111111,,1,0,0.685714286,0.314285714,0.101351351,0.033783784,0.027027027,0.121621622,0,0.72972973,0.040540541,0.006756757,0.769230769,,1,0,0.761904762,0.238095238,0.029411765,0.007352941,0.022058824,0.095588235,0,0.845588235,0.022058824,0.007352941,0,0,1,,,0,,,0,0.199029126,0.053398058,0.616766467,0.211538462,0.057692308,0.155688623,0.394736842,0.105263158,0.22754491,,1.257142857,Dragan Apic,Leche Rio Breogan,1322,34,FALSE
SPAIN,2024-2025,34877,5,0,0,0,0,0,0,0,0,0,0,0,0,0,0,0,0,0,0,0,0,0,0,0,0,0,0,0,0,0,0,0,0,0,0,0,0,0,0,0,0,0,0,0,0,0,0,0,0,0,0,0,0,0,0,0,0,0,0,0,0,0,0,0,0,0,0,0,0,0,0,0,0,0,0,0,0,0,0,0,0,0,0,0,0,0,0,0,0,0,0,0,0,0,0,0,0,0,0,0,0,0,0,0,0,0,0,0,0,0,0,0,0,0,0,0,0,0,0,0,0,0,0,0,0,0,0,0,0,0,0,0,0,0,0,0,0,0,0,0,0,0,0,0,0,0,0,0,0,0,0,0,0,0,0,0,0,0,0,0,0,0,0,5,0,0,0,0,0,0,0,0,0,0,0,0,0,0,0,0,0,0,0,5,1,0,0,0,0,0,0,0,0,0,0,0,0,0,0,0,0,0,1,0,0,0,0,0,0,0,0,0,0,0,0,0,0,0,0,0,0,0,0,0,0,0,0,0,0,0,0,0,0,0,0,0,0,0,0,0,0,0,0,0,0,0,0,1,0,0,0,0,0,0,0,0,0,0,0,0,0,0,0,0,0,1,0,0,3,0,0,0,0,0,0,0,0,0,0,0,0,0,0,0,0,0,3,0,0,0,0,0,0,0,0,0,0,0,0,0,0,0,0,0,0,0,0,1,0,0,0,0,0,2,0,0,0,0,0,2,0,0,0,0,0,0,0,0,0,0,0,0,0,,,,,,,,,,,,,,,,,,,,,,,,,,,0,0,0,0,0,0,0,0,,,,,,,0,0,0,0,0,0,,,,,,,,,,,,,,,,,,,,,,,,,,,,,,,,,,,,,,,,,,,,,,,,,,,,,,,,,,,,,,,,,,,,,,,,,,,,,,,,,,,,,,,,,,,,,,,,,,,,,,,,,,,,,,,,,,,0,0,0,0,0,1,0,0,,,,,,,0,0,0,0,0,1,0,0,,,,,,,,,,,,,,,,,,,,,,,,,,,,,,,,,,,0,0,0,0,0,1,0,0,,,,,,,0,0,0,0,0,1,0,0,,,,,,,,,,0,0,0.2,0,0,0.4,0,0,0.4,,,Armel Traore,BAXI Manresa,1330,5,FALSE
SPAIN,2024-2025,35556,6,0,0,0,0,0,0,0,0,0,0,0,0,0,0,0,0,0,0,0,0,0,0,0,0,0,0,0,0,0,0,0,0,0,0,0,0,0,0,0,0,0,0,0,0,0,0,0,0,0,0,0,0,0,0,0,0,0,0,0,0,0,0,0,0,0,0,0,0,0,0,0,0,0,0,0,0,0,0,0,0,0,0,0,0,0,0,0,0,0,0,0,0,0,0,0,0,0,0,0,0,0,0,0,0,0,0,0,0,0,0,0,0,0,0,0,0,0,0,0,0,0,0,0,0,0,0,0,0,0,0,0,0,0,0,0,0,0,0,0,0,0,0,0,0,0,0,0,0,0,0,0,0,0,0,0,0,0,0,0,0,0,0,33,6,3,0,3,0,0,0,0,1,0,0,0,0,1,4,0,1,3,0,28,6,0,0,0,0,0,0,0,0,0,0,0,0,0,0,0,0,0,6,0,0,0,0,0,0,0,0,0,0,0,0,0,0,0,0,0,0,0,0,0,0,0,1,0,0,0,0,0,0,0,0,0,0,0,0,0,0,0,0,0,1,0,0,11,2,1,0,1,0,0,0,0,0,1,0,0,2,0,0,1,0,9,0,0,15,4,2,0,2,0,0,0,0,0,0,1,0,2,0,1,2,0,12,0,0,0,0,0,0,0,0,0,0,0,0,0,0,0,0,0,0,0,0,26,6,3,0,0,0,2,0,0,0,0,0,5,0,0,0,0,0,0,0,0,0,6,3,0,0,,,,,,,,,,,,,,,,,,,,,,,,,,,0.181818182,0.090909091,0,0,0.121212121,0,0,0,,,,0,0,0,0.181818182,0.090909091,0,0.266666667,0.133333333,0,,,,,,,,,,,,,,,,,,,,,,,,,,,,,,,,,,,,,,,,,,,,,,,,,,,,,,,,,,,,,,,,,,,,,,,,,,,,,,,,,,,,,,,,,,,,,,,,,,,,,,,,,,,,,1,,1,0,1,0,0.03030303,0,0,0.090909091,0,0.848484848,0.03030303,0,,,,,,,0,0,0,0,0,1,0,0,,,,,,,,,,,,,,,,,,,,,0,0,0,0,0,1,0,0,1,,1,0,1,0,0,0,0,0.090909091,0,0.818181818,0.090909091,0,1,,1,0,1,0,0.066666667,0,0,0.133333333,0,0.8,0,0,,,,,,,,,,0.230769231,0.115384615,0.787878788,0,0,0.060606061,0,0,0.151515152,,2,EJ Onu,Leche Rio Breogan,1322,6,FALSE
SPAIN,2024-2025,59209,3,0,0,0,0,0,0,0,0,0,0,0,0,0,0,0,0,0,0,0,0,0,0,0,0,0,0,0,0,0,0,0,0,0,0,0,0,0,0,0,0,0,0,0,0,0,0,0,0,0,0,0,0,0,0,0,0,0,0,0,0,0,0,0,0,0,0,0,0,0,0,0,0,0,0,0,0,0,0,0,0,0,0,0,0,0,0,0,0,0,0,0,0,0,0,0,0,0,0,0,0,0,0,0,0,0,0,0,0,0,0,0,0,0,0,0,0,0,0,0,0,0,0,0,0,0,0,0,0,0,0,0,0,0,0,0,0,0,0,0,0,0,0,0,0,0,0,0,0,0,0,0,0,0,0,0,0,0,0,0,0,0,0,17,2,1,2,1,0,2,0,0,0,0,0,0,0,0,1,2,0,3,0,14,3,0,0,0,0,0,0,0,0,0,0,0,0,0,0,0,0,0,3,0,0,0,0,0,0,0,0,0,0,0,0,0,0,0,0,0,0,0,0,0,0,0,0,0,0,0,0,0,0,0,0,0,0,0,0,0,0,0,0,0,0,0,0,4,2,1,0,1,0,0,0,0,0,0,0,0,1,0,0,1,0,3,0,0,10,0,0,2,0,0,2,0,0,0,0,0,0,0,2,0,2,0,8,0,0,0,0,0,0,0,0,0,0,0,0,0,0,0,0,0,0,0,0,13,2,1,2,0,0,2,0,0,0,0,0,2,0,0,0,0,0,0,0,0,0,2,3,0,0,,,,,,,,,,,,,,,,,,,,,,,,,,,0.117647059,0.058823529,0,0,0.058823529,0,0,0,,,,,,,0.5,0.25,0,0,0,0,,,,,,,,,,,,,,,,,,,,,,,,,,,,,,,,,,,,,,,,,,,,,,,,,,,,,,,,,,,,,,,,,,,,,,,,,,,,,,,,,,,,,,,,,,,,,,,,,,,,,,,,,,,,,0.333333333,,1,0,0.333333333,0.666666667,0,0,0,0.176470588,0,0.823529412,0,0,,,,,,,0,0,0,0,0,1,0,0,,,,,,,,,,,,,,,,,,,,,,,,,,,,,1,,1,0,1,0,0,0,0,0.25,0,0.75,0,0,0,,1,0,0,1,0,0,0,0.2,0,0.8,0,0,,,,,,,,,,0.153846154,0.076923077,0.764705882,0,0,0.117647059,0,0,0.117647059,,0.666666667,Youssouf Traore,Casademont Zaragoza,1331,3,FALSE
SPAIN,2024-2025,59281,30,3,0,0,2,0,0,1,1,0,0,0,0,0,0,0,0,1,1,0,0,2,0,0,0,2,1,0,0,0,0,0,0,0,0,0,0,0,0,0,0,0,0,0,0,0,0,0,0,0,0,0,0,0,0,1,0,0,1,0,0,0,1,0,0,0,0,0,0,1,0,1,0,0,0,0,0,0,0,0,0,0,0,0,0,0,0,0,0,0,0,0,0,0,0,0,0,0,0,0,0,0,0,0,0,0,0,0,0,1,0,0,0,0,0,0,0,0,0,0,1,0,0,0,0,0,1,0,0,0,0,0,0,0,1,0,1,0,0,1,0,0,1,0,0,0,0,0,0,0,1,0,1,0,0,0,0,0,0,0,0,0,0,41,3,1,5,0,1,2,3,1,1,0,0,0,0,2,2,6,2,6,0,31,8,0,0,1,0,0,1,0,0,0,0,0,0,0,1,0,1,0,7,0,0,0,0,0,0,0,0,0,0,0,0,0,0,0,0,0,0,0,0,0,0,0,0,0,0,0,0,0,0,0,0,0,0,0,0,0,0,0,0,0,0,0,0,18,3,1,2,0,1,0,2,0,1,1,0,0,2,3,0,3,0,13,0,0,14,0,0,2,0,0,1,1,0,0,0,2,0,0,2,2,2,0,10,0,0,0,0,0,0,0,0,1,0,0,1,0,0,2,0,0,1,0,0,25,0,0,4,0,0,4,0,0,1,0,0,12,3,1,0,0,1,0,2,0,0,3,6,0,0,0,0,0,0,0,0,0,0,0,0,,,,,,,,,0,0,0,0,0,0,0,0,0.073170732,0.024390244,0.024390244,0,0.048780488,0,0,0,,,,,,,0.166666667,0.055555556,0.055555556,0,0,0,0,0,0.5,0.5,0,1,0,0,0,0,0,0.333333333,0,0.666666667,0.333333333,0,0,0,,,,,,,0,0,0,0,0,1,0,0,1,0,0,0,0,,1,0,0,1,0,0,0,0,0,0,0,1,0,0,0,0,,0,0,1,0,1,0,0,0,0,0,0,0,1,0,0,0,0,,,,,,,,,,,,,,,,,,,,,,,,,,,,,,,,,,,,,0,0.25,0.333333333,0.666666667,0.25,0.75,0.048780488,0,0,0.146341463,0,0.756097561,0.024390244,0,0,,1,0,0,1,0,0,0,0.125,0,0.875,0,0,,,,,,,,,,,,,,,,,,,,,,,,,,,,,,0.333333333,0,1,0.4,0.6,0,0,0,0.166666667,0,0.722222222,0.055555556,0,0,0,0.5,0.5,0,1,0.142857143,0,0,0.142857143,0,0.714285714,0,0,,,0,0,0,0.333333333,0,0,0.666666667,0,0,0.609756098,0,0,0.097560976,0.25,0.083333333,0.292682927,0,0.5,Edo Muric,ICG Forca Lleida,1323,30,FALSE
SPAIN,2024-2025,59225,28,17,11,2,6,2,0,3,3,4,2,1,3,2,1,1,2,8,3,5,6,10,3,1,2,8,5,0,0,0,0,0,0,0,0,0,0,0,0,0,0,0,0,0,0,0,0,0,0,0,0,0,0,0,0,9,6,2,3,2,0,1,2,1,1,1,4,1,3,4,1,5,3,0,1,0,0,1,0,1,2,2,0,0,0,0,0,0,0,0,0,0,0,0,0,0,0,0,0,0,0,0,0,0,0,0,0,0,0,4,0,0,2,0,0,1,1,0,2,1,1,0,1,4,0,2,1,0,0,0,0,0,0,0,0,1,4,5,0,1,0,0,1,0,2,1,0,3,0,2,2,2,1,1,0,1,1,1,1,1,1,1,2,86,20,8,2,7,1,1,1,2,4,0,1,0,1,7,12,4,3,10,4,65,18,4,2,0,2,0,0,0,0,1,1,0,0,3,1,0,2,0,14,0,0,0,0,0,0,0,0,0,0,0,0,0,0,0,0,0,0,0,0,0,0,0,0,0,0,0,0,0,0,0,0,0,0,0,0,0,0,0,0,0,0,0,0,49,8,4,2,4,0,1,1,0,1,2,2,0,5,3,0,6,2,40,0,0,19,8,2,0,1,1,0,0,1,0,1,5,0,4,0,3,2,2,11,0,1,6,7,1,2,2,1,1,0,0,1,0,0,10,4,1,3,1,3,42,12,4,1,1,1,17,0,0,1,0,1,27,8,4,0,0,0,4,8,1,0,17,10,0,0,0.647058824,0.117647059,0.235294118,0.176470588,0.176470588,0.352941176,0.666666667,0.222222222,0.111111111,0.111111111,,,,,,,,,0,0,0.5,0,1.25,0,0.25,0.5,0.23255814,0.093023256,0.023255814,0.011627907,0.139534884,0.222222222,0.111111111,0.055555556,,,,,,,0.163265306,0.081632653,0.020408163,0.421052632,0.105263158,0,0.4,0,0.625,0.375,0.375,0.625,0.176470588,0.117647059,0.058823529,0.058823529,0.117647059,0.176470588,0.294117647,0.470588235,0.294117647,0,0.117647059,0.058823529,0,0,0.5,0.5,0.2,0.8,0,0,0,0,0,0,0.25,0.5,0.25,0,0.25,0,0,,1,0,0.5,0.5,0.5,0.25,0.25,0.25,0.25,0.25,0.5,0.25,0.25,0,0,0,0.666666667,0,0.6,0.4,0.428571429,0.571428571,0.111111111,0.111111111,0,0,0.111111111,0.222222222,0.222222222,0.555555556,0.333333333,0,0.111111111,0.111111111,,,,,,,,,,,,,,,,,,,,,,,,,,,,,,,,,,,,,0.875,0.5,0.8,0.2,0.75,0.25,0.034883721,0,0.011627907,0.11627907,0.046511628,0.755813953,0.046511628,0,1,,1,0,0.75,0.25,0,0,0,0.111111111,0,0.777777778,0.055555556,0,,,,,,,,,,,,,,,,,,,,,,,,,,,,,0.8,0,0.833333333,0.166666667,0.625,0.375,0,0,0,0.12244898,0.040816327,0.816326531,0.040816327,0,1,1,0.5,0.5,1,0,0.157894737,0,0.052631579,0.105263158,0.105263158,0.578947368,0.052631579,0,1.166666667,0.166666667,0.352941176,0,0,0.058823529,0.4,0.1,0.588235294,0.285714286,0.095238095,0.488372093,0,0,0.197674419,0.296296296,0.148148148,0.313953488,0.473933649,1.7,Tadas Sedekerskis,Bitci Baskonia,1326,28,FALSE
SPAIN,2024-2025,59283,3,1,0,0,1,0,0,1,0,0,0,0,0,0,0,0,0,0,0,0,0,1,0,0,0,1,0,0,0,0,0,0,0,0,0,0,0,0,0,0,0,0,0,0,0,0,0,0,0,0,0,0,0,0,0,1,0,0,1,0,0,1,0,0,0,0,0,0,0,1,0,1,0,0,0,0,0,0,0,0,0,0,0,0,0,0,0,0,0,0,0,0,0,0,0,0,0,0,0,0,0,0,0,0,0,0,0,0,0,0,0,0,0,0,0,0,0,0,0,0,0,0,0,0,0,0,0,0,0,0,0,0,0,0,0,0,0,0,0,0,0,0,0,0,0,0,0,0,0,0,0,0,0,0,0,0,0,0,0,0,0,0,0,1,0,0,0,0,0,0,0,0,0,0,0,0,0,0,0,0,0,0,0,1,0,0,0,0,0,0,0,0,0,0,0,0,0,0,0,0,0,0,0,0,0,0,0,0,0,0,0,0,0,0,0,0,0,0,0,0,0,0,0,0,0,0,0,0,0,0,0,0,0,0,0,0,0,0,0,0,0,0,0,0,0,0,0,1,0,0,0,0,0,0,0,0,0,0,0,0,0,0,0,0,0,1,0,0,0,0,0,0,0,0,0,0,0,0,0,0,0,0,0,0,0,0,0,0,0,0,0,0,0,0,0,0,0,0,0,0,0,1,0,0,1,0,0,0,0,0,0,0,0,0,0,0,0,0,0,1,0,0,0,0,0,0,1,0,0,0,0,0,0,0,0,0,0,0,0,0,0,0,0,,,,,,,,,,,,,,,,,0,0,0,0,0,,,,,,,,,,0,0,0,,,,0,,1,0,0,1,0,0,0,0,0,0,0,1,0,0,0,0,,,,,,,,,,,,,,,,,,,,,,,,,,,,,,,,,,,,,0,,1,0,0,1,0,0,0,0,0,0,0,1,0,0,0,0,,,,,,,,,,,,,,,,,,,,,,,,,,,,,,,,,,,,,,,,,,,0,0,0,0,0,1,0,0,,,,,,,,,,,,,,,,,,,,,,,,,,,,,,,,,,,,,,,,,,,,,,,,,0,0,0,0,0,1,0,0,,,,,,,,,,,,,,,,,0,,,0,0,0,1,,,0,,,0,0,0,1,0,,Matthieu Grujicic,BC Barcelona,1340,3,FALSE
SPAIN,2024-2025,22728,11,9,7,1,3,1,0,3,0,0,0,1,2,1,1,1,1,5,3,2,3,3,4,2,2,4,1,0,0,0,0,0,0,0,0,0,0,0,0,0,0,0,0,0,0,0,0,0,0,0,0,0,0,0,0,1,0,0,1,0,0,1,0,0,0,0,0,0,0,1,0,1,0,0,0,0,0,0,0,0,0,0,0,0,0,0,0,0,0,0,0,0,0,0,0,0,0,0,0,0,0,0,0,0,0,0,0,0,0,7,7,1,2,1,0,2,0,2,0,0,4,1,3,2,4,3,0,0,1,1,1,1,2,2,2,2,1,0,0,0,0,0,0,0,0,0,0,1,0,0,0,0,0,1,0,0,0,0,0,0,0,1,0,3,0,0,0,0,0,0,0,0,0,0,0,0,0,0,0,0,0,0,0,3,1,0,0,0,0,0,0,0,0,0,0,0,0,0,0,0,0,0,1,0,0,0,0,0,0,0,0,0,0,0,0,0,0,0,0,0,0,0,0,0,0,0,0,0,0,0,0,0,0,0,0,0,0,0,0,0,0,0,0,0,0,0,0,0,0,0,0,0,0,0,0,0,0,0,0,0,0,0,0,0,0,0,0,0,2,0,0,0,0,0,0,0,0,0,0,0,0,0,0,0,0,0,2,0,0,3,5,0,0,2,0,2,0,0,1,0,0,4,2,1,2,0,0,2,0,0,0,0,0,1,0,0,0,0,0,0,0,0,0,0,0,2,4,0,0,0,0,0,0,0.777777778,0.111111111,0,0.222222222,0.444444444,0.333333333,0,0,0,0,,,,,,,,,1,0.142857143,0,0.285714286,0,0,0,0,0,0,0,0,0,0,0,0,,,,,,,,,,0,0,0,0.25,,1,0,0.5,0.5,0.444444444,0.111111111,0.111111111,0.111111111,0.111111111,0.333333333,0.222222222,0.444444444,0.111111111,0,0,0.111111111,0.333333333,,1,0,0.6,0.4,0.571428571,0.142857143,0.142857143,0.142857143,0.142857143,0.285714286,0.285714286,0.428571429,0,0,0,0.142857143,,,,,,,0,0,0,0,0,1,0,0,1,0,0,0,0,,1,0,0,1,0,0,0,0,0,0,0,1,0,0,0,0,,,,,,,,,,,,,,,,,,,,,,,,,,,,,,,,,,,,,,,,,,,0,0,0,0,0,1,0,0,,,,,,,0,0,0,0,0,1,0,0,,,,,,,,,,,,,,,,,,,,,,,,,,,,,,,,,,,,,,,,,,,,,,,,,0,0,0,0,0,1,0,0,1.666666667,0,0.333333333,0,0,0.222222222,0.5,0.25,0.444444444,0,0,0.666666667,0,0,0.333333333,,,0,0.5,,LJ Figueroa,Leyma Coruna,1321,11,FALSE
SPAIN,2024-2025,19271,3,29,24,4,6,3,1,4,2,3,5,3,5,4,1,2,3,15,5,10,13,9,11,4,7,10,4,0,0,0,0,0,0,0,0,0,0,0,0,0,0,0,0,0,0,0,0,0,0,0,0,0,0,0,0,0,0,0,0,0,0,0,0,0,0,0,0,0,0,0,0,0,0,0,0,0,0,0,0,0,0,0,1,0,0,1,0,0,1,0,0,0,0,0,1,0,1,0,1,0,0,0,0,0,0,0,0,0,0,21,18,2,3,2,0,3,0,5,3,4,12,2,11,6,8,5,4,0,4,1,2,3,2,6,3,9,7,6,2,2,1,1,0,2,0,0,1,3,0,2,2,3,4,0,0,0,0,0,0,2,1,2,1,0,0,0,0,0,0,0,0,0,0,0,0,0,0,0,0,0,0,0,0,0,0,0,0,0,0,0,0,0,0,0,0,0,0,0,0,0,0,0,0,0,0,0,0,0,0,0,0,0,0,0,0,0,0,0,0,0,0,0,0,0,0,0,0,0,0,0,0,0,0,0,0,0,0,0,0,0,0,0,0,0,0,0,0,0,0,0,0,0,0,0,0,0,0,0,0,0,0,0,0,0,0,0,0,0,0,0,0,0,0,0,0,0,0,0,0,0,0,0,0,0,0,0,0,0,0,19,16,2,2,4,3,2,1,0,0,0,0,8,7,2,4,1,0,0,0,0,0,0,0,0,0,0,0,0,0,0,0,0,0,0,0,9,10,7,4,0,0,0,0,0.827586207,0.137931034,0.103448276,0.172413793,0.379310345,0.448275862,,,,,,,,,0,0,0,0,0.857142857,0.095238095,0.142857143,0.238095238,0.857142857,0.285714286,0,0,,,,,,,,,,,,,,,,,,,,,0.428571429,0.333333333,0.7,0.3,0.590909091,0.409090909,0.379310345,0.137931034,0.034482759,0.068965517,0.103448276,0.172413793,0.344827586,0.344827586,0.137931034,0,0.172413793,0.103448276,0.4,,1,0,0.647058824,0.352941176,0.380952381,0.19047619,0.047619048,0.095238095,0.142857143,0.142857143,0.428571429,0.238095238,0.19047619,0,0.19047619,0.095238095,1,0.333333333,0.25,0.75,0.5,0.5,0.428571429,0,0,0,0,0.285714286,0.142857143,0.571428571,0,0,0.142857143,0,,,,,,,,,,,,,,,,,,,0,,1,0,0,1,0,0,0,0,0,0,0,1,0,0,0,1,,,,,,,,,,,,,,,,,,,,,,,,,,,,,,,,,,,,,,,,,,,,,,,,,,,,,,,,,,,,,,,,,,,,,,,,,,,,,,,,,,,,,,,,,,,,,,,,,,,,,,,0.842105263,0.105263158,0.655172414,0.5,0,0.068965517,0.875,0.25,0.275862069,,,,,,,,,,0.993883792,,Alonzo Verge,Leyma Coruna,1321,3,FALSE
SPAIN,2024-2025,35013,33,34,20,6,13,6,0,11,2,1,1,0,3,2,1,2,1,14,9,5,9,14,10,6,4,19,4,0,0,0,0,0,0,0,0,0,0,0,0,0,0,0,0,0,0,0,0,0,0,0,0,0,0,0,0,12,4,1,6,1,0,5,1,1,1,0,4,0,2,7,2,7,2,0,1,0,1,0,2,0,3,1,0,0,0,0,0,0,0,0,0,0,0,0,0,0,0,0,0,0,0,0,0,0,0,0,0,0,0,16,11,4,6,4,0,5,1,1,0,0,6,0,5,6,5,10,1,0,0,1,0,1,2,3,3,3,6,5,1,1,1,0,1,0,1,0,1,4,0,2,1,3,2,1,0,1,0,1,0,2,1,3,1,11,0,0,1,0,0,1,0,0,0,1,0,0,0,0,0,1,0,1,0,10,2,0,0,0,0,0,0,0,0,0,0,0,0,0,0,0,0,0,2,0,0,0,0,0,0,0,0,0,0,0,0,0,0,0,0,0,0,0,0,0,0,0,0,0,0,0,0,0,0,0,0,0,0,0,0,0,0,0,0,0,0,0,0,4,0,0,0,0,0,0,0,0,0,0,0,0,0,0,0,0,0,4,0,0,5,0,0,1,0,0,1,0,0,0,0,0,1,0,1,0,1,0,4,0,0,7,5,2,2,0,1,13,9,2,6,2,0,14,6,2,5,1,0,3,0,0,1,0,0,3,0,0,0,0,0,5,0,0,0,0,0,12,19,1,1,0,1,0,0,0.588235294,0.176470588,0.029411765,0.088235294,0.294117647,0.264705882,0.333333333,0.083333333,0.083333333,0.083333333,,,,,,,,,0.6875,0.25,0,0.0625,0.833333333,0.166666667,0,0.166666667,0,0,0,0,0,0,0,0,,,,,,,0,0,0,0,0,0,0.352941176,0,0.894736842,0.105263158,0.391304348,0.608695652,0.294117647,0.058823529,0.029411765,0.058823529,0.029411765,0.264705882,0.147058824,0.558823529,0.117647059,0,0.029411765,0,0.444444444,0,0.9,0.1,0.454545455,0.545454545,0.3125,0,0.0625,0,0.0625,0.1875,0.1875,0.625,0.0625,0,0,0,0.5,,1,0,0.666666667,0.333333333,0.5,0.166666667,0,0.166666667,0,0.5,0.166666667,0.333333333,0.166666667,0,0.166666667,0,0.166666667,0,0.857142857,0.142857143,0.222222222,0.777777778,0.166666667,0.083333333,0,0.083333333,0,0.25,0.083333333,0.583333333,0.166666667,0,0,0,,,,,,,,,,,,,,,,,,,,,,,,,,,,,,,,,,,,,0,,1,0,0,1,0,0,0,0.090909091,0,0.909090909,0,0.090909091,,,,,,,0,0,0,0,0,1,0,0,,,,,,,,,,,,,,,,,,,,,,,,,,,,,,,,,,,0,0,0,0,0,1,0,0,0,,1,0,0,1,0,0,0,0.2,0,0.8,0,0.2,0.714285714,0.285714286,0.205882353,0.692307692,0.153846154,0.382352941,0.428571429,0.142857143,0.411764706,0,0,0.272727273,0,0,0.272727273,0,0,0.454545455,0.66872428,0,Justin Anderson,BC Barcelona,1340,33,FALSE
SPAIN,2024-2025,8876,31,495,465,78,93,39,39,51,42,44,10,2,111,76,35,52,59,300,158,142,196,137,188,80,108,171,112,0,2,3,0,0,0,0,0,0,1,1,0,1,0,1,1,1,0,0,0,0,1,0,1,0,1,0,1,52,57,10,14,3,7,6,8,12,5,1,25,0,23,19,18,24,7,0,8,4,5,7,7,11,10,15,5,5,1,1,0,1,0,1,1,0,0,3,0,2,1,2,2,1,0,1,0,1,0,2,0,3,0,348,304,50,60,27,23,38,22,75,33,9,220,2,131,93,135,110,85,0,55,20,40,35,63,72,122,98,88,96,17,18,9,8,7,11,22,5,0,51,0,39,23,32,35,19,0,12,10,6,16,8,24,23,28,4,0,0,1,0,0,0,1,0,0,0,0,0,0,0,0,1,0,1,0,3,2,0,0,0,0,0,0,0,0,0,0,0,0,0,0,0,0,0,2,0,0,0,0,0,0,0,0,0,0,0,0,0,0,0,0,0,0,0,0,0,0,0,0,0,0,0,0,0,0,0,0,0,0,0,0,0,0,0,0,0,0,0,0,0,0,0,0,0,0,0,0,0,0,0,0,0,0,0,0,0,0,0,0,0,2,0,0,1,0,0,0,1,0,0,0,0,0,0,1,0,1,0,1,0,0,260,249,44,50,57,28,56,42,6,13,12,6,179,174,28,30,42,10,2,0,0,0,0,0,2,0,0,1,0,0,0,0,0,0,0,0,195,171,16,13,0,1,0,0,0.939393939,0.157575758,0.088888889,0.224242424,0.37979798,0.395959596,1.096153846,0.192307692,0.096153846,0.230769231,1.5,0,0.5,0.5,1,0.2,0,0.2,0.873563218,0.143678161,0.094827586,0.215517241,1.090909091,0.193181818,0.056818182,0.25,0,0,0,0,0,0,0,0,,,,,,,,,,0,0,0,0.433333333,0.481481481,0.526315789,0.473684211,0.588588589,0.411411411,0.37979798,0.153535354,0.070707071,0.105050505,0.119191919,0.319191919,0.286868687,0.345454545,0.226262626,0,0.02020202,0.004040404,0.415384615,0.511111111,0.590909091,0.409090909,0.584821429,0.415178571,0.387931034,0.158045977,0.057471264,0.114942529,0.100574713,0.350574713,0.281609195,0.316091954,0.244252874,0,0.025862069,0.005747126,0.5625,0.421052632,0.457142857,0.542857143,0.629032258,0.370967742,0.363636364,0.136363636,0.113636364,0.068181818,0.181818182,0.261363636,0.318181818,0.397727273,0.215909091,0,0,0,0.333333333,0.466666667,0.375,0.625,0.547619048,0.452380952,0.346153846,0.153846154,0.076923077,0.096153846,0.134615385,0.192307692,0.288461538,0.461538462,0.134615385,0,0.019230769,0,,0.5,0,1,0.666666667,0.333333333,0.4,0.2,0,0.2,0,0.6,0,0.4,0.2,0,0,0,,,,,0.5,0.5,0.5,0,0.5,0,0.5,0,0.5,0,0,0,0,0,,0,0,1,0,1,0,0,0,0.25,0,0.75,0,0,,,,,,,0,0,0,0,0,1,0,0,,,,,,,,,,,,,,,,,,,,,,,,,,,,,,,,,,,,,,,,,,,,0,0,1,0,1,0,0,0,0.5,0,0.5,0,0,0.957692308,0.169230769,0.525252525,0.75,0.107142857,0.113131313,0.972067039,0.156424581,0.361616162,0,0,0.5,0,0,0.5,,,0,1.168276792,0,Brandon Taylor,Leyma Coruna,1321,31,FALSE
SPAIN,2024-2025,19405,12,79,47,8,19,5,3,13,6,8,9,3,9,7,2,4,5,43,18,25,24,27,27,7,20,27,16,0,0,0,0,0,0,0,0,0,0,0,0,0,0,0,0,0,0,0,0,0,0,0,0,0,0,0,0,14,0,0,6,0,0,5,1,0,1,1,7,1,1,7,4,6,3,0,0,0,0,0,0,4,3,4,0,0,0,0,0,0,0,0,0,0,0,0,0,0,0,0,0,0,0,0,0,0,0,0,0,0,0,53,41,7,11,4,3,8,3,8,5,7,28,2,20,16,19,18,9,0,7,1,4,4,5,14,12,16,12,6,1,2,1,0,0,2,1,2,1,8,0,3,4,4,3,4,0,0,1,0,1,2,2,3,5,12,0,0,2,0,0,2,0,0,0,0,0,0,0,0,0,2,0,2,0,10,3,0,0,1,0,0,1,0,0,0,0,0,0,0,1,0,1,0,2,0,0,0,0,0,0,0,0,0,0,0,0,0,0,0,0,0,0,0,0,0,0,0,0,0,0,0,0,0,0,0,0,0,0,0,0,0,0,0,0,0,0,0,0,4,0,0,1,0,0,1,0,0,0,0,0,0,0,1,0,1,0,3,0,0,5,0,0,0,0,0,0,0,0,0,0,0,0,0,0,0,0,0,5,0,0,58,39,8,12,6,4,4,3,0,1,1,1,17,5,0,6,2,3,9,0,0,2,0,0,3,0,0,0,0,0,0,0,0,0,0,0,19,27,14,8,0,2,0,0,0.594936709,0.101265823,0.101265823,0.113924051,0.341772152,0.303797468,0,0,0.071428571,0,,,,,,,,,0.773584906,0.132075472,0.094339623,0.150943396,0.5,0.083333333,0.166666667,0.083333333,0,0,0,0,0,0,0,0,,,,,,,0,0,0,0,0,0,0.277777778,0.333333333,0.666666667,0.333333333,0.470588235,0.529411765,0.341772152,0.088607595,0.025316456,0.050632911,0.063291139,0.227848101,0.316455696,0.341772152,0.202531646,0,0.113924051,0.037974684,0.333333333,0.5,0.666666667,0.333333333,0.555555556,0.444444444,0.358490566,0.132075472,0.018867925,0.075471698,0.075471698,0.226415094,0.301886792,0.339622642,0.169811321,0,0.132075472,0.037735849,1,0,0.333333333,0.666666667,0.428571429,0.571428571,0.333333333,0,0.083333333,0,0.083333333,0.25,0.416666667,0.25,0.333333333,0,0.083333333,0,0,0,0.833333333,0.166666667,0.125,0.875,0.285714286,0,0,0,0,0.214285714,0.285714286,0.428571429,0.214285714,0,0.071428571,0.071428571,,,,,,,,,,,,,,,,,,,,,,,,,,,,,,,,,,,,,0,,1,0,0,1,0,0,0,0.166666667,0,0.833333333,0,0,0,,1,0,0,1,0,0,0,0.333333333,0,0.666666667,0,0,,,,,,,,,,,,,,,,,,,,,,,,,,,,,0,,1,0,0,1,0,0,0,0.25,0,0.75,0,0,,,,,,,0,0,0,0,0,1,0,0,0.672413793,0.137931034,0.734177215,0.75,0,0.050632911,0.294117647,0,0.215189873,0,0,0.75,0,0,0.25,,,0,0.814234017,0,Omar Silverio,Coviran Granada,1319,12,TRUE
SPAIN,2024-2025,35062,19,7,7,2,3,2,0,1,2,0,0,0,1,0,1,0,1,2,1,1,3,3,1,0,1,5,1,0,0,0,0,0,0,0,0,0,0,0,0,0,0,0,0,0,0,0,0,0,0,0,0,0,0,0,0,2,2,1,0,1,0,0,0,0,0,0,1,0,1,0,0,1,1,0,0,0,0,0,0,0,1,0,0,0,0,0,0,0,0,0,0,0,0,0,0,0,0,0,0,0,0,0,0,0,0,0,0,0,0,4,3,0,3,0,0,1,2,1,0,0,1,0,1,3,1,3,0,0,0,1,0,1,0,1,0,1,1,2,1,0,1,0,0,0,0,0,0,0,0,1,0,0,1,0,0,0,0,0,0,0,0,0,0,47,16,6,5,5,1,5,0,1,2,1,1,0,1,5,9,6,5,11,0,29,8,2,1,1,1,0,1,0,0,0,0,2,1,1,1,2,2,0,4,0,0,0,0,0,0,0,0,0,0,0,0,0,0,0,0,0,0,0,0,0,0,0,1,0,0,0,0,0,0,0,0,0,0,0,0,0,0,0,0,0,1,0,0,18,6,3,1,3,0,1,0,0,1,2,1,0,5,2,1,4,0,11,0,0,20,8,2,3,1,1,3,0,1,0,0,2,0,3,3,2,5,0,13,0,1,6,5,1,3,1,0,0,0,0,0,0,0,1,2,1,0,0,0,15,7,3,1,0,0,14,7,2,1,1,1,18,2,1,3,0,0,4,5,0,0,13,11,0,0,1,0.285714286,0,0.142857143,0.142857143,0.428571429,1,0.5,0,0,,,,,,,,,0.75,0,0,0.25,2,1,0,0,0.340425532,0.127659574,0.021276596,0.021276596,0.191489362,0.25,0.125,0,,,,0,0,0,0.333333333,0.166666667,0.055555556,0.4,0.1,0,0.666666667,0,0.6,0.4,0.5,0.5,0.142857143,0,0.142857143,0,0.142857143,0.142857143,0.142857143,0.714285714,0.142857143,0,0,0,0,0,0.333333333,0.666666667,0.25,0.75,0.25,0,0.25,0,0.25,0,0.25,0.75,0,0,0,0,1,,1,0,1,0,0,0,0,0,0,0,0,1,0,0,0,0,1,,1,0,1,0,0,0,0,0,0,0.5,0,0.5,0.5,0,0,0,,,,,,,,,,,,,,,,,,,,,,,,,,,,,,,,,,,,,0.5,1,0.909090909,0.090909091,0.6,0.4,0.106382979,0,0.021276596,0.234042553,0,0.617021277,0.042553191,0.021276596,0.5,,1,0,0.5,0.5,0.25,0,0,0.25,0,0.5,0,0.125,,,,,,,,,,,,,,,,,,,,,0,0,0,0,0,1,0,0,0.75,,1,0,0.714285714,0.285714286,0.055555556,0,0,0.222222222,0,0.611111111,0.111111111,0,0.25,1,0.8,0.2,0.5,0.5,0.1,0,0.05,0.25,0,0.65,0,0,0.833333333,0.166666667,0.857142857,,,0,2,1,0.142857143,0.466666667,0.2,0.319148936,0.5,0.142857143,0.29787234,0.111111111,0.055555556,0.382978723,0.8,1.181818182,Gabriel Deck,Real Madrid,1338,19,FALSE
SPAIN,2024-2025,461,12,22,15,5,1,3,2,1,0,4,2,0,1,1,0,0,1,15,10,5,7,5,3,2,1,6,12,0,0,0,0,0,0,0,0,0,0,0,0,0,0,0,0,0,0,0,0,0,0,0,0,0,0,0,0,4,0,0,0,0,0,0,0,0,1,0,4,0,0,1,1,0,3,0,0,0,0,0,1,0,3,1,0,0,0,0,0,0,0,0,0,0,0,0,0,0,0,0,0,0,0,0,0,0,0,0,0,0,0,11,9,3,1,3,0,1,0,1,1,2,6,0,5,2,2,4,4,0,1,0,0,1,1,1,4,2,7,6,2,0,0,2,0,0,0,2,0,5,0,2,2,0,2,5,0,0,0,0,0,0,0,3,2,2,0,0,0,0,0,0,0,0,0,0,0,0,0,0,0,0,0,0,0,2,0,0,0,0,0,0,0,0,0,0,0,0,0,0,0,0,0,0,0,0,0,0,0,0,0,0,0,0,0,0,0,0,0,0,0,0,0,0,0,0,0,0,0,0,0,0,0,0,0,0,0,0,0,0,0,0,0,0,0,0,0,0,0,1,0,0,0,0,0,0,0,0,0,0,0,0,0,0,0,0,0,1,0,0,1,0,0,0,0,0,0,0,0,0,0,0,0,0,0,0,0,0,1,0,0,13,7,2,1,1,1,1,0,0,0,0,0,8,8,3,0,0,3,1,0,0,0,0,0,0,0,0,0,0,0,1,0,0,0,0,0,12,6,3,1,0,0,0,0,0.681818182,0.227272727,0.181818182,0.045454545,0.136363636,0.318181818,0,0,0.25,0,,,,,,,,,0.818181818,0.272727273,0.090909091,0.090909091,0.857142857,0.285714286,0.285714286,0,0,0,0,0,0,,,,,,,,,,0,0,0,0,0,0,0.75,1,0.666666667,0.333333333,0.583333333,0.416666667,0.136363636,0.045454545,0,0,0.045454545,0.454545455,0.227272727,0.272727273,0.545454545,0,0.090909091,0,0.75,,1,0,0.714285714,0.285714286,0.181818182,0.090909091,0,0,0.090909091,0.363636364,0.181818182,0.363636364,0.363636364,0,0.181818182,0,,1,0,1,0.5,0.5,0,0,0,0,0,0.428571429,0.285714286,0.285714286,0.714285714,0,0,0,,,,,0,1,0.25,0,0,0,0,0.75,0.25,0,0.75,0,0,0,,,,,,,,,,,,,,,,,,,,,,,,,,,,,,,,,,,,,,,,,,,0,0,0,0,0,1,0,0,,,,,,,,,,,,,,,,,,,,,,,,,,,,,,,,,,,,,,,,,,,,,,,,,0,0,0,0,0,1,0,0,,,,,,,0,0,0,0,0,1,0,0,0.538461538,0.153846154,0.590909091,0,0,0.045454545,1,0.375,0.363636364,0,0,0.5,,,0,0,0,0.5,1.775956284,,Dame Sarr Elhadji,BC Barcelona,1340,12,FALSE
SPAIN,2024-2025,59107,30,34,31,7,13,5,2,5,8,4,0,1,6,3,3,2,4,12,4,8,13,17,9,3,6,20,3,0,0,0,0,0,0,0,0,0,0,0,0,0,0,0,0,0,0,0,0,0,0,0,0,0,0,0,0,11,10,1,5,1,0,1,4,3,1,0,5,0,4,6,3,6,2,0,1,2,0,3,0,3,1,4,1,0,0,1,0,0,0,1,0,0,0,0,0,0,1,0,1,0,0,0,0,0,0,0,0,0,0,18,21,6,6,4,2,4,2,3,1,0,5,1,9,7,5,12,0,0,2,1,2,1,3,2,3,2,4,0,0,1,0,0,0,1,0,2,0,2,0,0,3,1,1,1,0,0,0,0,0,0,1,0,2,7,3,1,0,0,1,0,0,0,0,0,0,0,0,0,1,0,0,1,0,6,3,0,0,0,0,0,0,0,0,0,0,0,0,0,0,0,0,0,3,0,0,0,0,0,0,0,0,0,0,0,0,0,0,0,0,0,0,0,0,0,0,0,0,0,0,0,0,0,0,0,0,0,0,0,0,0,0,0,0,0,0,0,0,2,0,0,0,0,0,0,0,0,0,0,0,0,0,0,0,0,0,2,0,0,2,3,1,0,0,1,0,0,0,0,0,0,0,1,0,0,1,0,1,0,0,20,15,3,10,3,2,5,4,2,2,0,1,9,12,2,1,3,1,7,3,1,0,0,0,0,0,0,0,0,0,0,0,0,0,0,0,16,20,0,0,3,1,0,0,0.911764706,0.205882353,0.117647059,0.176470588,0.264705882,0.382352941,0.909090909,0.090909091,0.090909091,0.272727273,,,,,0,0,0,0,1.166666667,0.333333333,0.055555556,0.166666667,0,0,0.5,0,0.428571429,0.142857143,0,0,0.142857143,0,0,0,,,,,,,0,0,0,1.5,0.5,0,0.5,0.2,0.5,0.5,0.433333333,0.566666667,0.264705882,0.088235294,0.088235294,0.058823529,0.117647059,0.117647059,0.235294118,0.588235294,0.088235294,0,0,0.029411765,0.5,0.5,0.666666667,0.333333333,0.5625,0.4375,0.277777778,0.111111111,0.055555556,0.111111111,0.055555556,0.166666667,0.111111111,0.666666667,0,0,0,0.055555556,,0,0,1,0,1,0.25,0,0,0,0,0,0.5,0.25,0.25,0,0,0,0.5,0,0.333333333,0.666666667,0.4,0.6,0.272727273,0.090909091,0.181818182,0,0.272727273,0.090909091,0.363636364,0.545454545,0.181818182,0,0,0,,0,0,1,0,1,0,0,0,0,0,0,0,1,0,0,0,0,,,,,,,,,,,,,,,,,,,,1,0,1,1,0,0,0,0,0.142857143,0,0.857142857,0,0,,,,,,,0,0,0,0,0,1,0,0,,,,,,,,,,,,,,,,,,,,,,,,,,,,,,,,,,,0,0,0,0,0,1,0,0,,1,0,1,1,0,0,0,0,0.5,0,0.5,0,0,0.75,0.15,0.588235294,0.8,0.4,0.147058824,1.333333333,0.222222222,0.264705882,0.428571429,0.142857143,1,,,0,,,0,0.8,3,Aleksandar Aranitovic,Leche Rio Breogan,1322,30,FALSE
SPAIN,2024-2025,59260,19,66,40,5,11,3,2,4,7,4,0,1,11,5,6,6,5,50,28,22,16,15,30,15,15,16,20,0,0,0,0,0,0,0,0,0,0,0,0,0,0,0,0,0,0,0,0,0,0,0,0,0,0,0,0,10,11,1,2,1,0,1,1,3,0,0,7,0,4,2,3,3,4,0,0,3,0,3,0,3,3,4,0,0,0,0,0,0,0,0,0,0,0,0,0,0,0,0,0,0,0,0,0,0,0,0,0,0,0,37,21,1,5,1,0,2,3,8,3,0,31,0,9,8,21,6,10,0,5,3,6,2,13,8,19,12,19,8,3,4,1,2,1,3,0,1,0,12,1,3,5,6,7,6,0,0,0,0,0,2,4,6,6,6,0,0,1,0,0,0,1,0,0,0,0,0,0,0,0,1,0,1,0,5,3,0,0,0,0,0,0,0,0,0,0,0,0,0,0,0,0,0,3,0,0,0,0,0,0,0,0,0,0,0,0,0,0,0,0,0,0,0,0,0,0,0,0,0,0,0,0,0,0,0,0,0,0,0,0,0,0,0,0,0,0,0,0,0,0,0,0,0,0,0,0,0,0,0,0,0,0,0,0,0,0,0,0,0,3,0,0,1,0,0,0,1,0,0,0,0,0,0,1,0,1,0,2,0,0,52,33,4,9,9,4,7,5,0,0,2,0,7,2,1,2,0,0,3,0,0,1,0,0,0,0,0,0,0,0,3,0,0,0,0,0,12,16,0,0,0,1,0,0,0.606060606,0.075757576,0.060606061,0.166666667,0.454545455,0.242424242,1.1,0.1,0,0.3,,,,,,,,,0.567567568,0.027027027,0.081081081,0.216216216,0.421052632,0.157894737,0.052631579,0,0,0,0,0,0,0,0,0,,,,,,,,,,0,0,0,0.428571429,0.222222222,0.4375,0.5625,0.516129032,0.483870968,0.454545455,0.075757576,0.090909091,0.090909091,0.075757576,0.424242424,0.333333333,0.242424242,0.303030303,0,0,0.015151515,0.333333333,0,0.5,0.5,0.529411765,0.470588235,0.567567568,0.135135135,0.081081081,0.162162162,0.054054054,0.513513514,0.324324324,0.162162162,0.27027027,0,0,0,0.5,0.4,0.285714286,0.714285714,0.375,0.625,0.315789474,0,0,0,0,0.315789474,0.315789474,0.368421053,0.315789474,0,0,0.052631579,0.5,0,0.666666667,0.333333333,0.666666667,0.333333333,0.3,0,0.3,0,0.3,0.3,0.4,0.3,0.4,0,0,0,,,,,,,,,,,,,,,,,,,,,,,,,,,,,,,,,,,,,,0,0,1,0,1,0,0,0,0.166666667,0,0.833333333,0,0,,,,,,,0,0,0,0,0,1,0,0,,,,,,,,,,,,,,,,,,,,,,,,,,,,,,,,,,,,,,,,,,,,0,0,1,0,1,0,0,0,0.333333333,0,0.666666667,0,0,0.634615385,0.076923077,0.787878788,0.714285714,0,0.106060606,0.285714286,0.142857143,0.106060606,0,0,0.5,,,0,0,0,0.5,0.75,0,Daniel Garcia,CB UCAM Murcia,1334,19,FALSE
SPAIN,2024-2025,59169,21,110,102,13,12,11,2,10,2,9,5,2,32,25,7,15,17,82,42,40,48,21,54,22,32,25,28,0,0,0,0,0,0,0,0,0,0,0,0,0,0,0,0,0,0,0,0,0,0,0,0,0,0,0,0,13,4,0,4,0,0,4,0,2,1,0,9,1,2,5,5,4,4,0,2,0,1,1,2,3,5,4,1,2,0,0,0,0,0,0,1,0,0,1,0,1,0,1,0,0,0,1,0,1,0,1,0,1,0,72,65,9,6,9,0,5,1,21,6,4,55,1,32,12,36,15,19,0,18,3,10,11,16,20,30,25,24,31,4,2,2,2,1,1,8,2,1,17,0,13,4,12,6,5,0,4,4,3,5,3,9,6,11,2,3,1,0,0,1,0,0,0,1,0,0,0,0,0,2,0,0,1,0,0,1,0,0,0,0,0,0,0,0,0,1,0,0,1,0,0,0,0,0,0,0,0,0,0,0,0,0,0,0,0,0,0,0,0,0,0,0,0,0,0,0,0,0,0,0,0,0,0,0,0,0,0,0,0,0,0,0,0,0,0,0,0,0,1,3,1,0,0,1,0,0,0,0,0,0,0,1,0,0,1,0,0,0,0,0,0,0,0,0,0,0,0,0,0,0,0,0,0,0,0,0,0,0,0,0,73,67,9,9,20,7,24,25,4,1,7,1,13,10,0,2,5,1,0,0,0,0,0,0,1,0,0,0,0,0,1,3,1,0,0,0,28,25,5,3,3,1,0,0,0.927272727,0.118181818,0.081818182,0.290909091,0.490909091,0.436363636,0.307692308,0,0.076923077,0.153846154,,,,,2,0,0,1,0.902777778,0.125,0.083333333,0.291666667,1.291666667,0.166666667,0.083333333,0.333333333,1.5,0.5,0,0,1,0,0,0,,,,,,,3,1,0,,,,0.523809524,0.5,0.84,0.16,0.695652174,0.304347826,0.490909091,0.227272727,0.063636364,0.136363636,0.154545455,0.381818182,0.363636364,0.227272727,0.254545455,0,0.045454545,0.018181818,0.642857143,0,0.933333333,0.066666667,0.727272727,0.272727273,0.5,0.25,0.041666667,0.138888889,0.152777778,0.416666667,0.347222222,0.208333333,0.263888889,0,0.055555556,0.013888889,0.666666667,0.666666667,0.5,0.5,0.764705882,0.235294118,0.5,0.166666667,0.166666667,0.125,0.208333333,0.25,0.458333333,0.25,0.208333333,0,0.041666667,0,0,,1,0,0.285714286,0.714285714,0.384615385,0.153846154,0,0.076923077,0.076923077,0.384615385,0.307692308,0.307692308,0.307692308,0,0,0.076923077,,,,,1,0,1,1,0,1,0,1,0,0,0,0,0,0,,,,,,,,,,,,,,,,,,,,1,0,1,1,0,0,0,0,0.5,0,0,0.5,0,,,,,1,0,0,0,0,0,0,0,1,0,,,,,,,,,,,,,,,,,,,,,,,,,,,,,,1,0,1,1,0,0,0,0,1,0,0,0,0,,,,,,,,,,,,,,,0.917808219,0.123287671,0.663636364,1.041666667,0.166666667,0.218181818,0.769230769,0,0.118181818,,,0,0,0,0.5,3,1,0.5,1.139705882,3,Rafa Freire Luz,BC MoraBanc Andorra,1332,21,FALSE
SPAIN,2024-2025,35402,36,231,152,22,50,14,8,25,25,23,15,2,35,27,8,22,13,144,91,53,67,73,76,39,37,72,68,0,0,0,0,0,0,0,0,0,0,0,0,0,0,0,0,0,0,0,0,0,0,0,0,0,0,0,0,40,23,1,9,0,1,4,5,9,6,0,29,0,10,15,17,10,12,0,7,2,7,2,11,6,19,10,3,2,0,1,0,0,0,1,1,0,0,2,0,1,1,2,1,0,0,1,0,1,0,2,0,2,0,171,105,15,37,12,3,20,17,23,15,14,105,2,48,52,53,52,52,0,18,5,14,9,25,28,67,38,16,20,5,3,1,4,1,2,2,2,1,8,0,7,5,4,8,4,0,1,1,0,2,1,3,3,5,11,4,1,1,1,0,0,1,0,0,0,1,1,0,1,2,1,1,2,0,8,2,2,0,0,0,0,0,0,1,0,0,1,0,1,0,1,0,0,1,1,0,0,0,0,0,0,0,0,0,0,0,0,0,0,0,0,0,0,0,0,0,0,0,0,0,0,0,0,0,0,0,0,0,0,0,0,0,0,0,0,0,0,0,3,0,0,0,0,0,0,0,0,0,0,0,0,0,0,0,0,0,3,0,0,6,2,1,1,1,0,0,1,0,0,0,0,0,1,1,0,2,0,4,0,0,124,69,11,28,16,11,32,23,4,5,4,3,75,60,7,17,15,9,9,4,1,0,1,0,1,0,0,0,0,0,1,0,0,1,0,0,52,72,23,22,2,2,0,0,0.658008658,0.095238095,0.0995671,0.151515152,0.329004329,0.29004329,0.575,0.025,0.15,0.225,,,,,0.666666667,0,0,0.333333333,0.614035088,0.087719298,0.087719298,0.134502924,1.25,0.3125,0.125,0.125,0.363636364,0.090909091,0,0.090909091,0.181818182,1,0,0,,,,,,,0,0,0,0.333333333,0.166666667,0,0.358974359,0.242424242,0.541666667,0.458333333,0.478571429,0.521428571,0.329004329,0.116883117,0.034632035,0.095238095,0.056277056,0.393939394,0.229437229,0.311688312,0.294372294,0,0.064935065,0.008658009,0.375,0.15,0.615384615,0.384615385,0.48,0.52,0.30994152,0.105263158,0.029239766,0.081871345,0.052631579,0.391812865,0.222222222,0.304093567,0.304093567,0,0.081871345,0.011695906,0.5,0.666666667,0.25,0.75,0.583333333,0.416666667,0.25,0.0625,0.0625,0,0.125,0.1875,0.3125,0.5,0.25,0,0.0625,0,0,0.166666667,0.4,0.6,0.4,0.6,0.425,0.175,0.05,0.175,0.05,0.475,0.25,0.25,0.3,0,0,0,,0,0,1,0.5,0.5,0.666666667,0.333333333,0,0.333333333,0,0.666666667,0,0.333333333,0,0,0,0,,,,,,,,,,,,,,,,,,,1,0,0.5,0.5,0.666666667,0.333333333,0.090909091,0.090909091,0,0.181818182,0,0.727272727,0,0,,,,,1,0,0.5,0.5,0,0,0,0.5,0,0,,,,,,,,,,,,,,,,,,,,,,,,,,,,,,,,,,,0,0,0,0,0,1,0,0,1,0,0.5,0.5,0.5,0.5,0,0,0,0.333333333,0,0.666666667,0,0,0.556451613,0.088709677,0.536796537,0.71875,0.125,0.138528139,0.8,0.093333333,0.324675325,0.444444444,0.111111111,0.818181818,0,0,0.090909091,0,0,0.090909091,0.901120312,1,Nico Brussino,Dreamland Gran Canaria,1328,36,FALSE
SPAIN,2024-2025,25182,34,3,2,0,0,0,0,0,0,1,0,0,1,1,0,0,1,3,1,2,1,1,1,0,1,0,2,0,0,0,0,0,0,0,0,0,0,0,0,0,0,0,0,0,0,0,0,0,0,0,0,0,0,0,0,0,0,0,0,0,0,0,0,0,0,0,0,0,0,0,0,0,0,0,0,0,0,0,0,0,0,0,0,0,0,0,0,0,0,0,0,0,0,0,0,0,0,0,0,0,0,0,0,0,0,0,0,0,0,3,2,0,0,0,0,0,0,1,1,0,3,0,1,1,1,0,2,0,1,0,0,1,0,1,1,2,0,0,0,0,0,0,0,0,0,0,0,0,0,0,0,0,0,0,0,0,0,0,0,0,0,0,0,93,18,6,12,4,2,6,6,2,8,1,2,2,0,6,15,14,4,18,2,61,20,2,1,3,1,0,3,0,0,0,1,0,0,2,3,0,4,0,15,0,0,0,0,0,0,0,0,0,0,0,0,0,0,0,0,0,0,0,0,0,0,0,1,0,0,1,0,0,0,1,0,0,0,0,0,0,1,0,1,0,0,0,0,47,14,4,7,2,2,3,4,2,1,5,3,1,10,8,2,11,1,29,2,0,24,2,1,1,1,0,0,1,0,0,2,3,0,3,1,2,2,1,17,0,0,0,0,0,0,0,0,1,0,0,0,0,1,2,2,0,0,1,0,62,2,0,8,1,0,14,4,2,1,0,0,17,12,4,3,1,2,0,0,0,0,14,18,0,0,0.666666667,0,0.333333333,0.333333333,0.333333333,0.333333333,,,,,,,,,,,,,0.666666667,0,0.333333333,0.333333333,,,,,0.193548387,0.064516129,0.021505376,0.021505376,0.161290323,0.1,0.05,0,,,,0,0,0,0.29787234,0.085106383,0.021276596,0.083333333,0.041666667,0,,,,,0.5,0.5,0.333333333,0.333333333,0,0,0.333333333,0.333333333,0.666666667,0,0.666666667,0,0,0,,,,,0.5,0.5,0.333333333,0.333333333,0,0,0.333333333,0.333333333,0.666666667,0,0.666666667,0,0,0,,,,,,,,,,,,,,,,,,,,,,,,,,,,,,,,,,,,,,,,,,,,,,,,,,,,,,,,,,,,,,,,,,,,,,,,,0.4,0.25,0.555555556,0.444444444,0.517241379,0.482758621,0.043010753,0.021505376,0,0.193548387,0.021505376,0.655913978,0.086021505,0.010752688,0.25,,1,0,0.4,0.6,0,0,0,0.2,0,0.75,0.05,0,,,,,,,,,,,,,,,,0,0,1,0,1,0,0,0,1,0,0,0,0,0.4,0.333333333,0.454545455,0.545454545,0.555555556,0.444444444,0.042553191,0.042553191,0,0.234042553,0.021276596,0.617021277,0.106382979,0.021276596,1,0,0.5,0.5,0.75,0.25,0.083333333,0,0,0.083333333,0.041666667,0.708333333,0.083333333,0,,,0,0,0,0.333333333,1,0,0.666666667,0.032258065,0,0.666666667,0.285714286,0.142857143,0.150537634,0.705882353,0.235294118,0.182795699,,0.777777778,Eric Vila,Leche Rio Breogan,1322,34,FALSE
SPAIN,2024-2025,59231,1,2,2,1,0,1,0,0,0,1,0,0,0,0,0,0,0,0,0,0,1,1,0,0,0,1,0,0,0,0,0,0,0,0,0,0,0,0,0,0,0,0,0,0,0,0,0,0,0,0,0,0,0,0,0,0,0,0,0,0,0,0,0,0,0,0,0,0,0,0,0,0,0,0,0,0,0,0,0,0,0,0,0,0,0,0,0,0,0,0,0,0,0,0,0,0,0,0,0,0,0,0,0,0,0,0,0,0,0,1,0,0,0,0,0,0,0,0,1,0,0,0,0,1,0,0,0,0,0,0,0,0,0,0,0,0,1,2,1,0,1,0,0,0,0,0,0,0,0,1,0,0,1,0,0,0,0,0,0,0,0,0,0,0,0,0,0,0,0,0,0,0,0,0,0,0,0,0,0,0,0,0,0,0,0,0,0,0,0,0,0,0,0,0,0,0,0,0,0,0,0,0,0,0,0,0,0,0,0,0,0,0,0,0,0,0,0,0,0,0,0,0,0,0,0,0,0,0,0,0,0,0,0,0,0,0,0,0,0,0,0,0,0,0,0,0,0,0,0,0,0,0,0,0,0,0,0,0,0,0,0,0,0,0,0,0,0,0,0,0,0,0,0,0,0,0,0,0,0,0,0,0,0,0,0,0,0,0,0,1,2,1,0,0,0,1,0,0,0,0,1,0,0,0,0,0,0,0,0,0,0,0,0,0,0,0,0,0,0,0,0,0,0,0,0,2,1,0,0,0,0,0,0,1,0.5,0.5,0,0,0.5,,,,,,,,,,,,,0,0,1,0,2,1,0,0,,,,,,,,,,,,,,,,,,,,,1,,1,0,0.5,0.5,0,0,0,0,0,0,0,0.5,0,0,0,0,,,,,0,1,0,0,0,0,0,0,0,0,0,0,0,0,1,,1,0,1,0,0,0,0,0,0,0,0,1,0,0,0,0,,,,,,,,,,,,,,,,,,,,,,,,,,,,,,,,,,,,,,,,,,,,,,,,,,,,,,,,,,,,,,,,,,,,,,,,,,,,,,,,,,,,,,,,,,,,,,,,,,,,,,,,,,,,,,,,,,,,,,,,,,,,,,,,,,,,,,,,,,,2,1,0.5,0,0,0.5,,,0,,,,,,,,,,2,,Ferran Mauri,ICG Forca Lleida,1323,1,FALSE
SPAIN,2024-2025,59189,31,10,8,1,3,0,1,1,2,1,0,0,2,1,1,0,2,5,2,3,3,4,5,2,3,4,0,0,0,0,0,0,0,0,0,0,0,0,0,0,0,0,0,0,0,0,0,0,0,0,0,0,0,0,0,0,0,0,0,0,0,0,0,0,0,0,0,0,0,0,0,0,0,0,0,0,0,0,0,0,0,0,0,0,0,0,0,0,0,0,0,0,0,0,0,0,0,0,0,0,0,0,0,0,0,0,0,0,0,8,8,1,2,0,1,1,1,2,1,0,4,0,3,3,4,3,0,0,1,1,0,2,2,2,2,2,2,0,0,1,0,0,0,1,0,0,0,1,0,0,1,1,1,0,0,0,0,0,0,0,1,0,1,6,0,0,0,0,0,0,0,0,0,0,0,0,0,0,0,0,0,0,0,6,0,0,0,0,0,0,0,0,0,0,0,0,0,0,0,0,0,0,0,0,0,0,0,0,0,0,0,0,0,0,0,0,0,0,0,0,0,0,0,0,0,0,0,0,0,0,0,0,0,0,0,0,0,0,0,0,0,0,0,0,0,0,0,3,0,0,0,0,0,0,0,0,0,0,0,0,0,0,0,0,0,3,0,0,3,0,0,0,0,0,0,0,0,0,0,0,0,0,0,0,0,0,3,0,0,4,5,1,1,1,0,1,0,0,0,0,0,5,3,0,2,1,1,3,0,0,0,0,0,2,0,0,0,0,0,1,0,0,0,0,0,3,4,0,0,0,0,0,0,0.8,0.1,0.1,0.2,0.5,0.3,,,,,,,,,,,,,1,0.125,0.125,0.25,0,0,0,0,0,0,0,0,0,,,,,,,,,,0,0,0,0,0,0,0,0.333333333,0.25,0.75,0.428571429,0.571428571,0.5,0.1,0.1,0,0.2,0.2,0.3,0.4,0,0,0,0,0,0.5,0.333333333,0.666666667,0.5,0.5,0.5,0.125,0.125,0,0.25,0.25,0.25,0.375,0,0,0,0,,0,0,1,0,1,0.5,0,0,0,0,0,0.5,0.5,0,0,0,0,,,,,,,,,,,,,,,,,,,,,,,,,,,,,,,,,,,,,,,,,,,,,,,,,,,,,,,,,,,,,0,0,0,0,0,1,0,0,,,,,,,,,,,,,,,,,,,,,,,,,,,,,,,,,,,,,,,,,,,,,,,,,0,0,0,0,0,1,0,0,,,,,,,0,0,0,0,0,1,0,0,1.25,0.25,0.4,0,0,0.1,0.6,0,0.5,0,0,0.5,0,0,0.333333333,0,0,0.166666667,0.75,,Josep Busquets,Basquet Girona,1315,31,TRUE
SPAIN,2024-2025,59168,26,177,151,17,22,8,9,7,15,21,3,2,47,36,11,25,22,128,63,65,67,43,87,44,43,39,41,0,2,2,0,0,0,0,0,0,1,1,0,2,0,1,1,1,0,1,0,1,0,1,0,1,0,1,1,28,18,3,5,2,1,1,4,5,2,0,20,0,8,7,13,8,7,0,4,1,3,2,5,8,9,11,1,0,0,0,0,0,0,0,0,0,0,1,0,0,0,1,0,0,0,0,0,0,0,1,0,1,0,121,98,11,16,5,6,6,10,30,14,3,87,2,44,30,58,27,29,0,23,7,16,14,32,26,44,43,25,33,3,1,1,2,0,1,11,4,0,18,0,14,5,14,4,4,0,8,3,5,6,5,9,8,10,0,0,0,0,0,0,0,0,0,0,0,0,0,0,0,0,0,0,0,0,0,0,0,0,0,0,0,0,0,0,0,0,0,0,0,0,0,0,0,0,0,0,0,0,0,0,0,0,0,0,0,0,0,0,0,0,0,0,0,0,0,0,0,0,0,0,0,0,0,0,0,0,0,0,0,0,0,0,0,0,0,0,0,0,0,0,0,0,0,0,0,0,0,0,0,0,0,0,0,0,0,0,0,0,0,0,0,0,0,0,0,0,0,0,0,0,0,0,0,0,0,0,0,0,0,0,83,69,8,12,21,11,40,39,7,3,10,7,54,43,2,7,16,3,0,0,0,0,0,0,0,0,0,0,0,0,0,0,0,0,0,0,43,39,4,3,0,0,0,0,0.853107345,0.096045198,0.118644068,0.265536723,0.491525424,0.378531073,0.642857143,0.107142857,0.071428571,0.178571429,1,0,0.5,0.5,0,0,0,0,0.809917355,0.090909091,0.115702479,0.247933884,1.32,0.12,0.16,0.44,,,,,,,,,,,,,,,,,,,,,0.533333333,0.375,0.384615385,0.615384615,0.609090909,0.390909091,0.491525424,0.203389831,0.062146893,0.141242938,0.124293785,0.355932203,0.367231638,0.220338983,0.231638418,0,0.016949153,0.011299435,0.454545455,0.375,0.407407407,0.592592593,0.594594595,0.405405405,0.479338843,0.190082645,0.05785124,0.132231405,0.115702479,0.363636364,0.355371901,0.223140496,0.239669421,0,0.024793388,0.016528926,1,0.666666667,0.25,0.75,0.736842105,0.263157895,0.56,0.32,0.12,0.2,0.24,0.32,0.4,0.16,0.16,0,0,0,0.666666667,0.2,0.375,0.625,0.533333333,0.466666667,0.464285714,0.142857143,0.035714286,0.107142857,0.071428571,0.321428571,0.392857143,0.285714286,0.25,0,0,0,,,,,,,1,0,0,0,0,1,0,0,0,0,0,0,,,,,0.5,0.5,0.5,0.5,0,0.5,0,0.5,0.5,0,0.5,0,0,0,,,,,,,,,,,,,,,,,,,,,,,,,,,,,,,,,,,,,,,,,,,,,,,,,,,,,,,,,,,,,,,,,,,,,,,,,,,,,,,,,,,,,0.831325301,0.096385542,0.468926554,0.975,0.175,0.225988701,0.796296296,0.037037037,0.305084746,,,,,,,,,,1.128557409,,Ferran Bassas,BC MoraBanc Andorra,1332,26,FALSE
SPAIN,2024-2025,59178,34,0,0,0,0,0,0,0,0,0,0,0,0,0,0,0,0,0,0,0,0,0,0,0,0,0,0,0,0,0,0,0,0,0,0,0,0,0,0,0,0,0,0,0,0,0,0,0,0,0,0,0,0,0,0,0,0,0,0,0,0,0,0,0,0,0,0,0,0,0,0,0,0,0,0,0,0,0,0,0,0,0,0,0,0,0,0,0,0,0,0,0,0,0,0,0,0,0,0,0,0,0,0,0,0,0,0,0,0,0,0,0,0,0,0,0,0,0,0,0,0,0,0,0,0,0,0,0,0,0,0,0,0,0,0,0,0,0,0,0,0,0,0,0,0,0,0,0,0,0,0,0,0,0,0,0,0,0,0,0,0,0,0,454,78,27,39,21,6,28,11,13,21,1,7,3,4,30,53,52,18,66,12,333,60,6,3,0,3,0,0,0,0,1,0,3,0,3,1,1,3,2,54,0,0,3,0,0,0,0,0,0,0,0,1,1,0,0,1,1,0,0,0,1,0,0,2,2,1,0,1,0,0,0,0,0,1,0,0,2,0,0,1,0,0,0,0,222,55,18,23,14,4,19,4,6,9,14,23,1,36,32,16,41,7,143,3,3,161,15,5,16,3,2,9,7,1,2,5,4,0,11,18,1,21,3,129,0,1,0,0,0,0,0,0,0,0,0,0,0,0,0,0,0,0,0,0,264,43,15,18,4,4,83,17,4,7,3,3,107,18,8,14,0,6,0,0,0,0,60,66,0,0,,,,,,,,,,,,,,,,,,,,,,,,,,,0.171806167,0.059471366,0.028634361,0.015418502,0.116740088,0.1,0.05,0.016666667,0,0,0.333333333,1,0.5,0,0.247747748,0.081081081,0.040540541,0.093167702,0.031055901,0.01242236,,,,,,,,,,,,,,,,,,,,,,,,,,,,,,,,,,,,,,,,,,,,,,,,,,,,,,,,,,,,,,,,,,,,,,,,,,,,,,,,,,,,,,,,,,,,,,,,,,,,,,,,,,,,,0.428571429,0.352941176,0.742424242,0.257575758,0.504761905,0.495238095,0.039647577,0.00660793,0.008810573,0.145374449,0.026431718,0.733480176,0.046255507,0.002202643,1,,1,0,0.75,0.25,0.016666667,0,0,0.05,0.033333333,0.9,0,0,,,,,0.5,0.5,0,0,0,0,0,0.333333333,0.333333333,0,1,,1,0,1,0,0,0,0,0.5,0,0,0.5,0,0.424242424,0.5,0.804878049,0.195121951,0.529411765,0.470588235,0.072072072,0.013513514,0.013513514,0.184684685,0.031531532,0.644144144,0.063063063,0.004504505,0.25,0.222222222,0.571428571,0.428571429,0.379310345,0.620689655,0.00621118,0,0.00621118,0.130434783,0.01863354,0.801242236,0.031055901,0,,,,,,,,,,0.162878788,0.056818182,0.581497797,0.204819277,0.048192771,0.182819383,0.168224299,0.074766355,0.235682819,,0.909090909,Pierre Oriola,ICG Forca Lleida,1323,34,FALSE
SPAIN,2024-2025,59296,5,1,0,0,0,0,0,0,0,0,0,0,0,0,0,0,0,1,0,1,0,0,1,0,1,0,0,0,0,0,0,0,0,0,0,0,0,0,0,0,0,0,0,0,0,0,0,0,0,0,0,0,0,0,0,0,0,0,0,0,0,0,0,0,0,0,0,0,0,0,0,0,0,0,0,0,0,0,0,0,0,0,0,0,0,0,0,0,0,0,0,0,0,0,0,0,0,0,0,0,0,0,0,0,0,0,0,0,0,1,0,0,0,0,0,0,0,0,0,0,1,0,0,0,1,0,0,0,0,0,0,0,0,1,0,1,0,0,0,0,0,0,0,0,0,0,0,0,0,0,0,0,0,0,0,0,0,0,0,0,0,0,0,0,0,0,0,0,0,0,0,0,0,0,0,0,0,0,0,0,0,0,0,0,0,0,0,0,0,0,0,0,0,0,0,0,0,0,0,0,0,0,0,0,0,0,0,0,0,0,0,0,0,0,0,0,0,0,0,0,0,0,0,0,0,0,0,0,0,0,0,0,0,0,0,0,0,0,0,0,0,0,0,0,0,0,0,0,0,0,0,0,0,0,0,0,0,0,0,0,0,0,0,0,0,0,0,0,0,0,0,0,0,0,0,0,0,0,0,0,0,0,0,0,0,0,0,0,0,1,0,0,0,0,0,0,0,0,0,0,0,0,0,0,0,0,0,0,0,0,0,0,0,0,0,0,0,0,0,0,0,0,0,0,0,0,0,0,0,0,0,0,0,0,0,0,0,1,0,,,,,,,,,,,,,0,0,0,0,,,,,,,,,,,,,,,,,,,,,,,,,,,,,,,1,0,0,0,0,0,1,0,0,0,0,0,,,,,,,1,0,0,0,0,0,1,0,0,0,0,0,,,,,,,,,,,,,,,,,,,,,,,,,,,,,,,,,,,,,,,,,,,,,,,,,,,,,,,,,,,,,,,,,,,,,,,,,,,,,,,,,,,,,,,,,,,,,,,,,,,,,,,,,,,,,,,,,,,,,,,,,,,,,,,,,,,,,,,,,,,,,,,,,,,,,,,,,,,,,0,0,1,,,0,,,0,,,,,,,,,,,,Alejandro Moreno Valero,Casademont Zaragoza,1331,5,FALSE
SPAIN,2024-2025,59149,29,24,13,2,11,1,1,5,6,3,0,1,3,1,2,1,2,10,5,5,5,14,4,1,3,13,6,0,0,0,0,0,0,0,0,0,0,0,0,0,0,0,0,0,0,0,0,0,0,0,0,0,0,0,0,4,3,1,2,0,1,0,2,0,1,0,0,0,1,3,0,3,0,0,0,0,0,0,0,0,0,0,0,0,0,0,0,0,0,0,0,0,0,0,0,0,0,0,0,0,0,0,0,0,0,0,0,0,0,19,7,1,9,1,0,5,4,2,2,0,9,1,3,11,3,10,6,0,1,1,1,1,1,2,5,4,1,3,0,0,0,0,0,0,1,0,0,1,0,1,0,1,0,0,0,0,1,0,1,0,1,0,1,4,0,0,0,0,0,0,0,0,0,0,0,0,0,0,0,0,0,0,0,4,0,0,0,0,0,0,0,0,0,0,0,0,0,0,0,0,0,0,0,0,0,0,0,0,0,0,0,0,0,0,0,0,0,0,0,0,0,0,0,0,0,0,0,0,0,0,0,0,0,0,0,0,0,0,0,0,0,0,0,0,0,0,0,1,0,0,0,0,0,0,0,0,0,0,0,0,0,0,0,0,0,1,0,0,3,0,0,0,0,0,0,0,0,0,0,0,0,0,0,0,0,0,3,0,0,12,3,0,6,1,1,3,4,1,1,1,0,9,6,1,4,1,2,1,0,0,0,0,0,1,0,0,0,0,0,2,0,0,0,0,0,5,13,0,0,0,0,0,0,0.541666667,0.083333333,0.125,0.125,0.166666667,0.208333333,0.75,0.25,0.25,0,,,,,,,,,0.368421053,0.052631579,0.105263158,0.105263158,3,0,0,1,0,0,0,0,0,,,,,,,,,,0,0,0,0,0,0,0.166666667,0.142857143,0.461538462,0.538461538,0.263157895,0.736842105,0.166666667,0.041666667,0.083333333,0.041666667,0.083333333,0.208333333,0.208333333,0.541666667,0.25,0,0,0.041666667,0.166666667,0,0.6,0.4,0.214285714,0.785714286,0.157894737,0.052631579,0.052631579,0.052631579,0.052631579,0.263157895,0.210526316,0.526315789,0.315789474,0,0,0.052631579,,,,,1,0,1,0,1,0,1,0,1,0,0,0,0,0,,0.333333333,0,1,0.25,0.75,0,0,0,0,0,0,0,0.75,0,0,0,0,,,,,,,,,,,,,,,,,,,,,,,,,,,,,,,,,,,,,,,,,,,0,0,0,0,0,1,0,0,,,,,,,,,,,,,,,,,,,,,,,,,,,,,,,,,,,,,,,,,,,,,,,,,0,0,0,0,0,1,0,0,,,,,,,0,0,0,0,0,1,0,0,0.25,0,0.5,1.333333333,0.333333333,0.125,0.666666667,0.111111111,0.375,0,0,0.25,0,0,0.25,0,0,0.5,0.384615385,,Aleix Font,Leyma Coruna,1321,29,FALSE
SPAIN,2024-2025,59125,33,9,7,0,2,0,0,0,2,1,0,0,3,2,1,2,1,7,5,2,3,3,3,2,1,2,4,0,0,0,0,0,0,0,0,0,0,0,0,0,0,0,0,0,0,0,0,0,0,0,0,0,0,0,0,3,2,0,1,0,0,0,1,1,0,0,2,0,1,1,1,1,1,0,1,0,1,0,1,0,2,0,0,0,0,0,0,0,0,0,0,0,0,0,0,0,0,0,0,0,0,0,0,0,0,0,0,0,0,6,5,0,1,0,0,0,1,2,1,0,5,0,2,2,2,1,3,0,1,1,1,1,1,1,3,2,0,0,0,0,0,0,0,0,0,0,0,0,0,0,0,0,0,0,0,0,0,0,0,0,0,0,0,13,4,2,1,2,0,1,0,1,0,1,0,0,0,3,2,2,2,3,1,7,2,0,0,1,0,0,1,0,0,0,0,1,1,0,1,1,1,0,0,0,0,0,0,0,0,0,0,0,0,0,0,0,0,0,0,0,0,0,0,0,0,0,0,0,0,0,0,0,0,0,0,0,0,0,0,0,0,0,0,0,0,0,0,6,4,2,0,2,0,0,0,0,0,0,1,0,2,0,1,2,0,3,0,0,5,0,0,0,0,0,0,0,0,1,0,1,0,0,1,0,0,1,4,0,0,3,2,0,2,1,0,2,0,0,0,0,1,4,5,0,0,2,0,7,0,0,1,0,0,4,2,1,0,0,1,2,2,1,0,0,0,0,2,0,0,4,3,0,0,0.777777778,0,0.111111111,0.333333333,0.333333333,0.333333333,0.666666667,0,0,0.333333333,,,,,,,,,0.833333333,0,0.166666667,0.333333333,,,,,0.307692308,0.153846154,0.076923077,0,0.153846154,0,0,0,,,,,,,0.666666667,0.333333333,0,0,0,0.2,,0,0,1,0.5,0.5,0.333333333,0.222222222,0.111111111,0.222222222,0.111111111,0.555555556,0.222222222,0.222222222,0.444444444,0,0,0,,0,0,1,0.5,0.5,0.333333333,0.166666667,0.166666667,0.166666667,0.166666667,0.5,0.333333333,0.166666667,0.5,0,0,0,,,,,,,,,,,,,,,,,,,,0,0,1,0.5,0.5,0.333333333,0.333333333,0,0.333333333,0,0.666666667,0,0.333333333,0.333333333,0,0,0,,,,,,,,,,,,,,,,,,,,,,,,,,,,,,,,,,,,,0.666666667,,1,0,0.5,0.5,0.153846154,0,0,0.230769231,0.076923077,0.538461538,0,0.076923077,0,,1,0,0,1,0.5,0,0,0.5,0,0,0,0.5,,,,,,,,,,,,,,,,,,,,,,,,,,,,,1,,1,0,1,0,0.166666667,0,0,0.333333333,0,0.5,0,0,,,,,0,1,0,0,0,0,0.2,0.8,0,0,0.666666667,0,0.333333333,0,0,0.222222222,1.25,0,0.444444444,0,0,0.538461538,0.5,0.25,0.307692308,1,0.5,0.153846154,0,1.333333333,Jonathan Barreiro,Malaga,1339,33,FALSE
SPAIN,2024-2025,59251,34,3,2,1,1,1,0,1,0,0,0,0,0,0,0,0,0,1,1,0,1,1,0,0,0,2,1,0,0,0,0,0,0,0,0,0,0,0,0,0,0,0,0,0,0,0,0,0,0,0,0,0,0,0,0,3,2,1,1,1,0,1,0,0,0,0,1,0,1,1,0,2,1,0,0,0,0,0,0,0,1,0,0,0,0,0,0,0,0,0,0,0,0,0,0,0,0,0,0,0,0,0,0,0,0,0,0,0,0,0,0,0,0,0,0,0,0,0,0,0,0,0,0,0,0,0,0,0,0,0,0,0,0,0,0,0,0,0,0,0,0,0,0,0,0,0,0,0,0,0,0,0,0,0,0,0,0,0,0,0,0,0,0,19,3,1,3,0,1,0,3,0,0,0,0,0,0,2,1,3,1,4,1,13,2,3,1,0,0,1,0,0,0,0,0,0,0,1,0,0,1,0,1,0,0,0,0,0,0,0,0,0,0,0,0,0,0,0,0,0,0,0,0,0,0,0,0,0,0,0,0,0,0,0,0,0,0,0,0,0,0,0,0,0,0,0,0,3,0,0,0,0,0,0,0,0,0,0,1,0,0,0,0,0,1,2,0,0,14,0,0,3,0,0,0,3,0,0,0,1,0,0,3,1,3,0,10,0,0,3,2,1,1,0,0,0,0,0,0,0,0,0,0,0,0,0,0,10,3,1,2,0,0,4,0,0,0,0,0,5,0,0,1,0,0,2,2,0,0,3,4,0,0,0.666666667,0.333333333,0,0,0,0.333333333,0.666666667,0.333333333,0,0,,,,,,,,,,,,,,,,,0.157894737,0.052631579,0,0,0.052631579,1.5,0.5,0,,,,,,,0,0,0,0,0,0,0.5,,1,0,0.5,0.5,0,0,0,0,0,0.333333333,0,0.666666667,0.333333333,0,0,0,,,,,,,,,,,,,,,,,,,,,,,,,,,,,,,,,,,,,0.5,,1,0,0.5,0.5,0,0,0,0,0,0.333333333,0,0.666666667,0.333333333,0,0,0,,,,,,,,,,,,,,,,,,,,,,,,,,,,,,,,,,,,,,0.25,0,1,0.25,0.75,0.052631579,0,0,0.210526316,0.052631579,0.684210526,0,0,,1,0,1,1,0,0,0,0,0.5,0,0.5,0,0,,,,,,,,,,,,,,,,,,,,,,,,,,,,,,,,,,,0,0,0,0,0.333333333,0.666666667,0,0,,0,0,1,0,1,0.071428571,0,0,0.214285714,0,0.714285714,0,0,0.666666667,0.333333333,1,,,0,,,0,0.3,0.1,0.526315789,0,0,0.210526316,0,0,0.263157895,1,0.75,Yunio Barrueta,Leyma Coruna,1321,34,FALSE
SPAIN,2024-2025,59156,36,0,0,0,0,0,0,0,0,0,0,0,0,0,0,0,0,0,0,0,0,0,0,0,0,0,0,0,0,0,0,0,0,0,0,0,0,0,0,0,0,0,0,0,0,0,0,0,0,0,0,0,0,0,0,0,0,0,0,0,0,0,0,0,0,0,0,0,0,0,0,0,0,0,0,0,0,0,0,0,0,0,0,0,0,0,0,0,0,0,0,0,0,0,0,0,0,0,0,0,0,0,0,0,0,0,0,0,0,0,0,0,0,0,0,0,0,0,0,0,0,0,0,0,0,0,0,0,0,0,0,0,0,0,0,0,0,0,0,0,0,0,0,0,0,0,0,0,0,0,0,0,0,0,0,0,0,0,0,0,0,0,0,93,35,9,10,5,4,8,2,2,1,1,5,2,3,12,14,12,10,19,2,62,24,10,2,3,2,0,3,0,2,0,0,4,0,4,3,4,5,0,15,0,2,0,0,0,0,0,0,0,0,0,0,0,0,0,0,0,0,0,0,0,0,0,0,0,0,0,0,0,0,0,0,0,0,0,0,0,0,0,0,0,0,0,0,47,18,6,5,3,3,4,1,1,1,1,5,1,7,6,4,11,1,31,0,1,21,7,1,2,0,1,1,1,2,1,0,3,0,3,3,2,3,1,15,2,0,0,0,0,0,0,0,0,0,0,0,0,0,0,0,0,0,0,0,28,11,3,5,2,1,13,6,2,2,0,0,52,18,4,3,3,1,0,0,0,0,22,19,0,0,,,,,,,,,,,,,,,,,,,,,,,,,,,0.376344086,0.096774194,0.021505376,0.053763441,0.150537634,0.416666667,0.083333333,0,,,,,,,0.382978723,0.127659574,0.021276596,0.333333333,0.047619048,0.047619048,,,,,,,,,,,,,,,,,,,,,,,,,,,,,,,,,,,,,,,,,,,,,,,,,,,,,,,,,,,,,,,,,,,,,,,,,,,,,,,,,,,,,,,,,,,,,,,,,,,,,,,,,,,,,0.384615385,0.666666667,0.684210526,0.315789474,0.538461538,0.461538462,0.107526882,0.021505376,0.032258065,0.204301075,0.021505376,0.666666667,0.010752688,0.010752688,0.4,,1,0,0.571428571,0.428571429,0.166666667,0,0.083333333,0.208333333,0,0.625,0,0,,,,,,,,,,,,,,,,,,,,,,,,,,,,,0.428571429,0.75,0.636363636,0.363636364,0.538461538,0.461538462,0.085106383,0,0.021276596,0.234042553,0.021276596,0.659574468,0.021276596,0.021276596,0,0.5,0.333333333,0.666666667,0.5,0.5,0.095238095,0.095238095,0,0.142857143,0.047619048,0.714285714,0,0,,,,,,,,,,0.392857143,0.107142857,0.301075269,0.461538462,0.153846154,0.139784946,0.346153846,0.076923077,0.559139785,,1.157894737,Pierre Pelos,Dreamland Gran Canaria,1328,36,FALSE
SPAIN,2024-2025,59263,34,0,0,0,0,0,0,0,0,0,0,0,0,0,0,0,0,0,0,0,0,0,0,0,0,0,0,0,0,0,0,0,0,0,0,0,0,0,0,0,0,0,0,0,0,0,0,0,0,0,0,0,0,0,0,0,0,0,0,0,0,0,0,0,0,0,0,0,0,0,0,0,0,0,0,0,0,0,0,0,0,0,0,0,0,0,0,0,0,0,0,0,0,0,0,0,0,0,0,0,0,0,0,0,0,0,0,0,0,0,0,0,0,0,0,0,0,0,0,0,0,0,0,0,0,0,0,0,0,0,0,0,0,0,0,0,0,0,0,0,0,0,0,0,0,0,0,0,0,0,0,0,0,0,0,0,0,0,0,0,0,0,0,319,70,31,7,31,0,7,0,6,7,0,3,1,2,12,40,13,10,38,2,259,27,6,3,1,3,0,1,0,0,0,0,0,0,3,1,0,4,0,23,0,0,3,0,0,0,0,0,0,0,0,0,0,0,0,0,0,0,0,0,3,0,0,3,2,1,0,1,0,0,0,0,0,0,0,0,1,0,0,1,0,2,0,0,158,50,22,4,22,0,4,0,2,4,5,9,0,28,8,7,26,2,117,0,2,126,12,5,2,5,0,2,0,1,2,2,3,0,8,4,3,7,0,112,1,0,0,0,0,0,0,0,0,0,0,0,0,0,0,0,0,0,0,0,179,33,14,3,2,3,63,16,8,2,0,1,77,21,9,2,1,2,0,0,0,0,62,38,0,0,,,,,,,,,,,,,,,,,,,,,,,,,,,0.219435737,0.097178683,0.018808777,0.009404389,0.12539185,0.222222222,0.111111111,0,0,0,0,0.666666667,0.333333333,0,0.316455696,0.139240506,0.025316456,0.095238095,0.03968254,0.015873016,,,,,,,,,,,,,,,,,,,,,,,,,,,,,,,,,,,,,,,,,,,,,,,,,,,,,,,,,,,,,,,,,,,,,,,,,,,,,,,,,,,,,,,,,,,,,,,,,,,,,,,,,,,,,0.815789474,,1,0,0.754716981,0.245283019,0.031347962,0.003134796,0.006269592,0.119122257,0.006269592,0.811912226,0.021943574,0,0.75,,1,0,0.75,0.25,0,0,0,0.148148148,0,0.851851852,0,0,,,,,,,0,0,0,0,0,1,0,0,1,,1,0,1,0,0,0,0,0.333333333,0,0.666666667,0,0,0.846153846,,1,0,0.777777778,0.222222222,0.044303797,0,0.012658228,0.164556962,0.012658228,0.740506329,0.03164557,0,0.714285714,,1,0,0.666666667,0.333333333,0.023809524,0.007936508,0,0.055555556,0,0.888888889,0.015873016,0,,,,,,,,,,0.184357542,0.078212291,0.561128527,0.253968254,0.126984127,0.197492163,0.272727273,0.116883117,0.24137931,,1.631578947,Felipe Dos Anjos,BC MoraBanc Andorra,1332,34,FALSE
SPAIN,2024-2025,35255,16,87,48,12,27,7,5,13,14,8,1,1,8,7,1,7,1,42,33,9,21,35,18,15,3,39,24,0,0,0,0,0,0,0,0,0,0,0,0,0,0,0,0,0,0,0,0,0,0,0,0,0,0,0,0,16,10,3,5,1,2,1,4,1,1,0,7,1,4,6,4,8,3,0,1,0,1,0,2,2,4,3,2,0,0,2,0,0,1,1,0,0,0,0,0,0,2,0,2,0,0,0,0,0,0,0,0,0,0,49,28,7,12,6,1,5,7,5,7,1,25,0,13,19,10,19,15,0,4,1,4,1,9,1,19,6,20,10,2,8,0,2,6,2,2,0,0,10,0,4,8,4,10,6,0,2,0,2,0,4,0,10,0,1,0,0,0,0,0,0,0,0,0,0,0,0,0,0,0,0,0,0,0,1,1,0,0,0,0,0,0,0,0,0,0,0,0,0,0,0,0,0,1,0,0,0,0,0,0,0,0,0,0,0,0,0,0,0,0,0,0,0,0,0,0,0,0,0,0,0,0,0,0,0,0,0,0,0,0,0,0,0,0,0,0,0,0,0,0,0,0,0,0,0,0,0,0,0,0,0,0,0,0,0,0,0,0,0,0,0,0,0,0,0,0,0,0,0,0,0,0,0,0,0,0,0,0,0,0,49,27,8,11,3,5,15,10,2,5,2,1,23,11,2,11,3,2,1,0,0,0,0,0,0,0,0,0,0,0,0,0,0,0,0,0,29,39,2,2,0,0,0,0,0.551724138,0.137931034,0.091954023,0.091954023,0.206896552,0.24137931,0.625,0.1875,0.0625,0.0625,,,,,0,0,0,0,0.571428571,0.142857143,0.142857143,0.102040816,0.5,0.1,0,0.1,0,0,0,0,0,0,0,0,,,,,,,,,,,,,0.35,0.263157895,0.512820513,0.487179487,0.375,0.625,0.206896552,0.08045977,0.011494253,0.08045977,0.011494253,0.379310345,0.103448276,0.448275862,0.275862069,0,0.011494253,0.011494253,0.545454545,0.125,0.578947368,0.421052632,0.40625,0.59375,0.204081633,0.081632653,0.020408163,0.081632653,0.020408163,0.387755102,0.12244898,0.387755102,0.306122449,0,0.020408163,0,0,0.5,0.6,0.4,0.333333333,0.666666667,0.2,0.1,0,0.1,0,0.5,0,0.5,0.3,0,0,0,0.5,0.333333333,0.25,0.75,0.4,0.6,0.25,0.0625,0,0.0625,0,0.25,0.1875,0.5,0.1875,0,0,0.0625,0,0,0.5,0.5,0,1,0,0,0,0,0,0,0,1,0,0,0,0,,,,,,,,,,,,,,,,,,,,,,,,,0,0,0,0,0,1,0,0,,,,,,,0,0,0,0,0,1,0,0,,,,,,,,,,,,,,,,,,,,,,,,,,,,,,,,,,,,,,,,,,,,,,,,,,,,,,,,,0.551020408,0.163265306,0.563218391,0.666666667,0.133333333,0.172413793,0.47826087,0.086956522,0.264367816,0,0,1,,,0,,,0,0.777331996,,Troy Caupain,CB UCAM Murcia,1334,16,FALSE
SPAIN,2024-2025,59145,31,155,123,20,26,14,6,17,9,23,10,1,26,11,15,13,13,91,41,50,54,49,58,25,33,46,33,0,0,0,0,0,0,0,0,0,0,0,0,0,0,0,0,0,0,0,0,0,0,0,0,0,0,0,0,27,28,5,3,1,4,2,1,5,1,2,17,0,12,4,13,8,4,0,3,2,2,3,4,9,4,13,1,0,0,0,0,0,0,0,0,0,0,1,0,0,0,1,0,0,0,0,0,0,0,1,0,1,0,101,83,11,15,10,1,13,2,20,17,8,61,1,37,32,37,26,24,0,8,12,11,9,20,17,33,28,26,12,4,8,3,1,2,6,1,5,0,12,0,5,13,7,12,5,0,0,1,0,1,0,7,3,9,6,3,1,0,0,1,0,0,0,0,0,0,0,0,0,1,0,0,1,0,5,3,3,1,0,0,1,0,0,0,0,0,0,0,1,0,0,1,0,2,0,0,0,0,0,0,0,0,0,0,0,0,0,0,0,0,0,0,0,0,0,0,0,0,0,0,0,0,0,0,0,0,0,0,0,0,0,0,0,0,0,0,0,0,3,0,0,0,0,0,0,0,0,0,0,0,0,0,0,0,0,0,3,0,0,0,0,0,0,0,0,0,0,0,0,0,0,0,0,0,0,0,0,0,0,0,95,78,13,18,16,11,27,26,3,2,7,1,33,19,4,6,3,11,3,3,1,0,0,0,1,0,0,0,0,0,2,0,0,0,0,0,46,46,14,10,3,1,0,0,0.793548387,0.129032258,0.148387097,0.167741935,0.374193548,0.348387097,1.037037037,0.185185185,0.037037037,0.185185185,,,,,0,0,0,0,0.821782178,0.108910891,0.168316832,0.198019802,0.461538462,0.153846154,0.192307692,0.038461538,0.5,0.166666667,0,0,0.166666667,1,0.333333333,0,,,,,,,0,0,0,,,,0.451612903,0.4,0.673913043,0.326086957,0.524271845,0.475728155,0.374193548,0.070967742,0.096774194,0.083870968,0.083870968,0.264516129,0.322580645,0.296774194,0.212903226,0,0.064516129,0.006451613,0.434782609,0.333333333,0.884615385,0.115384615,0.536231884,0.463768116,0.366336634,0.079207921,0.118811881,0.108910891,0.089108911,0.326732673,0.277227723,0.257425743,0.237623762,0,0.079207921,0.00990099,0.6,0.142857143,0.416666667,0.583333333,0.277777778,0.722222222,0.269230769,0,0.038461538,0,0.038461538,0.115384615,0.346153846,0.461538462,0.192307692,0,0,0,0.333333333,0.8,0.375,0.625,0.75,0.25,0.481481481,0.111111111,0.074074074,0.074074074,0.111111111,0.148148148,0.481481481,0.296296296,0.148148148,0,0.074074074,0,,,,,,,1,0,0,0,0,1,0,0,0,0,0,0,,,,,,,,,,,,,,,,,,,,1,0,1,1,0,0,0,0,0.166666667,0,0.833333333,0,0,,1,0,1,1,0,0,0,0,0.333333333,0,0.666666667,0,0,,,,,,,,,,,,,,,,,,,,,,,,,,,,,,,,,,,0,0,0,0,0,1,0,0,,,,,,,,,,,,,,,0.821052632,0.136842105,0.612903226,0.962962963,0.111111111,0.174193548,0.575757576,0.121212121,0.212903226,1,0.333333333,0.5,0,0,0.166666667,0,0,0.333333333,1.073619632,3,Sergio De Larrea,Valencia BC,1325,31,FALSE
SPAIN,2024-2025,59154,35,253,194,15,28,6,9,12,16,25,11,2,55,29,26,25,30,193,98,95,81,53,113,52,61,43,80,0,1,0,0,0,0,0,0,0,0,0,0,1,0,0,0,1,0,0,0,0,0,0,0,0,1,0,1,48,29,4,5,1,3,1,4,4,2,6,32,0,14,7,15,9,17,0,2,2,0,4,3,12,18,14,0,0,0,0,0,0,0,0,0,0,0,0,0,0,0,0,0,0,0,0,0,0,0,0,0,0,0,154,120,5,14,2,3,8,6,40,19,4,126,1,49,33,77,19,49,0,22,18,19,21,39,38,61,65,50,45,6,9,3,3,3,6,11,4,1,34,1,18,13,20,15,14,0,5,6,6,5,10,10,19,15,8,3,0,1,0,0,0,1,0,0,0,1,0,1,1,1,1,1,1,0,6,0,0,0,0,0,0,0,0,0,0,0,0,0,0,0,0,0,0,0,0,0,0,0,0,0,0,0,0,0,0,0,0,0,0,0,0,0,0,0,0,0,0,0,0,0,0,0,0,0,0,0,0,0,0,0,0,0,0,0,0,0,0,0,4,3,0,0,0,0,0,0,1,0,0,1,0,1,0,1,0,0,3,0,1,4,0,0,1,0,0,0,1,0,0,0,0,0,0,1,0,1,0,3,0,0,133,89,5,15,28,13,49,45,3,4,12,4,71,60,7,9,15,8,7,3,0,1,1,0,0,0,0,0,0,0,1,0,0,0,0,0,39,43,23,19,0,1,0,0,0.766798419,0.059288538,0.098814229,0.217391304,0.446640316,0.320158103,0.604166667,0.083333333,0.041666667,0.083333333,0,0,0,0,,,,,0.779220779,0.032467532,0.123376623,0.25974026,0.9,0.12,0.08,0.22,0.375,0,0,0.125,0.125,,,,,,,,,,0.75,0,0,0,0,0,0.333333333,0.36,0.418604651,0.581395349,0.604477612,0.395522388,0.446640316,0.114624506,0.102766798,0.098814229,0.118577075,0.387351779,0.375494071,0.169960474,0.316205534,0,0.043478261,0.007905138,0.2,0.333333333,0.526315789,0.473684211,0.597560976,0.402439024,0.5,0.142857143,0.116883117,0.123376623,0.136363636,0.396103896,0.422077922,0.123376623,0.318181818,0,0.025974026,0.006493506,0.5,0.333333333,0.4,0.6,0.580645161,0.419354839,0.4,0.1,0.12,0.12,0.1,0.38,0.3,0.3,0.28,0,0.02,0.02,0.5,0.428571429,0.222222222,0.777777778,0.666666667,0.333333333,0.3125,0.041666667,0.041666667,0,0.083333333,0.375,0.291666667,0.1875,0.354166667,0,0.125,0,,,,,,,,,,,,,,,,,,,,,,,,,1,0,0,0,0,0,1,0,0,0,0,0,,0,0,1,0.5,0.5,0.125,0,0.125,0.125,0,0.75,0,0,,,,,,,,,,,,,,,,,,,,,,,,,,,,,,,,,,,,,,,,,,,,,,,1,0,0.25,0,0.25,0,0,0.75,0,0,,0,0,1,0,1,0,0,0,0.25,0,0.75,0,0,0.669172932,0.037593985,0.5256917,0.918367347,0.06122449,0.193675889,0.845070423,0.098591549,0.280632411,0.428571429,0,0.875,,,0,0,0,0.125,1.09186747,0,Andrew Albicy,Dreamland Gran Canaria,1328,35,FALSE
SPAIN,2024-2025,34917,7,0,0,0,0,0,0,0,0,0,0,0,0,0,0,0,0,0,0,0,0,0,0,0,0,0,0,0,0,0,0,0,0,0,0,0,0,0,0,0,0,0,0,0,0,0,0,0,0,0,0,0,0,0,0,0,0,0,0,0,0,0,0,0,0,0,0,0,0,0,0,0,0,0,0,0,0,0,0,0,0,0,0,0,0,0,0,0,0,0,0,0,0,0,0,0,0,0,0,0,0,0,0,0,0,0,0,0,0,0,0,0,0,0,0,0,0,0,0,0,0,0,0,0,0,0,0,0,0,0,0,0,0,0,0,0,0,0,0,0,0,0,0,0,0,0,0,0,0,0,0,0,0,0,0,0,0,0,0,0,0,0,0,52,6,2,1,2,0,1,0,0,3,0,1,1,0,1,6,1,1,3,0,45,11,2,1,0,1,0,0,0,0,0,0,0,0,1,0,0,1,0,10,0,0,0,0,0,0,0,0,0,0,0,0,0,0,0,0,0,0,0,0,0,0,0,1,2,1,0,1,0,0,0,0,0,0,0,0,1,0,0,1,0,0,0,0,13,2,0,1,0,0,1,0,1,0,0,1,0,1,1,1,1,0,11,1,0,27,0,0,0,0,0,0,0,0,0,3,0,0,3,0,0,0,0,24,0,0,0,0,0,0,0,0,0,0,0,0,0,0,0,0,0,0,0,0,30,4,2,1,0,0,4,2,0,0,1,0,18,0,0,0,0,0,0,0,0,0,4,3,0,0,,,,,,,,,,,,,,,,,,,,,,,,,,,0.115384615,0.038461538,0,0.019230769,0.115384615,0.181818182,0.090909091,0,,,,2,1,0,0.153846154,0,0,0,0,0,,,,,,,,,,,,,,,,,,,,,,,,,,,,,,,,,,,,,,,,,,,,,,,,,,,,,,,,,,,,,,,,,,,,,,,,,,,,,,,,,,,,,,,,,,,,,,,,,,,,,,,,,,,,,0.666666667,,1,0,0.857142857,0.142857143,0.019230769,0.019230769,0,0.057692308,0,0.865384615,0.057692308,0,1,,1,0,1,0,0,0,0,0.090909091,0,0.909090909,0,0,,,,,,,,,,,,,,,1,,1,0,1,0,0,0,0,1,0,0,0,0,0,,1,0,0.5,0.5,0.076923077,0.076923077,0,0.076923077,0,0.846153846,0,0,,,,,1,0,0,0,0,0,0,0.888888889,0.111111111,0,,,,,,,,,,0.133333333,0.066666667,0.576923077,0.5,0,0.076923077,0,0,0.346153846,,1.333333333,Ibou Dianko Badji,Lenovo Tenerife,1333,7,FALSE
SPAIN,2024-2025,34896,34,2,2,1,1,1,0,1,0,0,1,0,0,0,0,0,0,0,0,0,1,1,0,0,0,2,0,0,0,0,0,0,0,0,0,0,0,0,0,0,0,0,0,0,0,0,0,0,0,0,0,0,0,0,0,0,0,0,0,0,0,0,0,0,0,0,0,0,0,0,0,0,0,0,0,0,0,0,0,0,0,0,0,0,0,0,0,0,0,0,0,0,0,0,0,0,0,0,0,0,0,0,0,0,0,0,0,0,0,1,0,0,1,0,0,1,0,0,0,0,0,0,0,1,0,1,0,0,0,0,0,0,0,0,0,0,1,2,1,0,1,0,0,0,0,0,1,0,0,1,0,0,1,0,0,0,0,0,0,0,0,0,0,171,44,12,7,10,2,6,1,1,10,2,8,6,2,9,28,8,9,19,0,135,25,2,1,1,1,0,1,0,0,0,1,0,0,2,1,0,2,0,22,0,0,0,0,0,0,0,0,0,0,0,0,0,0,0,0,0,0,0,0,0,0,0,0,0,0,0,0,0,0,0,0,0,0,0,0,0,0,0,0,0,0,0,0,92,26,6,3,6,0,3,0,6,1,8,7,2,19,4,7,9,0,69,4,2,54,16,5,3,3,2,2,1,2,0,1,2,0,7,3,2,8,0,44,2,0,2,2,1,1,0,0,0,0,0,0,0,0,0,0,0,0,0,0,103,33,9,2,6,0,28,4,1,2,1,1,40,7,2,3,1,0,2,2,1,0,26,19,0,0,1,0.5,0,0,0,0.5,,,,,,,,,,,,,0,0,0,0,2,1,0,0,0.257309942,0.070175439,0.005847953,0.046783626,0.16374269,0.08,0.04,0,,,,,,,0.282608696,0.065217391,0.010869565,0.296296296,0.092592593,0,0.5,,1,0,0.5,0.5,0,0,0,0,0,0,0,1,0,0,0.5,0,0,,1,0,0,1,0,0,0,0,0,0,0,1,0,0,0,0,1,,1,0,1,0,0,0,0,0,0,0,0,1,0,0,1,0,,,,,,,,,,,,,,,,,,,,,,,,,,,,,,,,,,,,,,,,,,,,,,,,,,,,,,,0.625,0.666666667,0.842105263,0.157894737,0.777777778,0.222222222,0.052631579,0.035087719,0.011695906,0.111111111,0,0.789473684,0.058479532,0.011695906,0.5,,1,0,0.666666667,0.333333333,0,0,0,0.08,0,0.88,0.04,0,,,,,,,,,,,,,,,,,,,,,,,,,,,,,0.666666667,,1,0,0.826086957,0.173913043,0.076086957,0.043478261,0.02173913,0.097826087,0,0.75,0.086956522,0.02173913,0.6,0.666666667,0.625,0.375,0.7,0.3,0.037037037,0.037037037,0,0.148148148,0,0.814814815,0.018518519,0,1,0.5,1,,,0,,,0,0.32038835,0.087378641,0.602339181,0.142857143,0.035714286,0.16374269,0.175,0.05,0.233918129,0.819672131,1.368421053,Usman Garuba Alari,Real Madrid,1338,34,FALSE
SPAIN,2024-2025,35077,27,0,0,0,0,0,0,0,0,0,0,0,0,0,0,0,0,0,0,0,0,0,0,0,0,0,0,0,0,0,0,0,0,0,0,0,0,0,0,0,0,0,0,0,0,0,0,0,0,0,0,0,0,0,0,0,0,0,0,0,0,0,0,0,0,0,0,0,0,0,0,0,0,0,0,0,0,0,0,0,0,0,0,0,0,0,0,0,0,0,0,0,0,0,0,0,0,0,0,0,0,0,0,0,0,0,0,0,0,0,0,0,0,0,0,0,0,0,0,0,0,0,0,0,0,0,0,0,0,0,0,0,0,0,0,0,0,0,0,0,0,0,0,0,0,0,0,0,0,0,0,0,0,0,0,0,0,0,0,0,0,0,0,231,36,14,6,14,0,6,0,7,6,0,3,1,2,8,21,13,5,20,3,196,30,3,0,0,0,0,0,0,1,2,0,2,0,1,2,1,0,1,27,0,1,0,0,0,0,0,0,0,0,0,0,0,0,0,0,0,0,0,0,0,0,0,0,0,0,0,0,0,0,0,0,0,0,0,0,0,0,0,0,0,0,0,0,94,13,4,3,4,0,3,0,2,4,5,6,0,10,7,4,7,2,76,1,1,105,20,10,3,10,0,3,0,0,1,1,0,0,10,4,0,13,0,91,0,0,0,0,0,0,0,0,0,0,0,0,0,0,0,0,0,0,0,0,124,9,3,1,1,3,41,13,4,2,2,1,66,14,7,3,0,3,0,0,0,0,28,20,0,0,,,,,,,,,,,,,,,,,,,,,,,,,,,0.155844156,0.060606061,0.03030303,0.012987013,0.090909091,0.1,0,0.066666667,,,,,,,0.138297872,0.042553191,0.042553191,0.19047619,0.095238095,0.00952381,,,,,,,,,,,,,,,,,,,,,,,,,,,,,,,,,,,,,,,,,,,,,,,,,,,,,,,,,,,,,,,,,,,,,,,,,,,,,,,,,,,,,,,,,,,,,,,,,,,,,,,,,,,,,0.7,,1,0,0.617647059,0.382352941,0.021645022,0.004329004,0.008658009,0.086580087,0.012987013,0.848484848,0.025974026,0,,,,,0.333333333,0.666666667,0.033333333,0,0.033333333,0,0.033333333,0.9,0,0,,,,,,,,,,,,,,,,,,,,,,,,,,,,,0.571428571,,1,0,0.588235294,0.411764706,0.042553191,0.010638298,0.010638298,0.074468085,0.021276596,0.808510638,0.053191489,0,0.769230769,,1,0,0.714285714,0.285714286,0,0,0,0.123809524,0,0.866666667,0.00952381,0,,,,,,,,,,0.072580645,0.024193548,0.536796537,0.317073171,0.097560976,0.177489177,0.212121212,0.106060606,0.285714286,,1.4,Amida Brimah,Valencia BC,1325,27,TRUE
SPAIN,2024-2025,35096,32,20,22,5,5,3,2,2,3,1,2,0,3,2,1,1,2,7,5,2,10,6,5,3,2,10,2,0,0,0,0,0,0,0,0,0,0,0,0,0,0,0,0,0,0,0,0,0,0,0,0,0,0,0,0,10,9,1,4,0,1,2,2,2,1,1,3,0,4,5,2,5,1,0,1,1,1,1,1,1,2,1,0,0,0,0,0,0,0,0,0,0,0,0,0,0,0,0,0,0,0,0,0,0,0,0,0,0,0,4,7,2,0,1,1,0,0,1,0,0,2,0,3,0,1,2,1,0,1,0,0,1,0,1,1,1,6,6,2,1,2,0,0,1,0,0,1,2,0,3,1,2,3,0,0,0,0,0,0,2,0,2,0,101,35,9,11,9,0,4,7,5,11,1,7,4,3,24,24,16,17,20,7,49,25,8,2,2,2,0,1,1,2,1,3,9,1,7,3,6,4,3,9,2,0,0,0,0,0,0,0,0,0,0,0,0,0,0,0,0,0,0,0,0,0,0,0,0,0,0,0,0,0,0,0,0,0,0,0,0,0,0,0,0,0,0,0,35,19,4,6,4,0,3,3,4,2,4,8,0,11,8,7,10,1,14,1,3,40,8,3,3,3,0,0,3,1,2,4,7,0,6,5,4,6,3,25,1,0,2,4,1,0,0,0,2,2,0,0,1,0,16,16,4,5,2,1,56,15,2,9,5,4,25,14,4,2,2,0,20,6,3,0,0,1,12,10,4,3,18,20,0,0,1.1,0.25,0.05,0.15,0.25,0.5,0.9,0.1,0.1,0.2,,,,,,,,,1.75,0.5,0,0.25,1,0.333333333,0,0,0.346534653,0.089108911,0.04950495,0.069306931,0.237623762,0.32,0.08,0.04,,,,,,,0.542857143,0.114285714,0.057142857,0.2,0.075,0.05,0.6,0.4,0.5,0.5,0.625,0.375,0.25,0.1,0.05,0.05,0.1,0.25,0.1,0.5,0.1,0,0.1,0,1,1,0.5,0.5,1,0,0.25,0.25,0,0,0.25,0.25,0.25,0.5,0.25,0,0,0,1,0,0.666666667,0.333333333,0.75,0.25,0.333333333,0,0,0,0,0.333333333,0,0.5,0,0,0.166666667,0,0,0.333333333,0.4,0.6,0.444444444,0.555555556,0.2,0.1,0.1,0.1,0.1,0.2,0.1,0.5,0.1,0,0.1,0,,,,,,,,,,,,,,,,,,,,,,,,,,,,,,,,,,,,,0.692307692,0,0.65,0.35,0.6,0.4,0.168316832,0.03960396,0.02970297,0.198019802,0.069306931,0.485148515,0.108910891,0.00990099,0.666666667,0,0.75,0.25,0.7,0.3,0.24,0.08,0,0.16,0.12,0.36,0.12,0.04,,,,,,,,,,,,,,,,,,,,,,,,,,,,,0.571428571,0,0.7,0.3,0.578947368,0.421052632,0.2,0.028571429,0.085714286,0.285714286,0.028571429,0.4,0.114285714,0,1,0,0.5,0.5,0.545454545,0.454545455,0.1,0.025,0,0.15,0.075,0.625,0.1,0,2,0.5,0.1,1,0,0.1,1,0.25,0.8,0.267857143,0.035714286,0.554455446,0.56,0.16,0.247524752,0.3,0.15,0.198019802,1.275510204,0.9,Rodions Kurucs,CB UCAM Murcia,1334,32,FALSE
SPAIN,2024-2025,59170,35,0,0,0,0,0,0,0,0,0,0,0,0,0,0,0,0,0,0,0,0,0,0,0,0,0,0,0,0,0,0,0,0,0,0,0,0,0,0,0,0,0,0,0,0,0,0,0,0,0,0,0,0,0,0,0,0,0,0,0,0,0,0,0,0,0,0,0,0,0,0,0,0,0,0,0,0,0,0,0,0,0,0,0,0,0,0,0,0,0,0,0,0,0,0,0,0,0,0,0,0,0,0,0,0,0,0,0,0,0,0,0,0,0,0,0,0,0,0,0,0,0,0,0,0,0,0,0,0,0,0,0,0,0,0,0,0,0,0,0,0,0,0,0,0,0,0,0,0,0,0,0,0,0,0,0,0,0,0,0,0,0,0,427,66,25,21,25,0,19,2,9,16,2,7,5,2,16,48,30,12,46,4,342,50,7,2,2,2,0,2,0,1,2,3,2,1,6,4,1,4,1,40,0,1,2,0,0,1,0,0,1,0,0,0,0,0,0,0,1,0,1,0,1,0,0,5,0,0,1,0,0,1,0,0,1,0,0,0,0,2,0,1,0,3,0,0,207,32,14,7,14,0,7,0,2,6,11,8,0,27,13,6,21,2,162,2,0,160,27,9,10,9,0,8,2,4,0,2,6,1,15,10,5,19,1,133,3,1,0,0,0,0,0,0,0,0,0,0,0,0,0,0,0,0,0,0,279,39,16,14,3,5,34,12,4,2,2,1,114,15,5,5,2,3,0,0,0,0,50,46,0,0,,,,,,,,,,,,,,,,,,,,,,,,,,,0.154566745,0.058548009,0.021077283,0.016393443,0.112412178,0.14,0.04,0.04,0,0,0,0,0,0.2,0.154589372,0.06763285,0.028985507,0.16875,0.05625,0,,,,,,,,,,,,,,,,,,,,,,,,,,,,,,,,,,,,,,,,,,,,,,,,,,,,,,,,,,,,,,,,,,,,,,,,,,,,,,,,,,,,,,,,,,,,,,,,,,,,,,,,,,,,,0.568181818,0,0.956521739,0.043478261,0.615384615,0.384615385,0.028103044,0.011709602,0.004683841,0.107728337,0.009367681,0.800936768,0.037470726,0.004683841,0.5,,1,0,0.6,0.4,0.02,0,0.02,0.08,0.02,0.8,0.06,0.02,0,,1,0,0,1,0,0,0,0.5,0,0.5,0,0,0,,1,0,0,1,0,0,0,0.2,0,0.6,0,0,0.666666667,,1,0,0.675,0.325,0.028985507,0.009661836,0,0.101449275,0.009661836,0.782608696,0.053140097,0,0.529411765,0,0.894736842,0.105263158,0.6,0.4,0.03125,0.01875,0.00625,0.11875,0.00625,0.83125,0.0125,0.00625,,,,,,,,,,0.139784946,0.05734767,0.653395785,0.352941176,0.117647059,0.079625293,0.131578947,0.043859649,0.266978923,,1.086956522,Artem Pustovyi,Club Joventut Badalona,1336,35,FALSE
SPAIN,2024-2025,23522,19,2,0,0,0,0,0,0,0,1,0,0,0,0,0,0,0,1,0,1,0,1,0,0,0,0,1,0,0,0,0,0,0,0,0,0,0,0,0,0,0,0,0,0,0,0,0,0,0,0,0,0,0,0,0,0,0,0,0,0,0,0,0,0,0,0,0,0,0,0,0,0,0,0,0,0,0,0,0,0,0,0,0,0,0,0,0,0,0,0,0,0,0,0,0,0,0,0,0,0,0,0,0,0,0,0,0,0,0,2,0,0,0,0,0,0,0,0,1,0,1,0,0,1,0,0,1,0,0,0,0,0,0,0,0,1,0,0,0,0,0,0,0,0,0,0,0,0,0,0,0,0,0,0,0,0,0,0,0,0,0,0,0,232,67,25,17,25,0,16,1,6,5,2,8,7,1,26,37,23,21,42,5,158,26,4,2,1,2,0,1,0,0,0,0,2,0,2,1,2,3,0,21,0,0,1,0,0,0,0,0,0,0,0,0,0,0,0,0,0,0,0,0,1,0,0,1,2,1,0,1,0,0,0,0,0,0,0,0,1,0,0,1,0,0,0,0,108,37,13,5,13,0,5,0,5,5,3,18,0,21,10,14,18,4,67,4,1,95,24,9,11,9,0,10,1,3,1,2,6,2,13,12,5,20,1,68,3,0,0,0,0,0,0,0,2,0,0,0,0,1,0,0,0,0,0,0,169,45,18,13,4,1,30,12,4,2,2,3,33,10,3,2,2,2,0,0,0,0,50,42,0,0,0,0,0.5,0,0,0,,,,,,,,,,,,,0,0,0.5,0,,,,,0.288793103,0.107758621,0.025862069,0.034482759,0.159482759,0.153846154,0.076923077,0,0,0,0,2,1,0,0.342592593,0.12037037,0.046296296,0.252631579,0.094736842,0.010526316,,,,,0,1,0,0,0,0,0,0,0.5,0,0.5,0,0,0,,,,,0,1,0,0,0,0,0,0,0.5,0,0.5,0,0,0,,,,,,,,,,,,,,,,,,,,,,,,,,,,,,,,,,,,,,,,,,,,,,,,,,,,,,,,,,,,,,,,,,,,,,,,,0.609756098,0,0.976190476,0.023809524,0.616666667,0.383333333,0.090517241,0.030172414,0.004310345,0.181034483,0.021551724,0.681034483,0.021551724,0.00862069,0.666666667,,1,0,0.666666667,0.333333333,0.076923077,0,0,0.115384615,0,0.807692308,0,0,,,,,,,0,0,0,0,0,1,0,0,1,,1,0,1,0,0,0,0,1,0,0,0,0,0.722222222,,1,0,0.677419355,0.322580645,0.12962963,0.037037037,0.009259259,0.166666667,0.037037037,0.62037037,0.027777778,0,0.473684211,0,0.95,0.05,0.52,0.48,0.052631579,0.031578947,0,0.210526316,0.010526316,0.715789474,0.021052632,0.021052632,,,0,0,0,1,,,0,0.266272189,0.106508876,0.728448276,0.4,0.133333333,0.129310345,0.303030303,0.090909091,0.142241379,,1.19047619,Jacob Wiley,Coviran Granada,1319,19,FALSE
SPAIN,2024-2025,59246,2,1,0,0,0,0,0,0,0,0,0,0,0,0,0,0,0,1,0,1,0,0,1,0,1,0,0,0,0,0,0,0,0,0,0,0,0,0,0,0,0,0,0,0,0,0,0,0,0,0,0,0,0,0,0,0,0,0,0,0,0,0,0,0,0,0,0,0,0,0,0,0,0,0,0,0,0,0,0,0,0,0,0,0,0,0,0,0,0,0,0,0,0,0,0,0,0,0,0,0,0,0,0,0,0,0,0,0,0,1,0,0,0,0,0,0,0,0,0,0,1,0,0,0,1,0,0,0,0,0,0,0,0,1,0,1,0,0,0,0,0,0,0,0,0,0,0,0,0,0,0,0,0,0,0,0,0,0,0,0,0,0,0,0,0,0,0,0,0,0,0,0,0,0,0,0,0,0,0,0,0,0,0,0,0,0,0,0,0,0,0,0,0,0,0,0,0,0,0,0,0,0,0,0,0,0,0,0,0,0,0,0,0,0,0,0,0,0,0,0,0,0,0,0,0,0,0,0,0,0,0,0,0,0,0,0,0,0,0,0,0,0,0,0,0,0,0,0,0,0,0,0,0,0,0,0,0,0,0,0,0,0,0,0,0,0,0,0,0,0,0,0,0,0,0,0,0,0,0,0,0,0,0,0,0,0,0,0,0,1,0,0,0,0,0,0,0,0,0,0,0,0,0,0,0,0,0,0,0,0,0,0,0,0,0,0,0,0,0,0,0,0,0,0,0,0,0,0,0,0,0,0,0,0,0,0,0,1,0,,,,,,,,,,,,,0,0,0,0,,,,,,,,,,,,,,,,,,,,,,,,,,,,,,,1,0,0,0,0,0,1,0,0,0,0,0,,,,,,,1,0,0,0,0,0,1,0,0,0,0,0,,,,,,,,,,,,,,,,,,,,,,,,,,,,,,,,,,,,,,,,,,,,,,,,,,,,,,,,,,,,,,,,,,,,,,,,,,,,,,,,,,,,,,,,,,,,,,,,,,,,,,,,,,,,,,,,,,,,,,,,,,,,,,,,,,,,,,,,,,,,,,,,,,,,,,,,,,,,,0,0,1,,,0,,,0,,,,,,,,,,,,Daniel Gonzalez,BC Barcelona,1340,2,FALSE
SPAIN,2024-2025,31739,34,480,413,69,89,56,13,53,36,43,49,12,82,48,34,39,43,260,139,121,191,132,162,65,97,158,98,0,2,5,0,0,0,0,0,0,2,0,0,2,0,2,0,2,0,0,0,1,1,1,1,1,1,1,1,79,60,12,21,11,1,11,10,11,7,5,36,5,28,28,22,33,14,0,4,7,4,7,7,15,16,20,0,0,0,0,0,0,0,0,0,0,0,0,0,0,0,0,0,0,0,0,0,0,0,0,0,0,0,298,262,40,50,36,4,35,15,55,25,36,165,5,125,75,112,90,53,0,36,19,31,24,52,60,96,69,101,86,17,18,9,8,7,11,14,11,8,57,2,36,29,26,35,31,0,7,7,3,11,5,21,26,31,12,2,1,0,1,0,0,0,0,0,0,0,0,0,0,1,0,0,1,0,11,5,2,1,0,1,0,0,0,0,0,0,0,0,1,0,0,1,0,4,0,0,0,0,0,0,0,0,0,0,0,0,0,0,0,0,0,0,0,0,0,0,0,0,0,0,0,0,0,0,0,0,0,0,0,0,0,0,0,0,0,0,0,0,6,0,0,0,0,0,0,0,0,0,0,0,0,0,0,0,0,0,6,0,0,1,0,0,0,0,0,0,0,0,0,0,0,0,0,0,0,0,0,1,0,0,304,242,39,56,54,26,56,63,11,9,10,6,120,108,19,24,18,11,7,2,1,0,0,0,3,0,0,0,0,0,2,0,0,0,0,0,151,158,79,64,2,1,0,0,0.860416667,0.14375,0.089583333,0.170833333,0.3375,0.397916667,0.759493671,0.151898734,0.088607595,0.139240506,2.5,0,0,1,,,,,0.879194631,0.134228188,0.083892617,0.184563758,0.851485149,0.168316832,0.108910891,0.138613861,0.166666667,0.083333333,0,0,0.083333333,0.4,0.2,0,,,,,,,0,0,0,0,0,0,0.513761468,0.265306122,0.689873418,0.310126582,0.591331269,0.408668731,0.3375,0.1,0.070833333,0.08125,0.089583333,0.289583333,0.252083333,0.329166667,0.204166667,0,0.102083333,0.025,0.507042254,0.210526316,0.788888889,0.211111111,0.625,0.375,0.375838926,0.120805369,0.063758389,0.104026846,0.080536913,0.322147651,0.231543624,0.302013423,0.177852349,0,0.120805369,0.016778523,0.5625,0.421052632,0.457142857,0.542857143,0.553846154,0.446153846,0.257425743,0.069306931,0.069306931,0.02970297,0.108910891,0.257425743,0.306930693,0.346534653,0.306930693,0,0.079207921,0.01980198,0.5,0.090909091,0.666666667,0.333333333,0.5,0.5,0.278481013,0.050632911,0.088607595,0.050632911,0.088607595,0.202531646,0.253164557,0.417721519,0.17721519,0,0.063291139,0.063291139,,,,,,,,,,,,,,,,,,,,,,,1,0,1,0.5,0.5,0.5,0.5,0.5,0.5,0,0,0,0,0,1,,1,0,1,0,0,0,0,0.083333333,0,0.916666667,0,0,1,,1,0,1,0,0,0,0,0.2,0,0.8,0,0,,,,,,,,,,,,,,,,,,,,,,,,,,,,,,,,,,,0,0,0,0,0,1,0,0,,,,,,,0,0,0,0,0,1,0,0,0.796052632,0.128289474,0.633333333,1.125,0.196428571,0.116666667,0.9,0.158333333,0.25,0.285714286,0.142857143,0.583333333,0,0,0.25,0,0,0.166666667,1.115376634,2,Trae Bell-Haynes,Casademont Zaragoza,1331,34,FALSE
SPAIN,2024-2025,59142,42,296,273,56,66,45,11,45,21,23,12,8,55,28,27,26,29,159,67,92,116,89,119,40,79,122,40,0,0,0,0,0,0,0,0,0,0,0,0,0,0,0,0,0,0,0,0,0,0,0,0,0,0,0,0,51,42,8,15,7,1,10,5,9,2,1,27,1,17,17,20,23,7,0,3,6,2,7,5,15,12,15,2,0,0,2,0,0,2,0,0,0,0,0,0,0,2,0,2,0,0,0,0,0,0,0,0,0,0,208,203,38,39,33,5,27,12,45,18,11,118,6,88,57,90,77,28,0,25,20,24,21,35,55,52,66,35,28,10,10,5,5,6,4,1,3,0,14,1,11,13,9,20,5,0,0,1,0,1,0,9,3,11,19,3,1,1,0,1,0,1,0,0,0,0,0,0,1,1,1,1,2,0,16,6,0,0,0,0,0,0,0,0,0,0,0,0,0,0,0,0,0,6,0,0,0,0,0,0,0,0,0,0,0,0,0,0,0,0,0,0,0,0,0,0,0,0,0,0,0,0,0,0,0,0,0,0,0,0,0,0,0,0,0,0,0,0,6,0,0,0,0,0,0,0,0,0,0,1,0,0,0,1,0,0,5,0,0,7,3,1,1,0,1,0,1,0,0,0,0,0,1,1,0,2,0,5,0,0,135,120,25,31,26,11,45,42,10,7,7,7,116,111,21,28,22,5,12,3,1,0,0,0,3,0,0,1,0,0,4,0,0,0,0,0,123,122,14,13,3,2,0,0,0.922297297,0.189189189,0.077702703,0.185810811,0.402027027,0.391891892,0.823529412,0.156862745,0.039215686,0.176470588,,,,,0,0,0,0,0.975961538,0.182692308,0.086538462,0.216346154,0.8,0.285714286,0.085714286,0.028571429,0.157894737,0.052631579,0,0,0.052631579,0,0,0,,,,,,,0,0,0,0.428571429,0.142857143,0,0.5,0.34375,0.737704918,0.262295082,0.565853659,0.434146341,0.402027027,0.094594595,0.091216216,0.087837838,0.097972973,0.226351351,0.310810811,0.412162162,0.135135135,0,0.040540541,0.027027027,0.55,0.294117647,0.779220779,0.220779221,0.606896552,0.393103448,0.432692308,0.120192308,0.096153846,0.115384615,0.100961538,0.25,0.317307692,0.370192308,0.134615385,0,0.052884615,0.028846154,0.454545455,0.555555556,0.55,0.45,0.458333333,0.541666667,0.257142857,0,0.028571429,0,0.028571429,0.085714286,0.314285714,0.571428571,0.142857143,0,0,0.028571429,0.411764706,0.166666667,0.739130435,0.260869565,0.5,0.5,0.392156863,0.058823529,0.117647059,0.039215686,0.137254902,0.235294118,0.294117647,0.450980392,0.137254902,0,0.019607843,0.019607843,0,,1,0,0,1,0,0,0,0,0,0,0,1,0,0,0,0,,,,,,,,,,,,,,,,,,,,0.5,0,1,0.5,0.5,0.052631579,0,0,0.105263158,0,0.842105263,0,0,,,,,,,0,0,0,0,0,1,0,0,,,,,,,,,,,,,,,,,,,,,,,,,,,,,,,,,,,0.166666667,0,0,0,0,0.833333333,0,0,,0.5,0,1,0.5,0.5,0,0,0,0.285714286,0,0.714285714,0,0,0.888888889,0.185185185,0.456081081,0.933333333,0.222222222,0.152027027,0.956896552,0.181034483,0.391891892,0.25,0.083333333,0.631578947,0,0,0.157894737,0,0,0.210526316,1.061173533,1.5,Brancou Badio,Valencia BC,1325,42,FALSE
SPAIN,2024-2025,59277,32,175,142,40,36,30,10,12,24,15,2,0,23,19,4,15,8,94,56,38,63,51,50,29,21,76,44,0,0,0,0,0,0,0,0,0,0,0,0,0,0,0,0,0,0,0,0,0,0,0,0,0,0,0,0,28,15,6,8,5,1,3,5,1,3,0,13,0,7,11,7,14,6,0,1,0,1,0,4,3,8,5,2,2,1,0,1,0,0,0,0,0,0,1,0,1,0,0,1,1,0,0,0,0,0,0,0,1,0,131,119,31,25,22,9,9,16,21,11,2,71,0,52,36,39,56,32,0,17,4,14,7,23,16,42,29,14,6,2,3,2,0,0,3,1,1,0,9,0,3,4,4,5,5,0,1,0,0,1,2,2,5,4,18,6,1,2,0,1,1,1,0,0,0,1,0,1,3,2,2,2,3,1,12,2,0,0,0,0,0,0,0,0,0,0,0,0,0,0,0,0,0,2,0,0,0,0,0,0,0,0,0,0,0,0,0,0,0,0,0,0,0,0,0,0,0,0,0,0,0,0,0,0,0,0,0,0,0,0,0,0,0,0,0,0,0,0,11,3,1,1,0,1,1,0,0,0,0,1,0,1,1,1,2,0,8,0,0,5,3,0,1,0,0,0,1,1,0,0,2,0,1,1,1,1,1,2,0,1,102,77,21,20,13,10,26,20,6,4,3,2,47,45,13,12,7,3,14,3,0,2,1,0,2,3,1,0,0,0,2,0,0,0,0,0,90,76,2,2,3,3,0,0,0.811428571,0.228571429,0.085714286,0.131428571,0.285714286,0.36,0.535714286,0.214285714,0.107142857,0.035714286,,,,,1,0.5,0,0,0.908396947,0.236641221,0.083969466,0.160305344,0.428571429,0.142857143,0.071428571,0.071428571,0.333333333,0.055555556,0,0.055555556,0.111111111,0,0,0,,,,,,,0.272727273,0.090909091,0,0.6,0,0,0.714285714,0.294117647,0.552631579,0.447368421,0.552631579,0.447368421,0.285714286,0.108571429,0.022857143,0.085714286,0.045714286,0.32,0.217142857,0.434285714,0.251428571,0,0.011428571,0,0.709677419,0.36,0.553571429,0.446428571,0.590909091,0.409090909,0.297709924,0.129770992,0.030534351,0.106870229,0.053435115,0.320610687,0.221374046,0.427480916,0.244274809,0,0.015267176,0,1,0,0.4,0.6,0.428571429,0.571428571,0.285714286,0.071428571,0,0,0.071428571,0.357142857,0.285714286,0.357142857,0.357142857,0,0,0,0.625,0.166666667,0.571428571,0.428571429,0.388888889,0.611111111,0.25,0.035714286,0,0.035714286,0,0.285714286,0.178571429,0.5,0.214285714,0,0,0,1,,1,0,1,0,0,0,0,0,0,0.5,0,0.5,0.5,0,0,0,,,,,,,,,,,,,,,,,,,0,0.5,0.333333333,0.666666667,0.5,0.5,0.111111111,0,0.055555556,0.166666667,0.055555556,0.666666667,0,0,,,,,,,0,0,0,0,0,1,0,0,,,,,,,,,,,,,,,,,,,,,,,,,,,,,0,1,0.5,0.5,0.5,0.5,0.090909091,0,0,0.181818182,0,0.727272727,0,0,,0,0,1,0.5,0.5,0.2,0,0.2,0.2,0.2,0.4,0,0,0.754901961,0.205882353,0.582857143,0.769230769,0.230769231,0.148571429,0.957446809,0.276595745,0.268571429,0.214285714,0,0.777777778,1.5,0.5,0.111111111,0,0,0.111111111,1.196670135,1,A.J. Slaughter,Casademont Zaragoza,1331,32,FALSE
SPAIN,2024-2025,59144,39,615,531,91,145,67,24,83,62,44,31,16,112,60,52,62,50,347,178,169,225,189,231,100,131,236,116,0,2,2,0,0,0,0,0,0,0,1,1,1,0,1,1,0,0,1,0,0,0,0,0,0,0,1,0,118,80,17,44,11,6,19,25,14,3,4,54,4,34,47,38,61,16,0,7,7,5,9,8,30,20,34,1,2,1,0,1,0,0,0,0,0,0,0,0,1,0,0,1,0,0,0,0,0,0,0,0,0,0,440,404,64,83,49,15,56,27,91,34,23,270,9,170,117,180,147,90,0,48,43,52,39,86,94,145,125,54,43,9,18,6,3,8,10,7,6,3,22,3,19,24,13,27,9,0,5,2,5,2,6,7,12,10,9,5,2,3,1,1,2,1,0,0,0,0,0,0,1,2,3,1,5,0,3,5,3,1,2,0,1,2,0,0,0,0,0,0,1,2,0,3,0,2,0,0,0,0,0,0,0,0,0,0,0,0,0,0,0,0,0,0,0,0,0,0,0,0,0,0,0,0,0,0,0,0,0,0,0,0,0,0,0,0,0,0,0,0,2,0,0,1,0,0,0,1,0,0,0,1,0,0,1,1,1,0,0,0,0,2,2,1,0,1,0,0,0,0,0,0,0,0,1,0,0,1,0,1,0,0,397,362,61,79,78,28,98,71,10,30,16,7,120,98,20,36,18,9,7,5,2,2,0,0,2,0,0,1,0,0,0,0,0,0,0,0,206,236,54,49,5,5,0,0,0.863414634,0.14796748,0.071544715,0.182113821,0.375609756,0.365853659,0.677966102,0.144067797,0.025423729,0.118644068,1,0,0.5,0,2,1,0,0,0.918181818,0.145454545,0.077272727,0.206818182,0.796296296,0.166666667,0.111111111,0.12962963,0.555555556,0.222222222,0,0,0.222222222,0.6,0.2,0,,,,,,,0,0,0,1,0.5,0,0.446666667,0.279069767,0.63559322,0.36440678,0.543478261,0.456521739,0.375609756,0.097560976,0.084552846,0.100813008,0.081300813,0.289430894,0.274796748,0.383739837,0.188617886,0,0.050406504,0.02601626,0.466666667,0.357142857,0.714285714,0.285714286,0.592334495,0.407665505,0.409090909,0.109090909,0.097727273,0.118181818,0.088636364,0.329545455,0.284090909,0.334090909,0.204545455,0,0.052272727,0.020454545,0.428571429,0.230769231,0.518518519,0.481481481,0.441860465,0.558139535,0.240740741,0.092592593,0.037037037,0.092592593,0.037037037,0.222222222,0.185185185,0.5,0.166666667,0,0.055555556,0.055555556,0.366666667,0.193548387,0.491803279,0.508196721,0.419753086,0.580246914,0.322033898,0.059322034,0.059322034,0.042372881,0.076271186,0.169491525,0.288135593,0.516949153,0.13559322,0,0.033898305,0.033898305,1,,1,0,1,0,0,0,0,0,0,0,0,1,0,0,0,0,,,,,0.5,0.5,0,0,0,0,0,0.5,0,0,0.5,0,0.5,0,0.333333333,0.5,0.6,0.4,0.4,0.6,0.111111111,0,0,0.555555556,0,0.333333333,0,0,0,1,0.666666667,0.333333333,0.333333333,0.666666667,0,0,0,0.6,0,0.4,0,0,,,,,,,,,,,,,,,,,,,,,,,,,,,,,,0,0,1,0,1,0.5,0,0,0.5,0,0,0,0,1,,1,0,1,0,0,0,0,0.5,0,0.5,0,0,0.911838791,0.153652393,0.645528455,0.724489796,0.102040816,0.159349593,0.816666667,0.166666667,0.195121951,0.714285714,0.285714286,0.777777778,0,0,0.222222222,,,0,0.981675393,1,Jean Claudio Montero,Valencia BC,1325,39,FALSE
SPAIN,2024-2025,59140,43,12,2,0,1,0,0,0,1,2,0,0,1,1,0,1,0,10,4,6,1,3,4,2,2,1,6,0,0,0,0,0,0,0,0,0,0,0,0,0,0,0,0,0,0,0,0,0,0,0,0,0,0,0,0,8,2,0,1,0,0,0,1,1,2,0,6,0,1,3,3,1,3,0,1,0,1,0,1,2,2,4,0,0,0,0,0,0,0,0,0,0,0,0,0,0,0,0,0,0,0,0,0,0,0,0,0,0,0,1,0,0,0,0,0,0,0,0,0,0,1,0,0,0,0,0,1,0,0,0,0,0,0,0,1,0,3,0,0,0,0,0,0,0,0,0,0,3,0,0,0,1,0,2,0,0,0,0,0,1,0,1,2,27,16,6,0,2,4,0,0,0,0,0,0,0,0,2,6,0,2,6,0,19,8,5,2,0,1,1,0,0,0,0,0,1,0,2,0,1,2,0,5,0,0,0,0,0,0,0,0,0,0,0,0,0,0,0,0,0,0,0,0,0,0,0,0,0,0,0,0,0,0,0,0,0,0,0,0,0,0,0,0,0,0,0,0,10,8,3,0,1,2,0,0,0,0,0,1,0,3,0,1,3,0,6,0,0,9,3,1,0,0,1,0,0,0,0,0,0,0,1,0,0,1,0,8,0,0,1,0,0,1,0,0,0,0,0,0,0,0,11,2,0,0,1,2,14,16,6,0,0,0,4,0,0,0,0,0,9,0,0,0,0,0,0,1,0,0,16,6,0,0,0.166666667,0,0.166666667,0.083333333,0.333333333,0.083333333,0.25,0,0.25,0.125,,,,,,,,,0,0,0,0,0,0,0,0,0.592592593,0.222222222,0,0,0.222222222,0.625,0.25,0,,,,,,,0.8,0.3,0,0.333333333,0.111111111,0,,0,0,1,0.25,0.75,0.333333333,0.083333333,0,0.083333333,0,0.333333333,0.5,0.083333333,0.5,0,0,0,,,,,,,0,0,0,0,0,1,0,0,1,0,0,0,,,,,,,0.333333333,0,0,0,0,0.333333333,0.666666667,0,0.666666667,0,0,0,,0,0,1,0.25,0.75,0.375,0.125,0,0.125,0,0.25,0.5,0.125,0.375,0,0,0,,,,,,,,,,,,,,,,,,,,,,,,,,,,,,,,,,,,,1,1,0.333333333,0.666666667,1,0,0.074074074,0,0,0.222222222,0,0.703703704,0,0,1,1,0.5,0.5,1,0,0.125,0,0,0.25,0,0.625,0,0,,,,,,,,,,,,,,,,,,,,,,,,,,,,,1,1,0.333333333,0.666666667,1,0,0.1,0,0,0.3,0,0.6,0,0,,1,0,1,1,0,0,0,0,0.111111111,0,0.888888889,0,0,0,0,0.083333333,,,0,0.181818182,0,0.916666667,1.142857143,0.428571429,0.518518519,0,0,0.148148148,0,0,0.333333333,0,2.666666667,Josep Puerto,Valencia BC,1325,43,FALSE
SPAIN,2024-2025,59095,34,424,308,59,97,40,19,49,48,33,20,8,62,36,26,33,29,243,142,101,141,130,128,59,69,156,115,0,2,0,0,1,0,0,0,1,0,0,0,1,0,0,1,1,1,0,0,0,0,0,0,0,1,0,1,78,55,12,22,9,3,13,9,9,7,5,39,1,26,29,23,34,16,0,6,3,6,3,9,14,19,20,2,2,0,0,0,0,0,0,1,0,0,2,0,1,0,2,0,0,0,1,0,0,1,0,2,0,2,289,203,38,64,29,9,34,30,44,20,12,172,7,94,84,91,102,81,0,23,21,21,23,43,48,104,68,53,48,9,10,2,7,2,8,8,6,3,29,0,20,16,11,19,18,0,6,2,6,2,7,4,19,10,32,9,1,5,0,1,2,3,1,2,1,2,0,2,5,5,6,4,6,1,19,6,3,0,0,0,0,0,0,1,0,0,2,0,1,0,1,0,1,4,0,1,0,0,0,0,0,0,0,0,0,0,0,0,0,0,0,0,0,0,0,0,0,0,0,0,0,0,0,0,0,0,0,0,0,0,0,0,0,0,0,0,0,0,16,3,1,5,0,1,2,3,0,0,0,0,1,1,5,0,6,0,10,0,0,10,3,0,0,0,0,0,0,1,1,2,3,0,3,1,3,0,0,5,0,1,287,210,44,70,37,23,48,17,3,9,4,4,89,81,12,18,21,6,22,6,0,2,2,1,2,0,0,1,0,0,8,3,1,2,0,0,137,156,36,21,3,6,0,0,0.726415094,0.139150943,0.077830189,0.146226415,0.301886792,0.33254717,0.705128205,0.153846154,0.08974359,0.115384615,0,0,0,0,1,0,0,0.5,0.702422145,0.131487889,0.069204152,0.152249135,0.905660377,0.169811321,0.113207547,0.150943396,0.28125,0.03125,0.03125,0.0625,0.15625,0.5,0,0,,,,,,,0.1875,0.0625,0,0.3,0,0.1,0.449438202,0.28358209,0.570512821,0.429487179,0.520295203,0.479704797,0.301886792,0.08490566,0.061320755,0.077830189,0.068396226,0.33490566,0.238207547,0.367924528,0.271226415,0,0.047169811,0.018867925,0.46031746,0.230769231,0.617647059,0.382352941,0.528089888,0.471910112,0.314878893,0.079584775,0.07266436,0.07266436,0.079584775,0.359861592,0.235294118,0.352941176,0.280276817,0,0.041522491,0.024221453,0.5,0.466666667,0.210526316,0.789473684,0.555555556,0.444444444,0.20754717,0.113207547,0.037735849,0.113207547,0.037735849,0.358490566,0.188679245,0.358490566,0.339622642,0,0.056603774,0,0.409090909,0.25,0.647058824,0.352941176,0.472727273,0.527272727,0.294871795,0.076923077,0.038461538,0.076923077,0.038461538,0.243589744,0.256410256,0.435897436,0.205128205,0,0.064102564,0.012820513,,,,,1,0,1,0.5,0,0,0.5,0,1,0,0,0,0,0,,0,0,1,0,1,0.5,0,0,0,0,0,0.5,0.5,0,0,0,0,0,0.25,0.333333333,0.666666667,0.454545455,0.545454545,0.125,0,0.0625,0.1875,0.03125,0.59375,0.0625,0.03125,,,,,1,0,0.166666667,0,0.166666667,0,0.166666667,0.666666667,0,0,,,,,,,,,,,,,,,,,,,,,,,,,,,,,0,0.25,0.333333333,0.666666667,0.166666667,0.833333333,0,0,0,0.375,0,0.625,0,0.0625,,,,,0.75,0.25,0.3,0,0.1,0,0,0.5,0.2,0,0.731707317,0.153310105,0.676886792,0.354166667,0.0625,0.113207547,0.91011236,0.134831461,0.20990566,0.272727273,0,0.6875,0,0,0.0625,0.375,0.125,0.25,0.919459963,0.5,Dylan Ennis,CB UCAM Murcia,1334,34,FALSE
SPAIN,2024-2025,18393,36,0,0,0,0,0,0,0,0,0,0,0,0,0,0,0,0,0,0,0,0,0,0,0,0,0,0,0,0,0,0,0,0,0,0,0,0,0,0,0,0,0,0,0,0,0,0,0,0,0,0,0,0,0,0,0,0,0,0,0,0,0,0,0,0,0,0,0,0,0,0,0,0,0,0,0,0,0,0,0,0,0,0,0,0,0,0,0,0,0,0,0,0,0,0,0,0,0,0,0,0,0,0,0,0,0,0,0,0,0,0,0,0,0,0,0,0,0,0,0,0,0,0,0,0,0,0,0,0,0,0,0,0,0,0,0,0,0,0,0,0,0,0,0,0,0,0,0,0,0,0,0,0,0,0,0,0,0,0,0,0,0,0,436,150,43,12,42,1,12,0,4,13,7,24,9,15,54,78,16,47,55,7,316,57,21,5,2,5,0,2,0,4,0,4,6,1,12,2,6,7,0,41,1,3,1,0,0,0,0,0,0,0,0,0,0,0,0,0,0,0,0,0,1,0,0,3,0,0,0,0,0,0,0,0,0,0,0,0,0,0,0,0,0,3,0,0,220,100,25,5,24,1,5,0,19,4,6,43,3,49,9,38,30,5,141,8,11,154,29,13,5,13,0,5,0,1,0,3,5,3,17,5,3,18,2,129,0,1,0,0,0,0,0,0,0,0,0,0,0,0,0,0,0,0,0,0,276,93,25,6,16,2,51,17,6,3,2,0,109,40,12,3,6,2,0,0,0,0,87,55,0,0,,,,,,,,,,,,,,,,,,,,,,,,,,,0.344036697,0.098623853,0.009174312,0.055045872,0.178899083,0.368421053,0.087719298,0,0,0,0,0,0,0,0.454545455,0.113636364,0.018181818,0.188311688,0.084415584,0,,,,,,,,,,,,,,,,,,,,,,,,,,,,,,,,,,,,,,,,,,,,,,,,,,,,,,,,,,,,,,,,,,,,,,,,,,,,,,,,,,,,,,,,,,,,,,,,,,,,,,,,,,,,,0.777777778,1,0.981818182,0.018181818,0.829787234,0.170212766,0.107798165,0.020642202,0.03440367,0.126146789,0.016055046,0.724770642,0.029816514,0.016055046,0.714285714,,1,0,0.857142857,0.142857143,0.105263158,0.01754386,0.052631579,0.122807018,0,0.719298246,0.070175439,0.01754386,,,,,,,0,0,0,0,0,1,0,0,,,,,,,0,0,0,0,0,1,0,0,0.827586207,1,0.966666667,0.033333333,0.844827586,0.155172414,0.172727273,0.036363636,0.05,0.136363636,0.022727273,0.640909091,0.027272727,0.013636364,0.722222222,,1,0,0.772727273,0.227272727,0.019480519,0,0.006493506,0.116883117,0.012987013,0.837662338,0.019480519,0.019480519,,,,,,,,,,0.336956522,0.09057971,0.633027523,0.333333333,0.117647059,0.116972477,0.366972477,0.110091743,0.25,,1.581818182,George Conditt IV,Dreamland Gran Canaria,1328,36,FALSE
SPAIN,2024-2025,82919,1,0,0,0,0,0,0,0,0,0,0,0,0,0,0,0,0,0,0,0,0,0,0,0,0,0,0,0,0,0,0,0,0,0,0,0,0,0,0,0,0,0,0,0,0,0,0,0,0,0,0,0,0,0,0,0,0,0,0,0,0,0,0,0,0,0,0,0,0,0,0,0,0,0,0,0,0,0,0,0,0,0,0,0,0,0,0,0,0,0,0,0,0,0,0,0,0,0,0,0,0,0,0,0,0,0,0,0,0,0,0,0,0,0,0,0,0,0,0,0,0,0,0,0,0,0,0,0,0,0,0,0,0,0,0,0,0,0,0,0,0,0,0,0,0,0,0,0,0,0,0,0,0,0,0,0,0,0,0,0,0,0,0,2,0,0,0,0,0,0,0,0,0,0,0,0,0,0,0,0,0,0,0,2,1,0,0,0,0,0,0,0,0,0,0,0,0,0,0,0,0,0,1,0,0,0,0,0,0,0,0,0,0,0,0,0,0,0,0,0,0,0,0,0,0,0,0,0,0,0,0,0,0,0,0,0,0,0,0,0,0,0,0,0,0,0,0,1,0,0,0,0,0,0,0,0,0,0,0,0,0,0,0,0,0,1,0,0,0,0,0,0,0,0,0,0,0,0,0,0,0,0,0,0,0,0,0,0,0,0,0,0,0,0,0,0,0,0,0,0,0,0,0,0,0,0,0,0,0,0,0,0,0,1,0,0,0,0,0,1,0,0,0,0,0,0,0,0,0,0,0,0,0,,,,,,,,,,,,,,,,,,,,,,,,,,,0,0,0,0,0,0,0,0,,,,,,,0,0,0,,,,,,,,,,,,,,,,,,,,,,,,,,,,,,,,,,,,,,,,,,,,,,,,,,,,,,,,,,,,,,,,,,,,,,,,,,,,,,,,,,,,,,,,,,,,,,,,,,,,,,,,,,,,,,,,,,,,,,0,0,0,0,0,1,0,0,,,,,,,0,0,0,0,0,1,0,0,,,,,,,,,,,,,,,,,,,,,,,,,,,,,,,,,,,0,0,0,0,0,1,0,0,,,,,,,,,,,,,,,,,,,,,,,,,,0,0,0,0.5,0,0,0.5,,,Osi Cerda,Coviran Granada,1319,1,FALSE
SPAIN,2024-2025,59417,2,2,0,0,2,0,0,1,1,0,0,1,0,0,0,0,0,0,0,0,0,2,0,0,0,2,0,0,0,0,0,0,0,0,0,0,0,0,0,0,0,0,0,0,0,0,0,0,0,0,0,0,0,0,0,0,0,0,0,0,0,0,0,0,0,0,0,0,0,0,0,0,0,0,0,0,0,0,0,0,0,0,0,0,0,0,0,0,0,0,0,0,0,0,0,0,0,0,0,0,0,0,0,0,0,0,0,0,0,1,0,0,1,0,0,1,0,0,0,0,0,1,0,1,0,1,0,0,0,0,0,0,0,0,0,0,1,0,0,1,0,0,0,1,0,0,0,0,0,0,1,0,1,0,0,0,0,0,0,0,0,0,0,1,0,0,0,0,0,0,0,0,0,0,0,0,0,0,0,0,0,0,0,1,1,0,0,0,0,0,0,0,0,0,0,0,0,0,0,0,0,0,1,0,0,0,0,0,0,0,0,0,0,0,0,0,0,0,0,0,0,0,0,0,0,0,0,0,0,0,0,0,0,0,0,0,0,0,0,0,0,0,0,0,0,0,0,0,0,0,0,0,0,0,0,0,0,0,0,0,0,0,0,0,0,0,0,0,0,0,0,0,0,0,0,0,0,0,0,0,0,0,0,0,0,0,0,0,0,0,0,0,0,0,0,0,0,0,0,0,0,2,0,0,2,0,0,1,0,0,0,0,0,0,0,0,0,0,0,0,0,0,0,0,0,0,2,0,0,0,0,0,0,0,0,0,0,0,0,,,,,,,,,,,,,0,0,0,0,0,0,0,0,0,0,0,0,0,0,0,0,,,,,,,,,,,,,0,0,0.5,0.5,0,1,0,0,0,0,0,0,0,1,0,0,0,0.5,0,,1,0,0,1,0,0,0,0,0,0,0,1,0,0,0,1,,0,0,1,0,1,0,0,0,0,0,0,0,1,0,0,0,0,,,,,,,,,,,,,,,,,,,,,,,,,,,,,,,,,,,,,,,,,,,,,,,,,,,,,,,,,,,,,0,0,0,0,0,1,0,0,,,,,,,0,0,0,0,0,1,0,0,,,,,,,,,,,,,,,,,,,,,,,,,,,,,,,,,,,,,,,,,,,,,,,,,,,,,,,,,,,0,,,0,0,0,1,0,0,1,,,0,,,0,0,,Lucas Mari Tardio,Valencia BC,1325,2,FALSE
SPAIN,2024-2025,59270,5,8,4,2,1,2,0,1,0,0,0,0,0,0,0,0,0,5,2,3,2,1,4,1,3,3,1,0,0,0,0,0,0,0,0,0,0,0,0,0,0,0,0,0,0,0,0,0,0,0,0,0,0,0,0,3,0,0,0,0,0,0,0,0,0,0,3,0,0,0,3,0,0,0,0,0,0,0,1,2,1,2,0,0,0,0,0,0,0,0,0,0,0,0,0,0,0,0,0,0,0,0,0,0,0,0,0,0,0,5,4,2,1,2,0,1,0,0,0,0,2,0,2,1,1,3,1,0,0,0,0,0,0,1,1,1,0,0,0,0,0,0,0,0,0,0,0,0,0,0,0,0,0,0,0,0,0,0,0,0,0,0,0,0,0,0,0,0,0,0,0,0,0,0,0,0,0,0,0,0,0,0,0,0,0,0,0,0,0,0,0,0,0,0,0,0,0,0,0,0,0,0,0,0,0,0,0,0,0,0,0,0,0,0,0,0,0,0,0,0,0,0,0,0,0,0,0,0,0,0,0,0,0,0,0,0,0,0,0,0,0,0,0,0,0,0,0,0,0,0,0,0,0,0,0,0,0,0,0,0,0,0,0,0,0,0,0,0,0,0,0,0,0,0,0,0,0,0,0,0,0,0,0,0,0,0,0,0,0,4,4,2,1,0,0,2,0,0,0,0,0,2,0,0,0,0,0,0,0,0,0,0,0,0,0,0,0,0,0,0,0,0,0,0,0,4,3,0,0,0,0,0,0,0.5,0.25,0,0,0.5,0.25,0,0,0,0,,,,,,,,,0.8,0.4,0,0,,,,,,,,,,,,,,,,,,,,,,,,,0.666666667,,1,0,0.666666667,0.333333333,0.5,0,0,0,0,0.25,0.375,0.375,0.125,0,0,0,0.666666667,,1,0,0.666666667,0.333333333,0.2,0,0,0,0,0.2,0.2,0.6,0.2,0,0,0,,,,,,,,,,,,,,,,,,,,,,,,,1,0,0,0,0,0.333333333,0.666666667,0,0,0,0,0,,,,,,,,,,,,,,,,,,,,,,,,,,,,,,,,,,,,,,,,,,,,,,,,,,,,,,,,,,,,,,,,,,,,,,,,,,,,,,,,,,,,,,,,,,,,,,,,,,,,,,,,,,,,,,,,,,,,,,,,,1,0.5,0.5,0,0,0.25,0,0,0.25,,,,,,,,,,1.333333333,,Alejandro Hernandez,Leyma Coruna,1321,5,FALSE
SPAIN,2024-2025,25086,40,426,353,71,95,51,20,46,49,37,19,7,69,43,26,31,38,234,133,101,152,132,141,72,69,166,93,0,1,0,0,0,0,0,0,0,0,0,0,1,0,0,0,0,0,1,0,0,0,0,0,0,0,1,0,98,84,17,31,11,6,14,17,18,5,1,49,2,35,36,27,48,22,0,12,6,8,10,14,13,33,16,2,0,0,0,0,0,0,0,0,1,0,2,0,0,1,1,0,1,0,0,0,0,0,1,0,1,1,277,231,44,47,35,9,23,24,46,22,16,165,5,101,69,103,91,62,0,28,18,22,24,54,49,94,71,48,38,10,17,5,5,9,8,5,9,2,17,0,16,26,10,27,7,0,3,2,1,4,3,7,4,13,7,2,0,0,0,0,0,0,0,0,0,1,1,0,1,1,0,1,0,0,6,2,0,0,0,0,0,0,0,0,0,0,0,0,0,0,0,0,0,2,0,0,0,0,0,0,0,0,0,0,0,0,0,0,0,0,0,0,0,0,0,0,0,0,0,0,0,0,0,0,0,0,0,0,0,0,0,0,0,0,0,0,0,0,1,0,0,0,0,0,0,0,0,0,0,0,0,0,0,0,0,0,1,0,0,4,2,0,0,0,0,0,0,1,0,0,1,0,1,0,1,0,0,3,1,0,334,276,52,76,58,32,35,30,6,8,5,2,57,47,13,11,6,3,6,2,0,0,1,0,1,0,0,0,0,0,0,0,0,0,0,0,162,166,31,27,0,0,0,0,0.828638498,0.166666667,0.08685446,0.161971831,0.330985915,0.356807512,0.857142857,0.173469388,0.051020408,0.183673469,0,0,0,0,0,0,0.5,0,0.833935018,0.158844765,0.079422383,0.166064982,0.791666667,0.208333333,0.1875,0.104166667,0.285714286,0,0,0.142857143,0.142857143,0,0,0,,,,,,,0,0,0,0.5,0,0,0.525773196,0.289855072,0.584337349,0.415662651,0.535211268,0.464788732,0.330985915,0.100938967,0.061032864,0.072769953,0.089201878,0.312206573,0.237089202,0.389671362,0.218309859,0,0.044600939,0.016431925,0.603448276,0.272727273,0.637362637,0.362637363,0.594117647,0.405882353,0.371841155,0.101083032,0.064981949,0.079422383,0.086642599,0.339350181,0.25631769,0.328519856,0.223826715,0,0.057761733,0.018050542,0.357142857,0.384615385,0.518518519,0.481481481,0.380952381,0.619047619,0.208333333,0.0625,0.041666667,0.020833333,0.083333333,0.083333333,0.270833333,0.5625,0.145833333,0,0.041666667,0,0.44,0.260869565,0.520833333,0.479166667,0.492957746,0.507042254,0.275510204,0.12244898,0.06122449,0.081632653,0.102040816,0.336734694,0.163265306,0.489795918,0.224489796,0,0.010204082,0.020408163,,,,,0,1,0.5,0,0,0,0,0.5,0.5,0,0.5,0,0,0,,,,,,,0,0,0,0,0,1,0,0,1,0,0,0,,,,,1,0,0.142857143,0.142857143,0,0,0,0.857142857,0,0,,,,,,,0,0,0,0,0,1,0,0,,,,,,,,,,,,,,,,,,,,,,,,,,,,,,,,,,,0,0,0,0,0,1,0,0,,,,,1,0,0.25,0.25,0,0,0,0.75,0,0,0.826347305,0.155688623,0.784037559,0.857142857,0.171428571,0.082159624,0.824561404,0.228070175,0.133802817,0.333333333,0,0.857142857,0,0,0.142857143,,,0,1.052104208,,Tyson Carter,Malaga,1339,40,FALSE
SPAIN,2024-2025,2164,33,3,3,0,0,0,0,0,0,0,0,0,1,0,1,0,1,3,1,2,1,0,3,1,2,0,0,0,0,0,0,0,0,0,0,0,0,0,0,0,0,0,0,0,0,0,0,0,0,0,0,0,0,0,0,0,0,0,0,0,0,0,0,0,0,0,0,0,0,0,0,0,0,0,0,0,0,0,0,0,0,0,0,0,0,0,0,0,0,0,0,0,0,0,0,0,0,0,0,0,0,0,0,0,0,0,0,0,0,3,3,0,0,0,0,0,0,1,0,0,3,0,1,0,3,0,0,0,0,1,0,1,1,2,1,2,0,0,0,0,0,0,0,0,0,0,0,0,0,0,0,0,0,0,0,0,0,0,0,0,0,0,0,11,0,0,1,0,0,0,1,0,2,0,0,0,0,0,2,1,0,1,0,8,4,0,0,1,0,0,0,1,0,0,0,0,0,0,1,0,1,0,3,0,0,0,0,0,0,0,0,0,0,0,0,0,0,0,0,0,0,0,0,0,0,0,0,0,0,0,0,0,0,0,0,0,0,0,0,0,0,0,0,0,0,0,0,1,0,0,0,0,0,0,0,0,0,0,0,0,0,0,0,0,0,1,0,0,6,0,0,0,0,0,0,0,0,0,2,0,0,2,0,0,0,0,4,0,0,0,0,0,0,0,0,0,0,0,0,0,0,3,3,0,0,1,0,3,0,0,1,0,0,0,0,0,0,0,0,8,0,0,0,0,0,0,0,0,0,0,1,0,0,1,0,0,0.333333333,1,0.333333333,,,,,,,,,,,,,1,0,0,0.333333333,,,,,0,0,0,0,0.181818182,0,0,0,,,,,,,0,0,0,0,0,0,,,,,1,0,1,0,0.333333333,0,0.333333333,0.333333333,0.666666667,0,0,0,0,0,,,,,1,0,1,0,0.333333333,0,0.333333333,0.333333333,0.666666667,0,0,0,0,0,,,,,,,,,,,,,,,,,,,,,,,,,,,,,,,,,,,,,,,,,,,,,,,,,,,,,,,,,,,,,,,,,,,,,,,,,,0,0,1,0.666666667,0.333333333,0,0,0,0.090909091,0,0.727272727,0.181818182,0,,0,0,1,0,1,0,0,0,0.25,0,0.75,0,0,,,,,,,,,,,,,,,,,,,,,,,,,,,,,,,,,,,0,0,0,0,0,1,0,0,,,,,1,0,0,0,0,0,0,0.666666667,0.333333333,0,,,0,,,0,1,0,1,0,0,0.272727273,,,0,0,0,0.727272727,,0,Musa Sagnia,BAXI Manresa,1330,33,FALSE
SPAIN,2024-2025,35376,26,258,258,42,51,20,22,12,39,35,13,2,55,30,25,21,34,137,55,82,109,86,96,33,63,93,41,0,1,3,0,0,0,0,0,0,1,0,0,1,0,1,0,1,0,0,0,0,1,0,1,0,1,0,1,52,41,10,12,3,7,2,10,6,5,1,28,0,17,17,17,22,11,0,4,2,4,2,5,12,12,16,2,0,0,0,0,0,0,0,0,1,0,1,0,0,1,0,0,1,0,0,0,0,0,0,0,0,1,174,186,25,30,15,10,8,22,44,26,11,96,2,79,56,71,55,25,0,23,21,16,28,27,44,39,57,29,28,7,9,2,5,2,7,4,3,1,11,0,12,12,7,16,4,0,3,1,1,3,1,6,4,7,26,3,0,1,0,0,0,1,2,0,0,1,0,1,5,1,3,2,1,3,20,8,3,0,1,0,0,0,1,1,1,0,3,0,1,2,2,1,1,4,0,1,0,0,0,0,0,0,0,0,0,0,0,0,0,0,0,0,0,0,0,0,0,0,0,0,0,0,0,0,0,0,0,0,0,0,0,0,0,0,0,0,0,0,14,0,0,0,0,0,0,0,0,1,0,2,0,0,1,0,0,2,12,0,0,4,0,0,0,0,0,0,0,0,0,0,0,0,0,0,0,0,0,4,0,0,180,168,29,40,32,27,26,27,5,8,6,2,52,63,8,3,17,6,24,3,0,1,1,2,0,0,0,0,0,0,2,0,0,0,0,0,106,91,20,17,0,1,0,0,1,0.162790698,0.135658915,0.213178295,0.372093023,0.42248062,0.788461538,0.192307692,0.096153846,0.115384615,3,0,0,1,0,0,0.5,0,1.068965517,0.143678161,0.149425287,0.252873563,0.965517241,0.24137931,0.103448276,0.137931034,0.115384615,0,0.076923077,0.038461538,0.038461538,0.375,0,0.125,,,,,,,0,0,0.071428571,0,0,0,0.625,0.360655738,0.344086022,0.655913978,0.558974359,0.441025641,0.372093023,0.11627907,0.096899225,0.081395349,0.131782946,0.213178295,0.317829457,0.360465116,0.158914729,0,0.050387597,0.007751938,0.652173913,0.3125,0.418181818,0.581818182,0.585185185,0.414814815,0.408045977,0.132183908,0.120689655,0.091954023,0.16091954,0.224137931,0.327586207,0.316091954,0.143678161,0,0.063218391,0.011494253,0.5,0.416666667,0.25,0.75,0.5,0.5,0.24137931,0.103448276,0.034482759,0.034482759,0.103448276,0.137931034,0.24137931,0.551724138,0.137931034,0,0.034482759,0,0.6,0.411764706,0.227272727,0.772727273,0.5,0.5,0.326923077,0.076923077,0.038461538,0.076923077,0.038461538,0.230769231,0.307692308,0.423076923,0.211538462,0,0.019230769,0,,,,,0,1,0,0,0,0,0,0,0.5,0,0.5,0,0,0,,,,,1,0,1,0,1,0,1,0,1,0,0,0,0,0,,0,0,1,0.25,0.75,0.076923077,0,0.038461538,0.038461538,0.115384615,0.769230769,0,0,,0,0,1,0.333333333,0.666666667,0.25,0,0.125,0.125,0.125,0.5,0,0,,,,,,,,,,,,,,,,,,,,,,,,,,,,,,,,,0,1,0,0,0,0,0.142857143,0.857142857,0,0,,,,,,,0,0,0,0,0,1,0,0,0.933333333,0.161111111,0.697674419,1.038461538,0.192307692,0.100775194,1.211538462,0.153846154,0.201550388,0.125,0,0.923076923,,,0,0,0,0.076923077,1.23246493,0,Darrun Hilliard,Leche Rio Breogan,1322,26,FALSE
SPAIN,2024-2025,59152,9,0,0,0,0,0,0,0,0,0,0,0,0,0,0,0,0,0,0,0,0,0,0,0,0,0,0,0,0,0,0,0,0,0,0,0,0,0,0,0,0,0,0,0,0,0,0,0,0,0,0,0,0,0,0,0,0,0,0,0,0,0,0,0,0,0,0,0,0,0,0,0,0,0,0,0,0,0,0,0,0,0,0,0,0,0,0,0,0,0,0,0,0,0,0,0,0,0,0,0,0,0,0,0,0,0,0,0,0,0,0,0,0,0,0,0,0,0,0,0,0,0,0,0,0,0,0,0,0,0,0,0,0,0,0,0,0,0,0,0,0,0,0,0,0,0,0,0,0,0,0,0,0,0,0,0,0,0,0,0,0,0,0,92,14,6,5,6,0,5,0,3,1,2,1,1,0,5,8,8,3,11,2,74,16,0,0,1,0,0,1,0,0,0,0,1,1,0,1,0,1,1,14,0,0,0,0,0,0,0,0,0,0,0,0,0,0,0,0,0,0,0,0,0,0,0,1,0,0,0,0,0,0,0,0,0,0,0,0,0,0,0,0,0,1,0,0,41,12,5,2,5,0,2,0,1,3,1,3,0,7,5,2,7,1,29,1,0,33,2,1,2,1,0,2,0,0,0,0,1,1,1,2,1,3,0,29,0,0,0,0,0,0,0,0,0,0,0,0,0,0,0,0,0,0,0,0,70,8,4,2,0,3,9,4,1,2,1,0,13,2,1,1,0,0,0,0,0,0,12,11,0,0,,,,,,,,,,,,,,,,,,,,,,,,,,,0.152173913,0.065217391,0.032608696,0.010869565,0.086956522,0,0,0,,,,0,0,0,0.292682927,0.12195122,0.073170732,0.060606061,0.03030303,0,,,,,,,,,,,,,,,,,,,,,,,,,,,,,,,,,,,,,,,,,,,,,,,,,,,,,,,,,,,,,,,,,,,,,,,,,,,,,,,,,,,,,,,,,,,,,,,,,,,,,,,,,,,,,0.545454545,,1,0,0.5,0.5,0.032608696,0.010869565,0,0.119565217,0.02173913,0.804347826,0.010869565,0.02173913,0,,1,0,0,1,0,0,0,0.0625,0.0625,0.875,0,0.0625,,,,,,,,,,,,,,,,,,,,,0,0,0,0,0,1,0,0,0.714285714,,1,0,0.583333333,0.416666667,0.048780488,0.024390244,0,0.170731707,0.024390244,0.707317073,0.024390244,0,0.333333333,,1,0,0.333333333,0.666666667,0.03030303,0,0,0.090909091,0,0.878787879,0,0.03030303,,,,,,,,,,0.114285714,0.057142857,0.760869565,0.444444444,0.111111111,0.097826087,0.153846154,0.076923077,0.141304348,,1.090909091,Bassala Bagayoko,Bilbao Basket,1335,9,FALSE
SPAIN,2024-2025,25511,14,0,0,0,0,0,0,0,0,0,0,0,0,0,0,0,0,0,0,0,0,0,0,0,0,0,0,0,0,0,0,0,0,0,0,0,0,0,0,0,0,0,0,0,0,0,0,0,0,0,0,0,0,0,0,0,0,0,0,0,0,0,0,0,0,0,0,0,0,0,0,0,0,0,0,0,0,0,0,0,0,0,0,0,0,0,0,0,0,0,0,0,0,0,0,0,0,0,0,0,0,0,0,0,0,0,0,0,0,0,0,0,0,0,0,0,0,0,0,0,0,0,0,0,0,0,0,0,0,0,0,0,0,0,0,0,0,0,0,0,0,0,0,0,0,0,0,0,0,0,0,0,0,0,0,0,0,0,0,0,0,0,0,65,4,2,1,2,0,1,0,0,0,0,0,0,0,1,2,1,1,3,0,61,12,0,0,0,0,0,0,0,0,0,0,1,0,0,0,1,0,0,11,0,0,0,0,0,0,0,0,0,0,0,0,0,0,0,0,0,0,0,0,0,0,0,0,0,0,0,0,0,0,0,0,0,0,0,0,0,0,0,0,0,0,0,0,28,4,2,1,2,0,1,0,0,0,0,0,0,2,1,0,3,0,25,0,0,25,0,0,0,0,0,0,0,0,0,0,0,0,0,0,0,0,0,25,0,0,0,0,0,0,0,0,0,0,0,0,0,0,0,0,0,0,0,0,44,2,1,1,0,0,11,0,0,0,0,0,10,2,1,0,0,0,0,0,0,0,4,3,0,0,,,,,,,,,,,,,,,,,,,,,,,,,,,0.061538462,0.030769231,0,0,0.030769231,0,0,0,,,,,,,0.142857143,0.071428571,0,0,0,0,,,,,,,,,,,,,,,,,,,,,,,,,,,,,,,,,,,,,,,,,,,,,,,,,,,,,,,,,,,,,,,,,,,,,,,,,,,,,,,,,,,,,,,,,,,,,,,,,,,,,,,,,,,,,0.666666667,,1,0,0.666666667,0.333333333,0.015384615,0,0,0.046153846,0,0.938461538,0,0,,,,,,,0.083333333,0,0,0,0,0.916666667,0,0,,,,,,,,,,,,,,,,,,,,,,,,,,,,,0.666666667,,1,0,0.666666667,0.333333333,0,0,0,0.107142857,0,0.892857143,0,0,,,,,,,0,0,0,0,0,1,0,0,,,,,,,,,,0.045454545,0.022727273,0.676923077,0,0,0.169230769,0.2,0.1,0.153846154,,1.333333333,Jaume Sorolla,Basquet Girona,1315,14,TRUE
SPAIN,2024-2025,35877,4,0,0,0,0,0,0,0,0,0,0,0,0,0,0,0,0,0,0,0,0,0,0,0,0,0,0,0,0,0,0,0,0,0,0,0,0,0,0,0,0,0,0,0,0,0,0,0,0,0,0,0,0,0,0,0,0,0,0,0,0,0,0,0,0,0,0,0,0,0,0,0,0,0,0,0,0,0,0,0,0,0,0,0,0,0,0,0,0,0,0,0,0,0,0,0,0,0,0,0,0,0,0,0,0,0,0,0,0,0,0,0,0,0,0,0,0,0,0,0,0,0,0,0,0,0,0,0,0,0,0,0,0,0,0,0,0,0,0,0,0,0,0,0,0,0,0,0,0,0,0,0,0,0,0,0,0,0,0,0,0,0,0,69,21,1,6,1,0,6,0,1,2,0,7,2,5,12,10,7,10,7,2,48,22,2,0,0,0,0,0,0,1,0,0,3,0,1,0,3,0,0,19,1,0,0,0,0,0,0,0,0,0,0,0,0,0,0,0,0,0,0,0,0,0,0,1,0,0,1,0,0,1,0,0,0,0,0,0,0,1,0,1,0,0,0,0,29,19,1,3,1,0,3,0,6,1,1,8,0,8,4,7,4,1,16,1,5,17,0,0,2,0,0,2,0,0,0,1,1,0,1,2,0,2,1,13,0,0,0,0,0,0,0,0,0,0,0,0,0,0,0,0,0,0,0,0,47,15,1,4,5,0,11,3,0,0,1,1,11,3,0,2,1,0,0,0,0,0,2,7,0,0,,,,,,,,,,,,,,,,,,,,,,,,,,,0.304347826,0.014492754,0.014492754,0.101449275,0.144927536,0.090909091,0,0,,,,0,0,0,0.655172414,0.034482759,0.034482759,0,0,0,,,,,,,,,,,,,,,,,,,,,,,,,,,,,,,,,,,,,,,,,,,,,,,,,,,,,,,,,,,,,,,,,,,,,,,,,,,,,,,,,,,,,,,,,,,,,,,,,,,,,,,,,,,,,0.142857143,,1,0,0.588235294,0.411764706,0.144927536,0.028985507,0.072463768,0.101449275,0.028985507,0.695652174,0.028985507,0,,,,,1,0,0.136363636,0.045454545,0,0,0,0.863636364,0,0,,,,,,,,,,,,,,,0,,1,0,0,1,0,0,0,1,0,0,0,0,0.25,,1,0,0.666666667,0.333333333,0.24137931,0.034482759,0.172413793,0.137931034,0.034482759,0.551724138,0.034482759,0,0,,1,0,0.333333333,0.666666667,0,0,0,0.117647059,0.058823529,0.764705882,0.058823529,0,,,,,,,,,,0.319148936,0.021276596,0.68115942,0.272727273,0,0.15942029,0.272727273,0,0.15942029,,0.285714286,Yannis Morin,Lenovo Tenerife,1333,4,FALSE
SPAIN,2024-2025,59157,36,1,0,0,0,0,0,0,0,0,0,0,0,0,0,0,0,1,1,0,0,0,0,0,0,0,1,0,0,0,0,0,0,0,0,0,0,0,0,0,0,0,0,0,0,0,0,0,0,0,0,0,0,0,0,0,0,0,0,0,0,0,0,0,0,0,0,0,0,0,0,0,0,0,0,0,0,0,0,0,0,0,0,0,0,0,0,0,0,0,0,0,0,0,0,0,0,0,0,0,0,0,0,0,0,0,0,0,0,1,0,0,0,0,0,0,0,0,0,0,1,0,0,0,0,0,1,0,0,0,0,0,0,0,1,0,0,0,0,0,0,0,0,0,0,0,0,0,0,0,0,0,0,0,0,0,0,0,0,0,0,0,0,539,205,60,48,52,8,27,21,9,15,1,29,10,19,70,100,57,55,108,15,352,86,29,12,5,12,0,4,1,2,2,4,9,0,18,7,7,17,2,55,1,1,2,3,0,0,0,0,0,0,1,0,0,1,0,1,0,1,0,0,1,0,1,9,5,2,1,1,1,0,1,0,0,0,1,0,2,1,1,3,0,5,0,0,253,108,27,25,26,1,18,7,19,6,8,38,1,53,31,29,52,9,159,4,15,186,60,19,17,13,6,5,12,7,1,3,21,0,26,18,17,36,4,129,5,2,1,0,0,0,0,0,0,0,0,0,0,0,0,0,0,0,0,0,297,138,40,30,20,4,92,25,6,7,5,2,150,42,14,11,4,3,0,0,0,0,128,107,0,0,0,0,0,0,0,0,,,,,,,,,,,,,0,0,0,0,,,,,0.380333952,0.111317254,0.016697588,0.05380334,0.185528757,0.337209302,0.139534884,0.023255814,1.5,0,0,0.555555556,0.222222222,0,0.42687747,0.106719368,0.023715415,0.322580645,0.102150538,0.005376344,,,,,,,0,0,0,0,0,1,0,0,1,0,0,0,,,,,,,0,0,0,0,0,1,0,0,1,0,0,0,,,,,,,,,,,,,,,,,,,,,,,,,,,,,,,,,,,,,,,,,,,,,,,,,,,,,,,,,,,,,,,,,,,,,,,,,0.658227848,0.275862069,0.731481481,0.268518519,0.636942675,0.363057325,0.102040816,0.018552876,0.035250464,0.200371058,0.027829314,0.653061224,0.027829314,0.001855288,0.75,0,0.941176471,0.058823529,0.72,0.28,0.081395349,0.011627907,0.011627907,0.197674419,0.023255814,0.639534884,0.046511628,0,,,,,1,0,0.5,0,0.5,0,0,0.5,0,0,1,0.5,0.333333333,0.666666667,0.666666667,0.333333333,0.111111111,0,0,0.333333333,0,0.555555556,0,0,0.590909091,0.125,0.846153846,0.153846154,0.630952381,0.369047619,0.114624506,0.015810277,0.059288538,0.205533597,0.035573123,0.628458498,0.031620553,0.003952569,0.722222222,0.333333333,0.5,0.5,0.590909091,0.409090909,0.091397849,0.02688172,0.010752688,0.193548387,0.021505376,0.693548387,0.016129032,0,0,0,1,,,0,,,0,0.464646465,0.134680135,0.551020408,0.27173913,0.065217391,0.170686456,0.28,0.093333333,0.278293135,,1.196261682,Mike Tobey,Dreamland Gran Canaria,1328,36,FALSE
SPAIN,2024-2025,59090,34,2,3,0,1,0,0,1,0,0,0,0,1,0,1,0,1,1,0,1,1,1,1,0,1,1,0,0,0,0,0,0,0,0,0,0,0,0,0,0,0,0,0,0,0,0,0,0,0,0,0,0,0,0,0,0,0,0,0,0,0,0,0,0,0,0,0,0,0,0,0,0,0,0,0,0,0,0,0,0,0,0,0,0,0,0,0,0,0,0,0,0,0,0,0,0,0,0,0,0,0,0,0,0,0,0,0,0,0,1,3,0,0,0,0,0,0,1,0,0,1,0,1,0,1,0,0,0,0,1,0,1,0,1,0,1,1,0,0,1,0,0,1,0,0,0,0,0,0,0,1,0,1,0,0,0,0,0,0,0,0,0,0,428,111,36,23,36,0,22,1,1,11,0,14,3,11,35,56,24,32,59,3,327,60,8,4,0,4,0,0,0,0,0,2,0,0,5,0,0,4,0,55,0,0,2,0,0,0,0,0,0,0,0,0,0,1,0,0,0,0,0,1,1,0,0,6,2,0,0,0,0,0,0,1,0,0,2,0,1,0,2,0,0,4,1,0,172,62,14,5,14,0,5,0,12,0,5,27,0,29,5,26,19,1,123,2,10,188,39,18,18,18,0,17,1,1,1,4,5,0,21,19,4,36,1,144,0,1,1,3,0,0,1,0,1,0,0,1,0,0,0,0,0,0,0,0,272,67,21,17,9,1,62,20,6,4,3,0,94,24,9,2,2,0,0,1,0,0,72,59,0,0,1.5,0,0,0.5,0.5,0.5,,,,,,,,,,,,,3,0,0,1,0,0,0,0,0.259345794,0.08411215,0.002336449,0.03271028,0.130841121,0.133333333,0.066666667,0,0,0,0,0.333333333,0,0,0.360465116,0.081395349,0,0.207446809,0.095744681,0.005319149,0,,1,0,0.5,0.5,0.5,0,0.5,0,0.5,0,0.5,0.5,0,0,0,0,,,,,1,0,1,0,1,0,1,0,1,0,0,0,0,0,0,,1,0,0,1,0,0,0,0,0,0,0,1,0,0,0,0,,,,,,,,,,,,,,,,,,,,,,,,,,,,,,,,,,,,,,,,,,,,,,,,,,,,,,,0.620689655,0,0.983050847,0.016949153,0.7,0.3,0.074766355,0.007009346,0.025700935,0.137850467,0.007009346,0.764018692,0.025700935,0,1,,1,0,1,0,0,0,0,0.066666667,0,0.916666667,0.033333333,0,,,,,,,0,0,0,0,0.5,0.5,0,0,,,,,1,0,0.333333333,0.166666667,0,0,0,0.666666667,0,0,0.736842105,,1,0,0.852941176,0.147058824,0.151162791,0.011627907,0.058139535,0.110465116,0.005813953,0.715116279,0.029069767,0,0.514285714,0,0.972222222,0.027777778,0.525,0.475,0.021276596,0,0.005319149,0.191489362,0.005319149,0.765957447,0.021276596,0,3,0,0.5,0,0,0.5,,,0,0.246323529,0.077205882,0.635514019,0.322580645,0.096774194,0.144859813,0.255319149,0.095744681,0.219626168,0,1.220338983,Emanuel Ion Cate,BAXI Manresa,1330,34,FALSE
SPAIN,2024-2025,59278,21,0,0,0,0,0,0,0,0,0,0,0,0,0,0,0,0,0,0,0,0,0,0,0,0,0,0,0,0,0,0,0,0,0,0,0,0,0,0,0,0,0,0,0,0,0,0,0,0,0,0,0,0,0,0,0,0,0,0,0,0,0,0,0,0,0,0,0,0,0,0,0,0,0,0,0,0,0,0,0,0,0,0,0,0,0,0,0,0,0,0,0,0,0,0,0,0,0,0,0,0,0,0,0,0,0,0,0,0,0,0,0,0,0,0,0,0,0,0,0,0,0,0,0,0,0,0,0,0,0,0,0,0,0,0,0,0,0,0,0,0,0,0,0,0,0,0,0,0,0,0,0,0,0,0,0,0,0,0,0,0,0,0,80,12,4,8,4,0,8,0,1,3,2,2,2,0,9,9,9,8,12,1,56,17,0,0,3,0,0,3,0,0,0,0,1,0,0,3,1,3,0,13,0,0,3,2,1,0,1,0,0,0,0,0,0,2,0,1,0,2,1,0,0,0,0,0,0,0,0,0,0,0,0,0,0,0,0,0,0,0,0,0,0,0,0,0,44,8,2,3,2,0,3,0,2,0,2,4,1,6,3,4,5,0,33,2,0,16,2,1,2,1,0,2,0,0,1,1,2,1,2,3,1,3,1,10,0,0,0,0,0,0,0,0,0,0,0,0,0,0,0,0,0,0,0,0,42,6,2,4,1,1,8,2,0,1,1,0,30,4,2,3,0,0,0,0,0,0,8,12,0,0,,,,,,,,,,,,,,,,,,,,,,,,,,,0.15,0.05,0.0125,0.025,0.1125,0,0,0,0.666666667,0.333333333,0,,,,0.181818182,0.045454545,0,0.125,0.0625,0.0625,,,,,,,,,,,,,,,,,,,,,,,,,,,,,,,,,,,,,,,,,,,,,,,,,,,,,,,,,,,,,,,,,,,,,,,,,,,,,,,,,,,,,,,,,,,,,,,,,,,,,,,,,,,,,0.333333333,,1,0,0.5,0.5,0.1,0.025,0,0.15,0.0125,0.7,0.0375,0.025,0,,1,0,0,1,0.058823529,0,0,0.176470588,0,0.764705882,0,0,1,,1,0,1,0,0.666666667,0,0,0.333333333,0,0,0,0,,,,,,,,,,,,,,,0.4,,1,0,0.666666667,0.333333333,0.090909091,0.045454545,0,0.113636364,0,0.75,0.045454545,0.022727273,0.333333333,,1,0,0.4,0.6,0.0625,0,0,0.1875,0.0625,0.625,0.0625,0.0625,,,,,,,,,,0.142857143,0.047619048,0.525,0.25,0,0.1,0.133333333,0.066666667,0.375,,0.666666667,Ignacio Llovet Camp,BC MoraBanc Andorra,1332,21,FALSE
SPAIN,2024-2025,59211,19,0,0,0,0,0,0,0,0,0,0,0,0,0,0,0,0,0,0,0,0,0,0,0,0,0,0,0,0,0,0,0,0,0,0,0,0,0,0,0,0,0,0,0,0,0,0,0,0,0,0,0,0,0,0,0,0,0,0,0,0,0,0,0,0,0,0,0,0,0,0,0,0,0,0,0,0,0,0,0,0,0,0,0,0,0,0,0,0,0,0,0,0,0,0,0,0,0,0,0,0,0,0,0,0,0,0,0,0,0,0,0,0,0,0,0,0,0,0,0,0,0,0,0,0,0,0,0,0,0,0,0,0,0,0,0,0,0,0,0,0,0,0,0,0,0,0,0,0,0,0,0,0,0,0,0,0,0,0,0,0,0,0,127,23,9,4,9,0,4,0,2,1,1,2,1,1,5,12,6,4,13,1,108,34,8,4,0,4,0,0,0,0,0,0,0,0,4,0,0,4,0,30,0,0,0,0,0,0,0,0,0,0,0,0,0,0,0,0,0,0,0,0,0,0,0,0,0,0,0,0,0,0,0,0,0,0,0,0,0,0,0,0,0,0,0,0,54,9,3,0,3,0,0,0,1,1,0,3,0,4,1,3,3,0,47,0,1,39,6,2,4,2,0,4,0,1,1,1,2,1,4,5,1,6,1,31,1,0,0,0,0,0,0,0,0,0,0,0,0,0,0,0,0,0,0,0,95,17,6,1,2,2,6,0,0,1,0,0,26,6,3,2,0,0,0,0,0,0,18,13,0,0,,,,,,,,,,,,,,,,,,,,,,,,,,,0.181102362,0.070866142,0.015748031,0.015748031,0.094488189,0.235294118,0.117647059,0,,,,,,,0.166666667,0.055555556,0.018518519,0.153846154,0.051282051,0.025641026,,,,,,,,,,,,,,,,,,,,,,,,,,,,,,,,,,,,,,,,,,,,,,,,,,,,,,,,,,,,,,,,,,,,,,,,,,,,,,,,,,,,,,,,,,,,,,,,,,,,,,,,,,,,,0.692307692,,1,0,0.666666667,0.333333333,0.031496063,0.007874016,0.007874016,0.102362205,0.007874016,0.850393701,0.007874016,0.007874016,1,,1,0,1,0,0,0,0,0.117647059,0,0.882352941,0,0,,,,,,,,,,,,,,,,,,,,,,,,,,,,,1,,1,0,0.8,0.2,0.055555556,0,0.018518519,0.055555556,0,0.87037037,0,0,0.333333333,,1,0,0.444444444,0.555555556,0.025641026,0.025641026,0,0.153846154,0.025641026,0.794871795,0.025641026,0.025641026,,,,,,,,,,0.178947368,0.063157895,0.748031496,0,0,0.047244094,0.230769231,0.115384615,0.204724409,,1.384615385,Konstantin Iroslavov Kostadinov,Lenovo Tenerife,1333,19,FALSE
SPAIN,2024-2025,59195,32,1,2,0,0,0,0,0,0,0,0,0,1,1,0,1,0,1,1,0,1,0,1,1,0,0,0,0,0,0,0,0,0,0,0,0,0,0,0,0,0,0,0,0,0,0,0,0,0,0,0,0,0,0,0,0,0,0,0,0,0,0,0,0,0,0,0,0,0,0,0,0,0,0,0,0,0,0,0,0,0,0,0,0,0,0,0,0,0,0,0,0,0,0,0,0,0,0,0,0,0,0,0,0,0,0,0,0,0,1,2,0,0,0,0,0,0,1,0,0,1,0,1,0,1,0,0,0,1,0,1,0,1,0,1,0,0,0,0,0,0,0,0,0,0,0,0,0,0,0,0,0,0,0,0,0,0,0,0,0,0,0,0,124,45,16,17,13,3,12,5,4,9,2,4,2,2,15,28,21,13,33,2,66,50,24,9,6,8,1,5,1,2,4,3,8,0,14,10,6,15,2,22,1,1,0,0,0,0,0,0,0,0,0,0,0,0,0,0,0,0,0,0,0,0,0,1,0,0,0,0,0,0,0,0,0,0,0,0,0,0,0,0,0,1,0,0,45,11,3,8,1,2,6,2,1,0,4,4,2,8,8,4,11,0,26,0,1,27,10,4,3,4,0,1,2,1,0,2,3,0,6,3,3,7,0,16,1,0,0,0,0,0,0,0,0,0,0,0,0,0,1,2,0,0,1,0,28,6,3,5,0,1,18,7,1,1,2,1,78,32,12,11,2,2,0,0,0,0,35,33,0,0,2,0,0,1,1,1,,,,,,,,,,,,,2,0,0,1,,,,,0.362903226,0.129032258,0.032258065,0.032258065,0.225806452,0.48,0.18,0.08,,,,0,0,0,0.244444444,0.066666667,0,0.37037037,0.148148148,0,,,,,1,0,1,1,0,1,0,1,0,0,0,0,0,0,,,,,1,0,1,1,0,1,0,1,0,0,0,0,0,0,,,,,,,,,,,,,,,,,,,,,,,,,,,,,,,,,,,,,,,,,,,,,,,,,,,,,,,,,,,,,,,,,,,,,,,,,0.52,0.375,0.757575758,0.242424242,0.571428571,0.428571429,0.10483871,0.016129032,0.016129032,0.266129032,0.016129032,0.532258065,0.072580645,0.016129032,0.615384615,0.5,0.866666667,0.133333333,0.583333333,0.416666667,0.12,0.02,0.02,0.3,0.04,0.44,0.06,0,,,,,,,,,,,,,,,,,,,,,0,0,0,0,0,1,0,0,0.142857143,0.5,0.636363636,0.363636364,0.5,0.5,0.088888889,0,0.022222222,0.244444444,0,0.577777778,0.088888889,0.044444444,0.8,0,0.714285714,0.285714286,0.666666667,0.333333333,0.111111111,0.037037037,0,0.259259259,0,0.592592593,0.074074074,0,,,0,,,0,2,0,1,0.214285714,0.107142857,0.225806452,0.388888889,0.055555556,0.14516129,0.41025641,0.153846154,0.629032258,,1.060606061,John Shurna,Dreamland Gran Canaria,1328,32,FALSE
SPAIN,2024-2025,35294,4,34,15,1,8,1,0,6,2,5,1,0,5,4,1,3,2,23,14,9,7,13,13,7,6,9,10,0,0,0,0,0,0,0,0,0,0,0,0,0,0,0,0,0,0,0,0,0,0,0,0,0,0,0,0,5,4,1,1,1,0,1,0,1,2,0,3,0,2,3,1,2,2,0,1,0,1,0,1,0,1,2,0,0,0,0,0,0,0,0,0,0,0,0,0,0,0,0,0,0,0,0,0,0,0,0,0,0,0,24,8,0,5,0,0,4,1,3,3,1,17,0,4,8,11,5,6,0,3,0,2,1,6,5,11,6,5,3,0,2,0,0,1,1,1,0,0,3,0,1,2,1,2,2,0,0,1,0,1,0,1,2,1,0,0,0,0,0,0,0,0,0,0,0,0,0,0,0,0,0,0,0,0,0,0,0,0,0,0,0,0,0,0,0,0,0,0,0,0,0,0,0,0,0,0,0,0,0,0,0,0,0,0,0,0,0,0,0,0,0,0,0,0,0,0,0,0,0,0,0,0,0,0,0,0,0,0,0,0,0,0,0,0,0,0,0,0,0,0,0,0,0,0,0,0,0,0,0,0,0,0,0,0,0,0,0,0,0,0,0,0,0,0,0,0,0,0,0,0,0,0,0,0,0,0,0,0,0,0,21,8,1,5,2,3,9,5,0,2,2,1,4,2,0,1,1,1,0,0,0,0,0,0,0,0,0,0,0,0,0,0,0,0,0,0,2,9,2,2,0,0,0,0,0.441176471,0.029411765,0.147058824,0.147058824,0.382352941,0.205882353,0.8,0.2,0.4,0.2,,,,,,,,,0.333333333,0,0.125,0.125,0.6,0,0,0.2,,,,,,,,,,,,,,,,,,,,,0.142857143,0,0.777777778,0.222222222,0.35,0.65,0.382352941,0.117647059,0.029411765,0.088235294,0.058823529,0.411764706,0.264705882,0.264705882,0.294117647,0,0.029411765,0,0,0,0.8,0.2,0.333333333,0.666666667,0.458333333,0.125,0,0.083333333,0.041666667,0.458333333,0.25,0.208333333,0.25,0,0.041666667,0,0,0,0.5,0.5,0.333333333,0.666666667,0.2,0,0.2,0,0.2,0.4,0.2,0.4,0.4,0,0,0,0.5,,1,0,0.4,0.6,0.2,0.2,0,0.2,0,0.2,0.4,0.4,0.4,0,0,0,,,,,,,,,,,,,,,,,,,,,,,,,,,,,,,,,,,,,,,,,,,,,,,,,,,,,,,,,,,,,,,,,,,,,,,,,,,,,,,,,,,,,,,,,,,,,,,,,,,,,,,,,,,,,,,,,,,,,,,,,0.380952381,0.047619048,0.617647059,0.555555556,0,0.264705882,0.5,0,0.117647059,,,,,,,,,,0.4048583,,Dee Bost,ICG Forca Lleida,1323,4,FALSE
SPAIN,2024-2025,59114,39,4,4,1,1,1,0,1,0,0,0,0,1,1,0,1,0,2,2,0,2,1,1,1,0,2,1,0,0,0,0,0,0,0,0,0,0,0,0,0,0,0,0,0,0,0,0,0,0,0,0,0,0,0,0,1,0,0,1,0,0,1,0,0,0,0,0,0,0,1,0,1,0,0,0,0,0,0,0,0,0,0,0,0,0,0,0,0,0,0,0,0,0,0,0,0,0,0,0,0,0,0,0,0,0,0,0,0,0,3,4,1,0,1,0,0,0,1,0,0,2,0,2,0,1,1,1,0,1,0,1,0,1,0,2,0,0,0,0,0,0,0,0,0,0,0,0,0,0,0,0,0,0,0,0,0,0,0,0,0,0,0,0,120,23,7,6,5,2,2,4,1,7,1,3,2,1,11,16,7,10,13,1,90,21,3,1,1,0,1,0,1,0,0,1,0,0,2,1,0,2,0,18,0,0,0,0,0,0,0,0,0,0,0,0,0,0,0,0,0,0,0,0,0,0,0,0,0,0,0,0,0,0,0,0,0,0,0,0,0,0,0,0,0,0,0,0,58,16,4,2,3,1,0,2,3,0,4,8,0,11,2,8,6,0,40,2,1,41,4,2,3,2,0,2,1,0,1,2,3,1,3,4,2,5,1,32,0,0,1,2,0,0,1,0,1,0,0,0,0,0,2,2,1,1,0,0,80,17,6,6,1,0,17,0,0,0,0,0,23,6,1,0,2,1,2,2,0,0,16,13,0,0,1,0.25,0,0.25,0.25,0.5,0,0,0,0,,,,,,,,,1.333333333,0.333333333,0,0.333333333,,,,,0.191666667,0.058333333,0.008333333,0.025,0.133333333,0.142857143,0.047619048,0,,,,,,,0.275862069,0.068965517,0,0.097560976,0.048780488,0.024390244,0.5,,1,0,0.666666667,0.333333333,0.25,0.25,0,0.25,0,0.5,0,0.5,0.25,0,0,0,1,,1,0,1,0,0.333333333,0.333333333,0,0.333333333,0,0.666666667,0,0.333333333,0.333333333,0,0,0,,,,,,,,,,,,,,,,,,,0,,1,0,0,1,0,0,0,0,0,0,0,1,0,0,0,0,,,,,,,,,,,,,,,,,,,,,,,,,,,,,,,,,,,,,0.714285714,0.333333333,0.538461538,0.461538462,0.695652174,0.304347826,0.083333333,0.016666667,0.008333333,0.108333333,0.008333333,0.75,0.058333333,0.008333333,,0.5,0,1,0.666666667,0.333333333,0,0,0,0.095238095,0,0.857142857,0.047619048,0,,,,,,,,,,,,,,,,,,,,,,,,,,,,,1,0.333333333,0.5,0.5,0.846153846,0.153846154,0.137931034,0.034482759,0.017241379,0.103448276,0,0.689655172,0.068965517,0,0.5,0,0.8,0.2,0.428571429,0.571428571,0.048780488,0,0,0.12195122,0.024390244,0.780487805,0.048780488,0.024390244,2,0,0.25,0,0,0.25,1,0.5,0.5,0.2125,0.075,0.666666667,0,0,0.141666667,0.260869565,0.043478261,0.191666667,1,1.230769231,Tim Abromaitis,Lenovo Tenerife,1333,39,FALSE
SPAIN,2024-2025,35701,5,0,0,0,0,0,0,0,0,0,0,0,0,0,0,0,0,0,0,0,0,0,0,0,0,0,0,0,0,0,0,0,0,0,0,0,0,0,0,0,0,0,0,0,0,0,0,0,0,0,0,0,0,0,0,0,0,0,0,0,0,0,0,0,0,0,0,0,0,0,0,0,0,0,0,0,0,0,0,0,0,0,0,0,0,0,0,0,0,0,0,0,0,0,0,0,0,0,0,0,0,0,0,0,0,0,0,0,0,0,0,0,0,0,0,0,0,0,0,0,0,0,0,0,0,0,0,0,0,0,0,0,0,0,0,0,0,0,0,0,0,0,0,0,0,0,0,0,0,0,0,0,0,0,0,0,0,0,0,0,0,0,0,52,18,9,6,9,0,6,0,0,2,4,0,0,0,0,11,6,0,15,0,35,5,2,1,0,1,0,0,0,0,0,1,0,0,2,0,0,1,0,3,0,0,0,0,0,0,0,0,0,0,0,0,0,0,0,0,0,0,0,0,0,0,0,0,0,0,0,0,0,0,0,0,0,0,0,0,0,0,0,0,0,0,0,0,26,12,6,3,6,0,3,0,0,0,1,0,1,7,3,0,9,0,16,0,0,21,4,2,3,2,0,3,0,0,0,0,0,3,2,3,0,5,0,16,0,0,0,0,0,0,0,0,0,0,0,0,0,0,0,0,0,0,0,0,41,14,7,6,0,0,7,4,2,0,0,0,4,0,0,0,0,0,0,0,0,0,18,15,0,0,,,,,,,,,,,,,,,,,,,,,,,,,,,0.346153846,0.173076923,0,0,0.211538462,0.4,0.2,0,,,,,,,0.461538462,0.230769231,0,0.19047619,0.095238095,0,,,,,,,,,,,,,,,,,,,,,,,,,,,,,,,,,,,,,,,,,,,,,,,,,,,,,,,,,,,,,,,,,,,,,,,,,,,,,,,,,,,,,,,,,,,,,,,,,,,,,,,,,,,,,0.6,,1,0,0.647058824,0.352941176,0,0,0,0.288461538,0,0.673076923,0.038461538,0.076923077,1,,1,0,1,0,0,0,0,0.2,0,0.6,0.2,0,,,,,,,,,,,,,,,,,,,,,,,,,,,,,0.666666667,,1,0,0.7,0.3,0,0,0,0.346153846,0,0.615384615,0.038461538,0.038461538,0.4,,1,0,0.4,0.6,0,0,0,0.238095238,0,0.761904762,0,0.142857143,,,,,,,,,,0.341463415,0.170731707,0.788461538,0.571428571,0.285714286,0.134615385,0,0,0.076923077,,1.2,John Egbunu,Leche Rio Breogan,1322,5,FALSE
SPAIN,2024-2025,59247,26,3,1,0,2,0,0,0,2,0,1,0,0,0,0,0,0,0,0,0,1,2,0,0,0,2,0,0,0,0,0,0,0,0,0,0,0,0,0,0,0,0,0,0,0,0,0,0,0,0,0,0,0,0,0,1,0,0,1,0,0,0,1,0,0,0,0,0,0,1,0,1,0,0,0,0,0,0,0,0,0,0,0,0,0,0,0,0,0,0,0,0,0,0,0,0,0,0,0,0,0,0,0,0,0,0,0,0,0,2,1,0,1,0,0,0,1,0,0,1,0,0,1,1,0,1,0,0,0,0,0,0,0,0,0,0,0,0,0,0,0,0,0,0,0,0,0,0,0,0,0,0,0,0,0,0,0,0,0,0,0,0,0,71,24,8,11,4,4,7,4,2,3,0,2,2,0,5,12,13,4,19,1,43,12,0,0,3,0,0,2,1,0,0,0,1,0,0,3,1,3,0,8,0,0,0,0,0,0,0,0,0,0,0,0,0,0,0,0,0,0,0,0,0,0,0,0,0,0,0,0,0,0,0,0,0,0,0,0,0,0,0,0,0,0,0,0,35,15,6,6,3,3,4,2,0,1,3,1,0,8,7,1,12,0,19,0,0,24,9,2,2,1,1,1,1,2,1,0,3,0,4,3,2,4,1,16,2,0,1,0,0,1,0,0,0,0,0,0,0,0,2,1,0,1,0,0,25,12,3,3,2,0,9,0,0,0,0,0,37,12,5,8,0,2,0,2,3,1,20,19,0,0,0.333333333,0,0,0,0,0.333333333,0,0,0,0,,,,,,,,,0.5,0,0,0,,,,,0.338028169,0.112676056,0.028169014,0.028169014,0.169014085,0,0,0,,,,,,,0.428571429,0.171428571,0.028571429,0.375,0.083333333,0.041666667,,0,0,1,0.333333333,0.666666667,0,0,0,0,0,0,0,0.666666667,0,0,0.333333333,0,,0,0,1,0.5,0.5,0,0,0,0,0,0,0,0.5,0,0,0.5,0,,,,,,,,,,,,,,,,,,,,0,0,1,0,1,0,0,0,0,0,0,0,1,0,0,0,0,,,,,,,,,,,,,,,,,,,,,,,,,,,,,,,,,,,,,0.363636364,0.5,0.578947368,0.421052632,0.48,0.52,0.056338028,0.028169014,0,0.267605634,0.014084507,0.605633803,0.042253521,0,0,0,0.666666667,0.333333333,0,1,0.083333333,0,0,0.25,0,0.666666667,0,0,,,,,,,,,,,,,,,,,,,,,,,,,,,,,0.428571429,0.6,0.583333333,0.416666667,0.533333333,0.466666667,0.028571429,0,0,0.342857143,0,0.542857143,0.085714286,0,0.5,0.5,0.5,0.5,0.571428571,0.428571429,0.083333333,0.083333333,0,0.166666667,0.041666667,0.666666667,0,0,0,0,0.333333333,,,0,0.5,0,0.666666667,0.48,0.12,0.352112676,0,0,0.126760563,0.324324324,0.135135135,0.521126761,0.301204819,1.052631579,Trey Thompkins,Leyma Coruna,1321,26,FALSE
SPAIN,2024-2025,59158,18,66,51,10,13,10,0,10,3,4,2,0,11,5,6,5,6,40,17,23,22,17,28,7,21,23,12,0,0,0,0,0,0,0,0,0,0,0,0,0,0,0,0,0,0,0,0,0,0,0,0,0,0,0,0,8,3,0,1,0,0,0,1,1,0,0,7,0,1,1,5,1,2,0,0,1,1,0,1,4,3,4,2,0,0,0,0,0,0,0,0,0,0,2,0,0,0,1,0,1,0,0,0,0,0,0,1,1,1,42,41,9,9,9,0,8,1,8,2,2,21,0,18,11,15,18,6,0,4,4,4,4,5,10,11,10,14,7,1,3,1,0,2,1,2,2,0,10,0,3,5,7,4,3,0,1,1,0,2,1,6,2,8,1,0,0,0,0,0,0,0,0,0,0,0,0,0,0,0,0,0,0,0,1,0,0,0,0,0,0,0,0,0,0,0,0,0,0,0,0,0,0,0,0,0,0,0,0,0,0,0,0,0,0,0,0,0,0,0,0,0,0,0,0,0,0,0,0,0,0,0,0,0,0,0,0,0,0,0,0,0,0,0,0,0,0,0,0,0,0,0,0,0,0,0,0,0,0,0,0,0,0,0,0,0,0,0,0,1,0,0,0,0,0,0,0,0,0,0,0,0,0,0,0,0,0,1,0,0,42,30,9,7,5,4,10,10,0,0,3,0,14,11,1,6,3,0,1,0,0,0,0,0,0,0,0,0,0,0,0,0,0,0,0,0,20,23,3,3,0,0,0,0,0.772727273,0.151515152,0.060606061,0.166666667,0.424242424,0.333333333,0.375,0,0,0.125,,,,,0,0,0,0,0.976190476,0.214285714,0.047619048,0.19047619,0.5,0.071428571,0.142857143,0.142857143,0,0,0,0,0,,,,,,,,,,,,,0,0,0,0.5,0,0.869565217,0.130434783,0.564102564,0.435897436,0.424242424,0.075757576,0.090909091,0.075757576,0.090909091,0.257575758,0.348484848,0.348484848,0.181818182,0,0.03030303,0,0.529411765,0,0.944444444,0.055555556,0.620689655,0.379310345,0.357142857,0.095238095,0.095238095,0.095238095,0.095238095,0.261904762,0.238095238,0.428571429,0.142857143,0,0.047619048,0,0.333333333,0,0.75,0.25,0.375,0.625,0.5,0.071428571,0.071428571,0,0.142857143,0.142857143,0.571428571,0.285714286,0.214285714,0,0,0,,0,0,1,0.5,0.5,0.625,0,0.125,0.125,0,0.375,0.5,0.125,0.25,0,0,0,,,,,,,0.5,0,0,0,0,0.5,0.5,0,0.5,0,0,0,,,,,,,,,,,,,,,,,,,,,,,,,0,0,0,0,0,1,0,0,,,,,,,,,,,,,,,,,,,,,,,,,,,,,,,,,,,,,,,,,,,,,,,,,,,,,,,,,,,,,,,0,0,0,0,0,1,0,0,0.714285714,0.214285714,0.636363636,1,0,0.151515152,0.785714286,0.071428571,0.212121212,0,0,1,,,0,,,0,0.945723684,,Ziga Samar,Dreamland Gran Canaria,1328,18,FALSE
SPAIN,2024-2025,58872,33,415,400,69,73,56,13,44,29,36,8,4,96,46,50,48,48,253,126,127,169,109,179,77,102,142,74,0,1,0,0,0,0,0,0,0,0,0,0,1,0,0,0,1,0,0,0,0,0,0,0,0,1,0,1,59,68,9,16,5,4,7,9,16,4,1,32,0,26,20,22,25,10,0,4,12,7,9,7,15,12,20,2,0,0,1,0,0,1,0,0,0,0,1,0,0,1,0,1,1,0,0,0,0,0,0,0,1,0,309,292,57,40,49,8,31,9,68,29,6,195,2,127,69,138,97,57,0,39,29,36,32,65,73,103,92,44,40,3,16,2,1,5,11,12,3,1,24,2,16,19,18,19,6,0,3,9,5,7,5,13,10,14,4,0,0,0,0,0,0,0,1,0,0,0,0,0,1,0,1,0,0,1,3,3,0,0,0,0,0,0,0,0,1,0,1,0,0,1,0,0,1,2,0,0,0,0,0,0,0,0,0,0,0,0,0,0,0,0,0,0,0,0,0,0,0,0,0,0,0,0,0,0,0,0,0,0,0,0,0,0,0,0,0,0,0,0,0,0,0,0,0,0,0,0,0,0,0,0,0,0,0,0,0,0,0,0,0,1,0,0,0,0,0,0,0,0,0,0,0,0,0,0,0,0,0,1,0,0,227,207,39,45,47,17,85,83,13,11,21,6,103,110,17,17,28,13,2,0,0,0,0,0,0,0,0,0,0,0,2,0,0,0,0,1,151,142,8,7,0,0,0,0,0.963855422,0.16626506,0.086746988,0.231325301,0.431325301,0.407228916,1.152542373,0.152542373,0.06779661,0.271186441,0,0,0,0,0,0,0,0,0.944983819,0.184466019,0.093851133,0.220064725,0.909090909,0.068181818,0.068181818,0.272727273,0,0,0.25,0,0,0,0,0.333333333,,,,,,,,,,0,0,0,0.56,0.30952381,0.704225352,0.295774648,0.607913669,0.392086331,0.431325301,0.110843373,0.120481928,0.115662651,0.115662651,0.303614458,0.306024096,0.342168675,0.178313253,0,0.019277108,0.009638554,0.6125,0.470588235,0.824742268,0.175257732,0.647959184,0.352040816,0.446601942,0.126213592,0.093851133,0.116504854,0.103559871,0.333333333,0.297734628,0.313915858,0.184466019,0,0.019417476,0.006472492,0.285714286,0.083333333,0.368421053,0.631578947,0.457142857,0.542857143,0.409090909,0.068181818,0.204545455,0.113636364,0.159090909,0.227272727,0.318181818,0.431818182,0.136363636,0,0.022727273,0.045454545,0.416666667,0.307692308,0.48,0.52,0.565217391,0.434782609,0.372881356,0.06779661,0.203389831,0.118644068,0.152542373,0.203389831,0.338983051,0.423728814,0.169491525,0,0.016949153,0,0,,1,0,0,1,0,0,0,0,0,0.5,0,0.5,0.5,0,0,0,,,,,,,1,0,0,0,0,0,1,0,0,0,0,0,,,,,0,1,0,0,0,0,0.25,0.75,0,0,,,,,0,1,0,0,0,0,0.333333333,0.666666667,0,0,,,,,,,,,,,,,,,,,,,,,,,,,,,,,,,,,,,,,,,,,,,,,,,,,0,0,0,0,0,1,0,0,0.911894273,0.171806167,0.546987952,0.976470588,0.152941176,0.204819277,1.067961165,0.165048544,0.248192771,0,0,0.5,,,0,0,0,0.5,1.085761407,,Chris Jones,Valencia BC,1325,33,FALSE
SPAIN,2024-2025,18499,34,334,249,43,65,38,5,51,14,32,27,8,49,21,28,19,30,197,84,113,108,97,127,39,88,108,70,0,0,0,0,0,0,0,0,0,0,0,0,0,0,0,0,0,0,0,0,0,0,0,0,0,0,0,0,50,25,4,13,4,0,6,7,3,3,6,26,2,13,16,14,17,12,0,1,2,2,1,5,9,12,14,2,0,0,0,0,0,0,0,0,1,0,1,0,0,1,1,0,0,0,0,0,0,0,1,0,1,0,240,191,34,43,29,5,37,6,39,22,18,148,3,82,65,96,77,52,0,18,21,14,25,27,69,63,85,42,33,5,9,5,0,8,1,7,6,3,22,3,13,15,16,14,6,0,2,5,3,4,6,10,8,14,7,5,1,0,1,0,0,0,0,0,0,1,0,1,2,2,0,2,1,0,4,3,0,0,0,0,0,0,0,0,0,0,1,0,0,0,1,0,0,2,0,0,0,0,0,0,0,0,0,0,0,0,0,0,0,0,0,0,0,0,0,0,0,0,0,0,0,0,0,0,0,0,0,0,0,0,0,0,0,0,0,0,0,0,2,2,1,0,1,0,0,0,0,0,0,0,0,1,0,0,1,0,1,0,0,2,3,0,0,0,0,0,0,1,0,0,1,0,1,0,1,0,0,1,0,1,220,164,28,42,32,22,46,37,6,12,6,2,68,48,9,11,11,8,3,5,1,0,1,0,2,0,0,0,0,0,2,0,0,0,0,0,91,108,36,32,2,1,0,0,0.745508982,0.128742515,0.095808383,0.146706587,0.380239521,0.323353293,0.5,0.08,0.06,0.06,,,,,0,0,0.5,0,0.795833333,0.141666667,0.091666667,0.1625,0.785714286,0.119047619,0.142857143,0.166666667,0.714285714,0.142857143,0,0.142857143,0.285714286,0,0,0,,,,,,,1,0.5,0,1.5,0,0,0.426966292,0.263157895,0.824074074,0.175925926,0.526829268,0.473170732,0.380239521,0.062874251,0.083832335,0.056886228,0.089820359,0.251497006,0.338323353,0.323353293,0.209580838,0,0.080838323,0.023952096,0.439393939,0.454545455,0.857142857,0.142857143,0.557823129,0.442176871,0.4,0.075,0.0875,0.058333333,0.104166667,0.2625,0.354166667,0.320833333,0.216666667,0,0.075,0.0125,0.384615385,0,0.928571429,0.071428571,0.464285714,0.535714286,0.380952381,0.047619048,0.119047619,0.071428571,0.095238095,0.19047619,0.333333333,0.333333333,0.142857143,0,0.071428571,0.071428571,0.4,0,0.588235294,0.411764706,0.448275862,0.551724138,0.28,0.02,0.04,0.04,0.02,0.24,0.28,0.34,0.24,0,0.12,0.04,,,,,0,1,0.5,0,0,0,0,0.5,0,0,0,0,0,0,,,,,,,,,,,,,,,,,,,1,,1,0,1,0,0.285714286,0,0.142857143,0.142857143,0,0.571428571,0,0,,,,,,,0.333333333,0,0,0,0,0.666666667,0,0,,,,,,,,,,,,,,,,,,,,,,,,,,,,,1,,1,0,1,0,0,0,0,0.5,0,0.5,0,0,,,,,1,0,0.5,0,0.5,0,0,0.5,0,0,0.745454545,0.127272727,0.658682635,0.804347826,0.130434783,0.137724551,0.705882353,0.132352941,0.203592814,1.666666667,0.333333333,0.428571429,0,0,0.285714286,0,0,0.285714286,0.993217054,2,Aljami Durham,Basquet Girona,1315,34,FALSE
SPAIN,2024-2025,59205,34,113,70,14,25,11,3,11,14,20,5,1,14,11,3,8,6,59,33,26,33,45,29,11,18,39,30,0,0,0,0,0,0,0,0,0,0,0,0,0,0,0,0,0,0,0,0,0,0,0,0,0,0,0,0,32,14,3,6,3,0,2,4,4,5,1,19,0,8,11,9,9,10,0,4,0,3,1,3,6,11,8,1,0,0,1,0,0,0,1,0,0,0,0,0,0,1,0,1,0,0,0,0,0,0,0,0,0,0,64,46,8,10,7,1,5,5,10,13,3,36,0,21,23,19,18,17,0,7,3,5,5,7,12,19,17,16,10,3,8,1,2,4,4,0,2,1,4,1,4,10,1,11,3,0,0,0,0,0,1,0,3,1,30,15,1,5,0,1,2,3,1,0,1,5,3,2,7,6,6,6,6,1,17,8,2,0,1,0,0,0,1,1,0,0,1,0,1,1,1,1,0,6,1,0,0,0,0,0,0,0,0,0,0,0,0,0,0,0,0,0,0,0,0,0,0,0,0,0,0,0,0,0,0,0,0,0,0,0,0,0,0,0,0,0,0,0,11,10,1,4,0,1,2,2,3,1,0,4,1,4,5,3,5,1,2,2,1,11,3,0,0,0,0,0,0,1,0,0,2,0,1,0,2,0,0,9,0,1,53,43,8,9,9,7,20,8,2,5,1,2,40,19,4,11,4,11,18,8,0,4,3,0,8,7,1,1,2,1,4,0,0,0,0,0,31,39,9,8,3,6,0,0,0.619469027,0.123893805,0.17699115,0.123893805,0.256637168,0.292035398,0.4375,0.09375,0.15625,0.125,,,,,0,0,0,0,0.71875,0.125,0.203125,0.15625,0.625,0.1875,0.125,0,0.5,0.033333333,0.033333333,0.166666667,0.2,0.25,0,0,,,,,,,0.909090909,0.090909091,0.090909091,0.272727273,0,0,0.5,0.176470588,0.564102564,0.435897436,0.423076923,0.576923077,0.256637168,0.097345133,0.026548673,0.07079646,0.053097345,0.292035398,0.230088496,0.345132743,0.265486726,0,0.044247788,0.008849558,0.583333333,0.166666667,0.666666667,0.333333333,0.477272727,0.522727273,0.296875,0.109375,0.046875,0.078125,0.078125,0.296875,0.265625,0.28125,0.265625,0,0.046875,0,0.2,0.333333333,0.454545455,0.545454545,0.285714286,0.714285714,0.0625,0,0,0,0,0.1875,0.0625,0.6875,0.1875,0,0.0625,0.0625,0.6,0,0.555555556,0.444444444,0.421052632,0.578947368,0.28125,0.125,0,0.09375,0.03125,0.34375,0.25,0.28125,0.3125,0,0.03125,0,,0,0,1,0,1,0,0,0,0,0,0,0,1,0,0,0,0,,,,,,,,,,,,,,,,,,,0,0.25,0.333333333,0.666666667,0.5,0.5,0.2,0.1,0.066666667,0.2,0.033333333,0.566666667,0,0.033333333,,0,0,1,0.5,0.5,0.125,0.125,0,0.125,0,0.75,0,0,,,,,,,,,,,,,,,,,,,,,,,,,,,,,0,0.333333333,0.4,0.6,0.444444444,0.555555556,0.272727273,0.181818182,0.090909091,0.454545455,0.090909091,0.181818182,0,0.090909091,,,,,1,0,0.181818182,0,0.090909091,0,0,0.818181818,0,0,0.811320755,0.150943396,0.469026549,0.4,0.1,0.17699115,0.475,0.1,0.353982301,0.444444444,0,0.6,0.875,0.125,0.266666667,0,0,0.133333333,0.907821229,0.5,Santiago Yusta,Casademont Zaragoza,1331,34,FALSE
SPAIN,2024-2025,34992,33,137,113,22,25,18,4,17,8,17,9,3,22,12,10,9,13,78,31,47,50,42,49,14,35,47,29,0,1,0,0,0,0,0,0,0,0,0,0,1,0,0,0,1,0,0,0,0,0,0,0,0,1,0,1,19,20,7,4,5,2,2,2,1,1,1,7,1,9,5,2,11,5,0,1,0,0,1,1,1,4,3,2,2,0,1,0,0,1,0,1,0,0,1,0,1,1,1,1,0,0,1,0,1,0,1,0,1,0,96,64,9,18,9,0,13,5,15,15,8,59,2,29,33,39,27,20,0,8,7,6,9,10,29,21,38,19,27,6,2,4,2,1,1,5,1,0,10,0,11,3,6,8,4,0,2,3,2,3,2,4,5,5,34,7,3,4,2,1,1,3,1,0,0,0,0,0,2,3,5,1,7,1,24,12,0,0,2,0,0,0,2,0,0,0,1,0,0,2,1,2,0,9,0,0,0,0,0,0,0,0,0,0,0,0,0,0,0,0,0,0,0,0,0,0,0,0,0,0,0,0,0,0,0,0,0,0,0,0,0,0,0,0,0,0,0,0,9,3,1,0,0,1,0,0,0,1,0,1,0,1,1,0,1,1,6,0,0,13,4,2,2,2,0,1,1,0,0,0,0,0,2,2,0,4,0,9,0,0,76,60,10,16,12,5,27,20,6,7,2,6,34,33,6,2,8,6,21,3,1,4,0,1,7,2,1,0,0,0,6,2,1,0,0,0,48,47,14,11,7,7,0,0,0.824817518,0.160583942,0.124087591,0.160583942,0.357664234,0.364963504,1.052631579,0.368421053,0.052631579,0.052631579,0,0,0,0,1,0,0,0.5,0.666666667,0.09375,0.15625,0.15625,1.421052632,0.315789474,0.052631579,0.263157895,0.205882353,0.088235294,0.029411765,0,0.088235294,0,0,0,,,,,,,0.333333333,0.111111111,0.111111111,0.307692308,0.153846154,0,0.514285714,0.333333333,0.744680851,0.255319149,0.543478261,0.456521739,0.357664234,0.087591241,0.072992701,0.065693431,0.094890511,0.226277372,0.343065693,0.343065693,0.211678832,0,0.065693431,0.02189781,0.409090909,0,0.814814815,0.185185185,0.467741935,0.532258065,0.40625,0.083333333,0.072916667,0.0625,0.09375,0.21875,0.395833333,0.28125,0.208333333,0,0.083333333,0.020833333,0.8,0.666666667,0.625,0.375,0.785714286,0.214285714,0.315789474,0.105263158,0.157894737,0.105263158,0.157894737,0.263157895,0.263157895,0.421052632,0.210526316,0,0,0,0.714285714,0.5,0.636363636,0.363636364,0.642857143,0.357142857,0.105263158,0.052631579,0,0,0.052631579,0.210526316,0.157894737,0.578947368,0.263157895,0,0.052631579,0.052631579,0,,1,0,0.5,0.5,0.5,0.5,0,0.5,0,0.5,0,0.5,0,0,0,0,,,,,,,1,0,0,0,0,0,1,0,0,0,0,0,0.666666667,0.25,0.428571429,0.571428571,0.375,0.625,0.029411765,0,0,0.205882353,0.029411765,0.705882353,0,0,,0,0,1,0,1,0.083333333,0,0,0.166666667,0,0.75,0,0,,,,,,,,,,,,,,,,,,,,,,,,,,,,,,1,0,1,0.5,0.5,0,0,0,0.111111111,0.111111111,0.666666667,0,0,0.666666667,0,0.75,0.25,0.5,0.5,0,0,0,0.307692308,0,0.692307692,0,0,0.789473684,0.131578947,0.554744526,0.740740741,0.222222222,0.197080292,0.970588235,0.176470588,0.248175182,0.142857143,0.047619048,0.617647059,0.285714286,0.142857143,0.205882353,0.333333333,0.166666667,0.176470588,1.109857035,1,Timothe Luwawu-Cabarrot,Bitci Baskonia,1326,33,FALSE
SPAIN,2024-2025,59190,31,1,3,0,0,0,0,0,0,0,0,0,1,0,1,1,0,1,1,0,1,0,1,1,0,0,0,0,0,0,0,0,0,0,0,0,0,0,0,0,0,0,0,0,0,0,0,0,0,0,0,0,0,0,0,1,3,0,0,0,0,0,0,1,0,0,1,0,1,0,1,0,0,0,0,1,1,0,1,0,1,0,0,0,0,0,0,0,0,0,0,0,0,0,0,0,0,0,0,0,0,0,0,0,0,0,0,0,0,0,0,0,0,0,0,0,0,0,0,0,0,0,0,0,0,0,0,0,0,0,0,0,0,0,0,0,0,0,0,0,0,0,0,0,0,0,0,0,0,0,0,0,0,0,0,0,0,0,0,0,0,0,0,44,13,5,8,2,3,2,6,1,0,0,0,0,0,3,5,9,2,13,1,27,7,3,1,2,0,1,0,2,0,1,0,0,0,1,3,0,3,0,3,0,0,0,0,0,0,0,0,0,0,0,0,0,0,0,0,0,0,0,0,0,0,0,0,0,0,0,0,0,0,0,0,0,0,0,0,0,0,0,0,0,0,0,0,23,5,2,5,1,1,1,4,0,0,0,2,0,2,5,2,7,0,14,0,0,14,5,2,1,1,1,1,0,0,0,0,1,0,2,1,0,3,1,10,0,0,0,0,0,0,0,0,0,0,0,0,0,0,1,3,0,0,1,0,28,7,3,4,0,0,7,3,1,2,0,0,9,3,1,2,0,1,0,0,0,0,13,13,0,0,3,0,0,1,1,1,3,0,0,1,,,,,,,,,,,,,,,,,0.295454545,0.113636364,0.022727273,0,0.113636364,0.428571429,0.142857143,0.142857143,,,,,,,0.217391304,0.086956522,0,0.357142857,0.142857143,0,,,,,1,0,1,0,1,1,0,1,0,0,0,0,0,0,,,,,,,,,,,,,,,,,,,,,,,,,,,,,,,,,,,,,,,,,1,0,1,0,1,1,0,1,0,0,0,0,0,0,,,,,,,,,,,,,,,,,,,,,,,,,,,,,,,,,,,,,0.5,0.333333333,0.307692308,0.692307692,0.357142857,0.642857143,0.045454545,0,0,0.295454545,0.022727273,0.613636364,0,0,,0.333333333,0,1,0.25,0.75,0,0,0,0.428571429,0,0.428571429,0,0,,,,,,,,,,,,,,,,,,,,,,,,,,,,,0.5,0.2,0.285714286,0.714285714,0.285714286,0.714285714,0.086956522,0,0,0.304347826,0,0.608695652,0,0,0.5,1,0.666666667,0.333333333,0.666666667,0.333333333,0,0,0,0.214285714,0.071428571,0.714285714,0,0,,,0,,,0,3,0,1,0.25,0.107142857,0.636363636,0.428571429,0.142857143,0.159090909,0.333333333,0.111111111,0.204545455,,1,Mindaugas Susinskas,Basquet Girona,1315,31,FALSE
SPAIN,2024-2025,22771,12,0,0,0,0,0,0,0,0,0,0,0,0,0,0,0,0,0,0,0,0,0,0,0,0,0,0,0,0,0,0,0,0,0,0,0,0,0,0,0,0,0,0,0,0,0,0,0,0,0,0,0,0,0,0,0,0,0,0,0,0,0,0,0,0,0,0,0,0,0,0,0,0,0,0,0,0,0,0,0,0,0,0,0,0,0,0,0,0,0,0,0,0,0,0,0,0,0,0,0,0,0,0,0,0,0,0,0,0,0,0,0,0,0,0,0,0,0,0,0,0,0,0,0,0,0,0,0,0,0,0,0,0,0,0,0,0,0,0,0,0,0,0,0,0,0,0,0,0,0,0,0,0,0,0,0,0,0,0,0,0,0,0,113,23,10,4,10,0,4,0,2,3,1,1,0,1,7,12,6,5,14,2,90,11,0,0,0,0,0,0,0,0,0,0,1,0,0,0,1,0,0,10,0,0,2,0,0,0,0,0,0,0,0,0,0,0,0,0,0,0,0,0,2,0,0,0,0,0,0,0,0,0,0,0,0,0,0,0,0,0,0,0,0,0,0,0,62,19,8,1,8,0,1,0,1,1,3,3,0,10,2,3,9,0,48,0,1,37,4,2,3,2,0,3,0,0,1,0,3,1,2,4,1,5,2,29,0,0,0,0,0,0,0,0,0,0,0,0,0,0,0,0,0,0,0,0,83,19,8,4,1,1,11,2,1,0,0,1,19,2,1,0,0,0,0,0,0,0,20,14,0,0,,,,,,,,,,,,,,,,,,,,,,,,,,,0.203539823,0.088495575,0.017699115,0.008849558,0.10619469,0,0,0,0,0,0,,,,0.306451613,0.129032258,0.016129032,0.108108108,0.054054054,0.027027027,,,,,,,,,,,,,,,,,,,,,,,,,,,,,,,,,,,,,,,,,,,,,,,,,,,,,,,,,,,,,,,,,,,,,,,,,,,,,,,,,,,,,,,,,,,,,,,,,,,,,,,,,,,,,0.714285714,,1,0,0.666666667,0.333333333,0.044247788,0,0.008849558,0.123893805,0.017699115,0.796460177,0.026548673,0.008849558,,,,,,,0.090909091,0,0,0,0,0.909090909,0,0,,,,,,,0,0,0,0,0,1,0,0,,,,,,,,,,,,,,,0.888888889,,1,0,0.833333333,0.166666667,0.048387097,0,0.016129032,0.14516129,0,0.774193548,0.048387097,0,0.4,,1,0,0.333333333,0.666666667,0.027027027,0,0,0.135135135,0.054054054,0.783783784,0,0.027027027,,,,,,,,,,0.228915663,0.096385542,0.734513274,0.181818182,0.090909091,0.097345133,0.105263158,0.052631579,0.168141593,,1.428571429,Giorgi Bezhanishvili,Coviran Granada,1319,12,FALSE
SPAIN,2024-2025,31539,20,4,4,1,0,1,0,0,0,2,1,0,0,0,0,0,0,0,0,0,2,2,0,0,0,1,0,0,0,0,0,0,0,0,0,0,0,0,0,0,0,0,0,0,0,0,0,0,0,0,0,0,0,0,0,0,0,0,0,0,0,0,0,0,0,0,0,0,0,0,0,0,0,0,0,0,0,0,0,0,0,0,0,0,0,0,0,0,0,0,0,0,0,0,0,0,0,0,0,0,0,0,0,0,0,0,0,0,0,3,2,1,0,1,0,0,0,0,2,0,0,0,1,2,0,1,0,0,0,0,0,0,0,0,0,0,1,2,0,0,0,0,0,0,0,0,1,0,0,1,0,0,0,0,0,0,0,0,0,0,0,0,0,183,100,36,21,26,10,11,10,5,6,1,7,3,4,16,49,26,12,57,4,102,25,11,4,0,4,0,0,0,1,1,2,1,0,7,1,1,4,0,17,0,1,0,0,0,0,0,0,0,0,0,0,0,0,0,0,0,0,0,0,0,0,0,1,3,1,0,0,1,0,0,0,0,0,0,0,1,0,0,1,0,0,0,0,106,51,18,12,15,3,6,6,5,2,4,12,1,27,14,10,30,2,60,3,2,51,35,13,9,7,6,5,4,1,2,0,3,0,14,11,1,22,2,25,0,1,1,2,1,0,0,0,1,0,0,0,0,1,2,2,0,0,0,1,116,70,26,14,4,2,32,15,4,3,2,2,35,15,6,4,1,1,2,1,2,2,82,57,0,0,1,0.25,0.5,0,0,0.5,,,,,,,,,,,,,0.666666667,0.333333333,0.666666667,0,2,0,0,0,0.546448087,0.196721311,0.027322404,0.038251366,0.267759563,0.44,0.16,0.04,,,,3,1,0,0.481132075,0.169811321,0.018867925,0.68627451,0.254901961,0.039215686,1,,1,0,0.5,0.5,0,0,0,0,0,0,0,0.25,0,0,0.25,0,1,,1,0,0.333333333,0.666666667,0,0,0,0,0,0,0,0.333333333,0,0,0,0,,,,,1,0,0,0,0,0,0,0,0,0,0,0,1,0,,,,,,,,,,,,,,,,,,,,,,,,,,,,,,,,,,,,,,,,,,,,,,,,,,,,,,,0.702702703,0.5,0.649122807,0.350877193,0.653333333,0.346666667,0.06557377,0.016393443,0.021857923,0.31147541,0.021857923,0.557377049,0.032786885,0.005464481,1,,1,0,0.875,0.125,0.04,0,0.04,0.16,0,0.68,0.08,0,,,,,,,,,,,,,,,,1,0,1,1,0,0,0,0,1,0,0,0,0,0.714285714,0.333333333,0.7,0.3,0.658536585,0.341463415,0.094339623,0.028301887,0.018867925,0.283018868,0.018867925,0.566037736,0.037735849,0.009433962,0.583333333,0.6,0.545454545,0.454545455,0.56,0.44,0.019607843,0,0.019607843,0.431372549,0.039215686,0.490196078,0,0,2,1,0.25,0,0,0.25,1,0,0.5,0.603448276,0.224137931,0.633879781,0.46875,0.125,0.174863388,0.428571429,0.171428571,0.191256831,2.127659574,1.438596491,Chimezie Metu,BC Barcelona,1340,20,FALSE
SPAIN,2024-2025,59141,43,5,2,1,2,1,0,1,1,1,1,0,0,0,0,0,0,1,0,1,2,3,1,0,1,3,0,0,0,0,0,0,0,0,0,0,0,0,0,0,0,0,0,0,0,0,0,0,0,0,0,0,0,0,0,2,2,1,1,1,0,1,0,0,0,0,0,0,1,1,0,2,0,0,0,0,0,0,0,0,0,0,0,0,0,0,0,0,0,0,0,0,0,0,0,0,0,0,0,0,0,0,0,0,0,0,0,0,0,1,0,0,0,0,0,0,0,0,0,0,1,0,0,0,1,0,0,0,0,0,0,0,0,1,0,1,2,0,0,1,0,0,0,1,0,1,1,0,0,1,2,0,1,0,0,0,0,0,0,0,0,0,0,325,90,30,27,26,4,18,9,7,8,3,10,4,6,34,46,34,29,57,5,225,57,16,5,2,5,0,1,1,2,3,2,5,0,9,5,3,7,2,42,0,2,0,0,0,0,0,0,0,0,0,0,0,0,0,0,0,0,0,0,0,0,0,0,0,0,0,0,0,0,0,0,0,0,0,0,0,0,0,0,0,0,0,0,143,49,16,10,16,0,8,2,7,3,4,24,3,27,13,21,26,3,88,4,3,122,22,8,15,5,3,9,6,1,1,2,5,0,9,16,5,23,0,93,0,1,1,0,0,0,0,0,1,0,0,1,0,0,3,2,1,1,0,1,147,42,17,19,2,2,79,29,6,5,6,2,99,19,7,3,2,3,2,3,0,0,64,57,0,0,0.4,0.2,0.2,0,0.2,0.4,1,0.5,0,0,,,,,,,,,0,0,0,0,0,0,0.5,0,0.276923077,0.092307692,0.021538462,0.030769231,0.141538462,0.280701754,0.087719298,0.052631579,,,,,,,0.342657343,0.111888112,0.020979021,0.180327869,0.06557377,0.008196721,0.5,0,0.666666667,0.333333333,0.4,0.6,0.2,0,0,0,0,0,0.2,0.6,0,0,0.2,0,,,,,,,1,0,0,0,0,0,1,0,0,0,0,0,,0,0,1,0.333333333,0.666666667,0,0,0,0,0,0,0,0.5,0,0,0.5,0,0.5,,1,0,0.5,0.5,0,0,0,0,0,0,0,1,0,0,0,0,,,,,,,,,,,,,,,,,,,,,,,,,,,,,,,,,,,,,0.590909091,0.307692308,0.771929825,0.228070175,0.575,0.425,0.089230769,0.012307692,0.018461538,0.175384615,0.015384615,0.692307692,0.024615385,0.009230769,0.833333333,0,0.857142857,0.142857143,0.642857143,0.357142857,0.052631579,0,0.035087719,0.122807018,0.035087719,0.736842105,0.035087719,0,,,,,,,,,,,,,,,,,,,,,,,,,,,,,0.666666667,0,0.923076923,0.076923077,0.675,0.325,0.146853147,0.027972028,0.020979021,0.181818182,0.020979021,0.615384615,0.027972028,0.020979021,0.357142857,0.333333333,0.608695652,0.391304348,0.36,0.64,0.040983607,0,0.008196721,0.18852459,0,0.762295082,0.016393443,0,0,0,0.2,0,0,0.2,0.666666667,0.333333333,0.6,0.285714286,0.115646259,0.452307692,0.367088608,0.075949367,0.243076923,0.191919192,0.070707071,0.304615385,0.666666667,1.122807018,Jaime Pradilla,Valencia BC,1325,43,FALSE
SPAIN,2024-2025,59198,4,0,0,0,0,0,0,0,0,0,0,0,0,0,0,0,0,0,0,0,0,0,0,0,0,0,0,0,0,0,0,0,0,0,0,0,0,0,0,0,0,0,0,0,0,0,0,0,0,0,0,0,0,0,0,0,0,0,0,0,0,0,0,0,0,0,0,0,0,0,0,0,0,0,0,0,0,0,0,0,0,0,0,0,0,0,0,0,0,0,0,0,0,0,0,0,0,0,0,0,0,0,0,0,0,0,0,0,0,0,0,0,0,0,0,0,0,0,0,0,0,0,0,0,0,0,0,0,0,0,0,0,0,0,0,0,0,0,0,0,0,0,0,0,0,0,0,0,0,0,0,0,0,0,0,0,0,0,0,0,0,0,0,6,2,0,0,0,0,0,0,0,0,0,1,1,0,2,1,0,1,0,1,4,3,2,0,0,0,0,0,0,1,0,0,1,0,1,0,1,0,0,2,1,0,0,0,0,0,0,0,0,0,0,0,0,0,0,0,0,0,0,0,0,0,0,0,0,0,0,0,0,0,0,0,0,0,0,0,0,0,0,0,0,0,0,0,2,0,0,0,0,0,0,0,0,0,0,1,0,0,0,0,0,1,1,0,0,1,0,0,0,0,0,0,0,0,0,0,0,0,0,0,0,0,0,1,0,0,0,0,0,0,0,0,0,0,0,0,0,0,0,0,0,0,0,0,1,0,0,0,0,0,4,2,0,0,1,0,1,0,0,0,0,0,0,0,0,0,0,0,0,0,,,,,,,,,,,,,,,,,,,,,,,,,,,0.333333333,0,0,0.166666667,0.166666667,0.666666667,0,0,,,,,,,0,0,0,0,0,0,,,,,,,,,,,,,,,,,,,,,,,,,,,,,,,,,,,,,,,,,,,,,,,,,,,,,,,,,,,,,,,,,,,,,,,,,,,,,,,,,,,,,,,,,,,,,,,,,,,,,,,,,,,,,,,,,1,0,0.166666667,0.166666667,0,0,0.166666667,0.666666667,0,0,,,,,1,0,0.333333333,0.333333333,0,0,0,0.666666667,0,0,,,,,,,,,,,,,,,,,,,,,,,,,,,,,,,,,,,0,0,0,0,0.5,0.5,0,0,,,,,,,0,0,0,0,0,1,0,0,,,,,,,,,,0,0,0.166666667,0.5,0,0.666666667,0,0,0.166666667,,,Mikel Sanz,ICG Forca Lleida,1323,4,FALSE
SPAIN,2024-2025,59213,41,432,338,76,83,47,29,51,32,25,23,5,55,32,23,22,33,241,118,123,152,108,155,53,102,159,86,0,0,0,0,0,0,0,0,0,0,0,0,0,0,0,0,0,0,0,0,0,0,0,0,0,0,0,0,79,64,16,15,9,7,6,9,7,3,4,43,0,27,18,29,31,14,0,3,4,4,3,12,17,23,20,1,0,0,0,0,0,0,0,0,0,0,1,0,0,0,0,0,1,0,0,0,0,0,0,0,1,0,273,226,51,46,34,17,32,14,37,17,17,154,3,103,63,98,97,56,0,19,18,12,25,31,67,72,82,79,48,9,22,4,5,13,9,11,5,2,43,2,22,27,28,31,15,0,10,1,6,5,10,18,22,21,7,0,0,0,0,0,0,0,0,0,0,0,0,0,0,0,0,0,0,0,7,3,0,0,0,0,0,0,0,0,0,0,0,0,0,0,0,0,0,3,0,0,0,0,0,0,0,0,0,0,0,0,0,0,0,0,0,0,0,0,0,0,0,0,0,0,0,0,0,0,0,0,0,0,0,0,0,0,0,0,0,0,0,0,1,0,0,0,0,0,0,0,0,0,0,0,0,0,0,0,0,0,1,0,0,3,0,0,0,0,0,0,0,0,0,0,0,0,0,0,0,0,0,3,0,0,309,258,55,57,47,19,48,25,8,8,1,4,75,55,13,18,7,2,3,0,0,0,0,0,3,0,0,0,0,0,1,0,0,0,0,0,181,159,35,24,0,0,0,0,0.782407407,0.175925926,0.05787037,0.127314815,0.358796296,0.351851852,0.810126582,0.202531646,0.037974684,0.088607595,,,,,0,0,0,0,0.827838828,0.186813187,0.062271062,0.135531136,0.607594937,0.113924051,0.063291139,0.139240506,0,0,0,0,0,0,0,0,,,,,,,0,0,0,0,0,0,0.479591837,0.475409836,0.616352201,0.383647799,0.584615385,0.415384615,0.358796296,0.074074074,0.053240741,0.050925926,0.076388889,0.273148148,0.284722222,0.368055556,0.199074074,0,0.053240741,0.011574074,0.515151515,0.548387097,0.680412371,0.319587629,0.620481928,0.379518072,0.358974359,0.06959707,0.065934066,0.043956044,0.091575092,0.263736264,0.3003663,0.355311355,0.205128205,0,0.062271062,0.010989011,0.235294118,0.357142857,0.548387097,0.451612903,0.448979592,0.551020408,0.35443038,0.126582278,0.012658228,0.075949367,0.063291139,0.278481013,0.265822785,0.392405063,0.189873418,0,0.025316456,0.025316456,0.6,0.4375,0.483870968,0.516129032,0.6,0.4,0.367088608,0.037974684,0.050632911,0.050632911,0.037974684,0.291139241,0.253164557,0.392405063,0.17721519,0,0.050632911,0,,,,,,,0,0,0,0,0,1,0,0,1,0,0,0,,,,,,,,,,,,,,,,,,,,,,,,,0,0,0,0,0,1,0,0,,,,,,,0,0,0,0,0,1,0,0,,,,,,,,,,,,,,,,,,,,,,,,,,,,,,,,,,,0,0,0,0,0,1,0,0,,,,,,,0,0,0,0,0,1,0,0,0.834951456,0.177993528,0.715277778,0.520833333,0.166666667,0.111111111,0.733333333,0.173333333,0.173611111,0,0,0.428571429,0,0,0.428571429,0,0,0.142857143,1.175458716,,Kendrick Perry,Malaga,1339,41,FALSE
SPAIN,2024-2025,59306,3,0,0,0,0,0,0,0,0,0,0,0,0,0,0,0,0,0,0,0,0,0,0,0,0,0,0,0,0,0,0,0,0,0,0,0,0,0,0,0,0,0,0,0,0,0,0,0,0,0,0,0,0,0,0,0,0,0,0,0,0,0,0,0,0,0,0,0,0,0,0,0,0,0,0,0,0,0,0,0,0,0,0,0,0,0,0,0,0,0,0,0,0,0,0,0,0,0,0,0,0,0,0,0,0,0,0,0,0,0,0,0,0,0,0,0,0,0,0,0,0,0,0,0,0,0,0,0,0,0,0,0,0,0,0,0,0,0,0,0,0,0,0,0,0,0,0,0,0,0,0,0,0,0,0,0,0,0,0,0,0,0,0,2,0,0,1,0,0,1,0,0,0,0,0,0,0,0,0,1,0,1,0,1,0,0,0,0,0,0,0,0,0,0,0,0,0,0,0,0,0,0,0,0,0,0,0,0,0,0,0,0,0,0,0,0,0,0,0,0,0,0,0,0,0,0,0,0,0,0,0,0,0,0,0,0,0,0,0,0,0,0,0,0,0,0,0,0,0,0,0,0,0,0,0,0,0,0,0,0,0,0,0,0,0,0,0,0,2,0,0,1,0,0,1,0,0,0,0,0,0,0,1,0,1,0,1,0,0,0,0,0,0,0,0,0,0,0,0,0,0,0,0,0,0,0,0,2,0,0,1,0,0,0,0,0,0,0,0,0,0,0,0,0,0,0,0,0,0,0,1,0,0,,,,,,,,,,,,,,,,,,,,,,,,,,,0,0,0,0,0,,,,,,,,,,,,,0,0,0,,,,,,,,,,,,,,,,,,,,,,,,,,,,,,,,,,,,,,,,,,,,,,,,,,,,,,,,,,,,,,,,,,,,,,,,,,,,,,,,,,,,,,,,,,,,,,,,,,,,,,,,,,,,,0,,1,0,0,1,0,0,0,0.5,0,0.5,0,0,,,,,,,,,,,,,,,,,,,,,,,,,,,,,,,,,,,,,,,,,,,,,,,,,,,,,,,,,0,,1,0,0,1,0,0,0,0.5,0,0.5,0,0,,,,,,,,,,0,0,1,,,0,,,0,,0,Jakub Urbaniak,Dreamland Gran Canaria,1328,3,FALSE
SPAIN,2024-2025,59151,34,407,337,62,61,46,16,41,20,23,32,4,64,30,34,22,42,256,89,167,147,84,179,41,138,123,77,0,0,0,0,0,0,0,0,0,0,0,0,0,0,0,0,0,0,0,0,0,0,0,0,0,0,0,0,69,64,17,15,12,5,8,7,7,2,6,33,0,27,17,25,32,8,0,4,3,2,5,5,20,11,22,3,3,1,1,1,0,1,0,0,0,1,1,0,1,1,0,2,1,0,0,0,0,0,0,0,1,0,250,200,27,24,23,4,21,3,47,18,21,178,3,89,42,119,51,59,0,21,26,16,31,27,92,61,117,85,70,17,21,10,7,11,10,10,3,4,44,1,30,24,35,38,9,0,5,5,4,6,9,26,16,28,14,8,0,1,0,0,1,0,0,0,0,3,1,2,4,3,1,4,1,0,9,4,3,0,1,0,0,1,0,1,0,0,2,0,1,1,2,1,0,1,0,1,0,0,0,0,0,0,0,0,0,0,0,0,0,0,0,0,0,0,0,0,0,0,0,0,0,0,0,0,0,0,0,0,0,0,0,0,0,0,0,0,0,0,7,5,0,0,0,0,0,0,2,0,0,2,0,2,0,2,0,0,5,1,1,2,0,0,0,0,0,0,0,0,0,0,0,0,0,0,0,0,0,2,0,0,269,217,41,34,43,11,44,44,8,6,6,6,94,76,13,21,15,6,13,8,0,1,3,0,0,0,0,0,0,0,1,0,0,0,0,0,140,123,45,35,0,1,0,0,0.828009828,0.152334152,0.056511057,0.157248157,0.43980344,0.361179361,0.927536232,0.246376812,0.028985507,0.101449275,,,,,1,0.333333333,0,0,0.8,0.108,0.072,0.188,0.823529412,0.2,0.035294118,0.117647059,0.571428571,0,0,0.214285714,0.214285714,0.75,0,0,,,,,,,0.714285714,0,0,0,0,0,0.528735632,0.444444444,0.707317073,0.292682927,0.636363636,0.363636364,0.43980344,0.073710074,0.083538084,0.054054054,0.103194103,0.218673219,0.41031941,0.302211302,0.189189189,0,0.078624079,0.00982801,0.522727273,0.571428571,0.862745098,0.137254902,0.679389313,0.320610687,0.476,0.084,0.104,0.064,0.124,0.244,0.468,0.204,0.236,0,0.084,0.012,0.476190476,0.411764706,0.552631579,0.447368421,0.555555556,0.444444444,0.411764706,0.058823529,0.058823529,0.047058824,0.070588235,0.188235294,0.329411765,0.447058824,0.105882353,0,0.047058824,0.011764706,0.6,0.416666667,0.625,0.375,0.613636364,0.386363636,0.362318841,0.057971014,0.043478261,0.028985507,0.072463768,0.15942029,0.31884058,0.463768116,0.115942029,0,0.086956522,0,0.5,,1,0,0.5,0.5,0,0,0,0,0,0.333333333,0,0.666666667,0.333333333,0,0.333333333,0,,,,,,,,,,,,,,,,,,,0,,1,0,0.75,0.25,0.285714286,0.071428571,0.142857143,0.071428571,0,0.642857143,0,0,0,,1,0,0.5,0.5,0.5,0,0.25,0.25,0,0.25,0,0,,,,,,,,,,,,,,,,,,,,,,,,,,,,,,,,,1,0,0.285714286,0.142857143,0.142857143,0,0,0.714285714,0,0,,,,,,,0,0,0,0,0,1,0,0,0.80669145,0.152416357,0.660933661,1,0.181818182,0.108108108,0.808510638,0.138297872,0.230958231,0.615384615,0,0.928571429,,,0,0,0,0.071428571,1.225490196,0,Melwin Jan Pantzar,Bilbao Basket,1335,34,FALSE
SPAIN,2024-2025,59116,22,200,142,27,62,25,2,33,29,13,14,10,30,15,15,10,20,101,41,60,65,75,68,17,51,89,33,0,0,0,0,0,0,0,0,0,0,0,0,0,0,0,0,0,0,0,0,0,0,0,0,0,0,0,0,33,27,8,9,8,0,5,4,4,1,2,16,1,12,10,11,17,5,0,3,1,1,3,2,9,5,11,2,0,0,0,0,0,0,0,0,1,0,2,0,0,1,0,0,2,0,0,0,0,0,0,0,2,0,118,89,17,35,15,2,20,15,16,9,11,57,8,40,44,39,52,18,0,4,12,3,13,6,33,19,38,47,26,2,18,2,0,8,10,10,2,1,26,1,13,20,18,20,8,0,8,2,6,4,9,9,15,11,13,4,2,2,2,0,1,1,0,1,1,0,0,0,0,3,2,0,4,0,8,9,2,1,2,1,0,1,1,0,0,1,0,1,2,2,0,3,0,5,0,0,0,0,0,0,0,0,0,0,0,0,0,0,0,0,0,0,0,0,0,0,0,0,0,0,0,0,0,0,0,0,0,0,0,0,0,0,0,0,0,0,0,0,2,0,0,0,0,0,0,0,0,0,0,0,0,0,0,0,0,0,2,0,0,2,2,1,0,1,0,0,0,0,0,0,0,0,1,0,0,1,0,1,0,0,143,103,20,48,21,7,18,9,3,4,1,2,39,30,4,10,8,4,11,4,2,2,0,0,1,0,0,0,0,0,1,0,0,0,0,0,56,89,15,11,4,4,0,0,0.71,0.135,0.065,0.15,0.34,0.325,0.818181818,0.242424242,0.03030303,0.121212121,,,,,0,0,0.5,0,0.754237288,0.144067797,0.076271186,0.13559322,0.553191489,0.042553191,0.042553191,0.212765957,0.307692308,0.153846154,0,0,0.230769231,0.222222222,0.111111111,0,,,,,,,0,0,0,1,0.5,0,0.431034483,0.064516129,0.651685393,0.348314607,0.464285714,0.535714286,0.34,0.075,0.075,0.05,0.1,0.205,0.3,0.445,0.165,0,0.07,0.05,0.428571429,0.117647059,0.673076923,0.326923077,0.476190476,0.523809524,0.330508475,0.033898305,0.101694915,0.025423729,0.110169492,0.161016949,0.322033898,0.440677966,0.152542373,0,0.093220339,0.06779661,0.2,0,0.5,0.5,0.393939394,0.606060606,0.382978723,0.170212766,0.042553191,0.127659574,0.085106383,0.319148936,0.234042553,0.425531915,0.170212766,0,0.021276596,0.021276596,0.615384615,0,0.764705882,0.235294118,0.545454545,0.454545455,0.333333333,0.090909091,0.03030303,0.03030303,0.090909091,0.151515152,0.333333333,0.515151515,0.151515152,0,0.060606061,0.03030303,,,,,0,1,0,0,0,0,0,1,0,0,1,0,0,0,,,,,,,,,,,,,,,,,,,0.666666667,0,0.75,0.25,0.6,0.4,0,0,0,0.307692308,0,0.615384615,0.076923077,0.076923077,0.5,0,0.666666667,0.333333333,0.5,0.5,0,0,0,0.333333333,0,0.555555556,0.111111111,0.111111111,,,,,,,,,,,,,,,,,,,,,,,,,,,,,,,,,,,0,0,0,0,0,1,0,0,1,,1,0,1,0,0,0,0,0.5,0,0.5,0,0,0.72027972,0.13986014,0.715,0.5,0.166666667,0.09,0.769230769,0.102564103,0.195,0.363636364,0.181818182,0.846153846,0,0,0.076923077,0,0,0.076923077,0.70083682,1,Jaime Fernandez Bernabe,Lenovo Tenerife,1333,22,FALSE
SPAIN,2024-2025,22863,13,0,0,0,0,0,0,0,0,0,0,0,0,0,0,0,0,0,0,0,0,0,0,0,0,0,0,0,0,0,0,0,0,0,0,0,0,0,0,0,0,0,0,0,0,0,0,0,0,0,0,0,0,0,0,0,0,0,0,0,0,0,0,0,0,0,0,0,0,0,0,0,0,0,0,0,0,0,0,0,0,0,0,0,0,0,0,0,0,0,0,0,0,0,0,0,0,0,0,0,0,0,0,0,0,0,0,0,0,0,0,0,0,0,0,0,0,0,0,0,0,0,0,0,0,0,0,0,0,0,0,0,0,0,0,0,0,0,0,0,0,0,0,0,0,0,0,0,0,0,0,0,0,0,0,0,0,0,0,0,0,0,0,114,27,12,13,11,1,4,9,2,17,0,1,1,0,2,26,15,2,25,0,74,18,2,1,0,1,0,0,0,0,2,5,0,0,5,2,0,1,0,13,0,0,0,0,0,0,0,0,0,0,0,0,0,0,0,0,0,0,0,0,0,0,0,0,0,0,0,0,0,0,0,0,0,0,0,0,0,0,0,0,0,0,0,0,75,22,10,10,10,0,3,7,1,0,12,2,0,20,10,2,20,0,44,1,0,21,3,1,3,0,1,1,2,0,0,0,0,0,1,3,0,4,0,17,0,0,0,0,0,0,0,0,0,0,0,0,0,0,0,0,0,0,0,0,72,15,7,8,0,2,12,2,1,3,0,0,30,10,4,2,1,0,0,0,0,0,25,25,0,0,,,,,,,,,,,,,,,,,,,,,,,,,,,0.236842105,0.105263158,0.01754386,0.00877193,0.228070175,0.111111111,0.055555556,0.111111111,,,,,,,0.293333333,0.133333333,0,0.142857143,0.047619048,0,,,,,,,,,,,,,,,,,,,,,,,,,,,,,,,,,,,,,,,,,,,,,,,,,,,,,,,,,,,,,,,,,,,,,,,,,,,,,,,,,,,,,,,,,,,,,,,,,,,,,,,,,,,,,0.733333333,0.1,0.6,0.4,0.634146341,0.365853659,0.01754386,0.00877193,0,0.219298246,0,0.649122807,0.149122807,0,1,,1,0,0.714285714,0.285714286,0,0,0,0.055555556,0,0.722222222,0.277777778,0,,,,,,,,,,,,,,,,,,,,,,,,,,,,,0.769230769,0,0.65,0.35,0.666666667,0.333333333,0.026666667,0.013333333,0,0.266666667,0,0.586666667,0.16,0,0,0.333333333,0.25,0.75,0.25,0.75,0,0,0,0.19047619,0,0.80952381,0,0,,,,,,,,,,0.208333333,0.097222222,0.631578947,0.166666667,0.083333333,0.105263158,0.333333333,0.133333333,0.263157895,,1,Karlis Silins,Leyma Coruna,1321,13,FALSE
SPAIN,2024-2025,34976,20,0,0,0,0,0,0,0,0,0,0,0,0,0,0,0,0,0,0,0,0,0,0,0,0,0,0,0,0,0,0,0,0,0,0,0,0,0,0,0,0,0,0,0,0,0,0,0,0,0,0,0,0,0,0,0,0,0,0,0,0,0,0,0,0,0,0,0,0,0,0,0,0,0,0,0,0,0,0,0,0,0,0,0,0,0,0,0,0,0,0,0,0,0,0,0,0,0,0,0,0,0,0,0,0,0,0,0,0,0,0,0,0,0,0,0,0,0,0,0,0,0,0,0,0,0,0,0,0,0,0,0,0,0,0,0,0,0,0,0,0,0,0,0,0,0,0,0,0,0,0,0,0,0,0,0,0,0,0,0,0,0,0,198,68,19,27,14,5,18,9,4,5,0,10,5,5,17,33,31,15,46,2,128,22,0,0,2,0,0,2,0,0,0,2,1,0,2,2,0,2,1,17,0,0,1,0,0,0,0,0,0,0,0,0,0,0,0,0,0,0,0,0,1,0,0,3,0,0,2,0,0,0,2,0,0,0,1,0,0,2,1,2,0,0,0,0,101,45,11,15,9,2,10,5,8,3,1,12,0,19,18,11,26,1,61,3,5,69,23,8,8,5,3,6,2,2,1,2,3,0,12,9,3,16,0,47,2,0,0,0,0,0,0,0,0,0,0,0,0,0,0,0,0,0,0,0,131,48,12,16,8,2,20,3,0,5,1,1,47,17,7,6,1,1,0,0,0,0,43,46,0,0,,,,,,,,,,,,,,,,,,,,,,,,,,,0.343434343,0.095959596,0.02020202,0.050505051,0.166666667,0,0,0,0,0,0,0,0,0,0.445544554,0.108910891,0.02970297,0.333333333,0.115942029,0.014492754,,,,,,,,,,,,,,,,,,,,,,,,,,,,,,,,,,,,,,,,,,,,,,,,,,,,,,,,,,,,,,,,,,,,,,,,,,,,,,,,,,,,,,,,,,,,,,,,,,,,,,,,,,,,,0.4375,0.357142857,0.695652174,0.304347826,0.515625,0.484375,0.075757576,0.025252525,0.025252525,0.232323232,0.01010101,0.646464646,0.025252525,0,0,,1,0,0.5,0.5,0,0,0,0.090909091,0.045454545,0.772727273,0.090909091,0,,,,,,,0,0,0,0,0,1,0,0,,0,0,1,0,1,0.333333333,0,0,0.666666667,0,0,0,0,0.473684211,0.285714286,0.730769231,0.269230769,0.513513514,0.486486486,0.108910891,0.02970297,0.04950495,0.257425743,0.00990099,0.603960396,0.00990099,0,0.454545455,0.6,0.6875,0.3125,0.571428571,0.428571429,0.043478261,0.028985507,0,0.231884058,0,0.68115942,0.028985507,0,,,,,,,,,,0.366412214,0.091603053,0.661616162,0.15,0,0.101010101,0.361702128,0.14893617,0.237373737,,0.934782609,Serge Ibaka,Real Madrid,1338,20,FALSE
SPAIN,2024-2025,31944,30,0,0,0,0,0,0,0,0,0,0,0,0,0,0,0,0,0,0,0,0,0,0,0,0,0,0,0,0,0,0,0,0,0,0,0,0,0,0,0,0,0,0,0,0,0,0,0,0,0,0,0,0,0,0,0,0,0,0,0,0,0,0,0,0,0,0,0,0,0,0,0,0,0,0,0,0,0,0,0,0,0,0,0,0,0,0,0,0,0,0,0,0,0,0,0,0,0,0,0,0,0,0,0,0,0,0,0,0,0,0,0,0,0,0,0,0,0,0,0,0,0,0,0,0,0,0,0,0,0,0,0,0,0,0,0,0,0,0,0,0,0,0,0,0,0,0,0,0,0,0,0,0,0,0,0,0,0,0,0,0,0,0,441,99,41,40,41,0,39,1,5,9,3,7,4,3,22,52,45,19,81,3,331,64,2,0,4,0,0,4,0,1,0,1,2,0,2,4,2,4,0,57,1,0,5,4,1,0,1,0,0,0,1,0,0,3,0,2,0,2,1,1,1,1,0,4,2,1,1,1,0,1,0,0,0,0,0,0,1,1,0,2,0,2,0,0,234,59,24,25,24,0,24,1,4,4,5,14,3,30,29,12,49,2,167,1,3,133,32,15,9,15,0,9,0,1,1,3,3,0,17,10,3,24,0,104,1,0,0,0,0,0,0,0,0,0,0,0,0,0,0,0,0,0,0,0,218,37,15,16,3,4,101,38,16,11,2,1,122,24,10,13,2,0,0,0,0,0,82,81,0,0,,,,,,,,,,,,,,,,,,,,,,,,,,,0.224489796,0.092970522,0.011337868,0.015873016,0.117913832,0.03125,0,0,0.8,0.2,0,0.5,0.25,0,0.252136752,0.102564103,0.017094017,0.240601504,0.112781955,0.007518797,,,,,,,,,,,,,,,,,,,,,,,,,,,,,,,,,,,,,,,,,,,,,,,,,,,,,,,,,,,,,,,,,,,,,,,,,,,,,,,,,,,,,,,,,,,,,,,,,,,,,,,,,,,,,0.5125,0,0.987654321,0.012345679,0.536082474,0.463917526,0.0430839,0.009070295,0.006802721,0.183673469,0.006802721,0.750566893,0.020408163,0.006802721,0,,1,0,0.333333333,0.666666667,0.03125,0.015625,0,0.0625,0,0.890625,0.015625,0,1,,1,0,1,0,0.4,0.2,0,0.2,0.2,0.2,0,0,0.5,,1,0,0.5,0.5,0,0,0,0.5,0,0.5,0,0,0.5,0,0.979591837,0.020408163,0.508474576,0.491525424,0.051282051,0.004273504,0.012820513,0.209401709,0.008547009,0.713675214,0.021367521,0.012820513,0.625,,1,0,0.62962963,0.37037037,0.022556391,0.007518797,0,0.180451128,0,0.781954887,0.022556391,0,,,,,,,,,,0.169724771,0.068807339,0.494331066,0.376237624,0.158415842,0.229024943,0.196721311,0.081967213,0.276643991,,1.012345679,Ben Lammers,BC MoraBanc Andorra,1332,30,FALSE
SPAIN,2024-2025,59271,33,38,40,9,9,7,2,3,6,6,3,0,6,1,5,4,2,15,11,4,17,15,7,4,3,18,8,0,0,0,0,0,0,0,0,0,0,0,0,0,0,0,0,0,0,0,0,0,0,0,0,0,0,0,0,19,23,5,5,4,1,2,3,3,2,2,7,0,9,7,4,10,3,0,0,3,2,1,2,2,5,2,0,0,0,0,0,0,0,0,0,0,0,0,0,0,0,0,0,0,0,0,0,0,0,0,0,0,0,12,9,2,2,2,0,0,2,2,2,1,7,0,5,4,2,4,5,0,1,1,1,1,1,1,5,2,7,8,2,2,1,1,1,1,1,2,0,1,0,3,4,1,4,0,0,0,1,1,0,1,0,1,0,297,71,21,39,16,5,16,23,11,13,6,9,3,6,35,42,50,30,60,5,184,72,16,5,9,4,1,6,3,2,2,3,6,1,9,11,5,14,1,49,1,1,0,0,0,0,0,0,0,0,0,0,0,0,0,0,0,0,0,0,0,0,0,0,0,0,0,0,0,0,0,0,0,0,0,0,0,0,0,0,0,0,0,0,115,30,7,15,6,1,4,11,5,7,8,16,2,20,22,14,22,2,65,0,5,109,25,9,15,6,3,6,9,2,2,2,13,3,13,17,11,24,2,69,2,0,8,8,1,3,2,1,28,32,8,6,4,5,2,0,0,0,0,0,166,29,7,22,5,4,54,18,5,8,2,1,77,24,9,9,2,6,20,18,4,3,47,60,0,0,1.052631579,0.236842105,0.157894737,0.157894737,0.184210526,0.447368421,1.210526316,0.263157895,0.105263158,0.157894737,,,,,,,,,0.75,0.166666667,0.166666667,0.166666667,1.142857143,0.285714286,0.285714286,0.142857143,0.239057239,0.070707071,0.037037037,0.03030303,0.141414141,0.222222222,0.069444444,0.027777778,,,,,,,0.260869565,0.060869565,0.060869565,0.229357798,0.082568807,0.018348624,0.7,0.25,0.555555556,0.444444444,0.53125,0.46875,0.184210526,0.026315789,0.131578947,0.105263158,0.052631579,0.289473684,0.105263158,0.473684211,0.210526316,0,0.078947368,0,1,0,0.5,0.5,0.555555556,0.444444444,0.166666667,0.083333333,0.083333333,0.083333333,0.083333333,0.416666667,0.166666667,0.333333333,0.416666667,0,0.083333333,0,0.5,0.5,0.5,0.5,0.428571429,0.571428571,0.142857143,0,0.142857143,0.142857143,0,0.142857143,0,0.571428571,0,0,0,0,0.666666667,0.25,0.6,0.4,0.5625,0.4375,0.210526316,0,0.157894737,0.105263158,0.052631579,0.263157895,0.105263158,0.526315789,0.157894737,0,0.105263158,0,,,,,,,,,,,,,,,,,,,,,,,,,,,,,,,,,,,,,0.5,0.178571429,0.533333333,0.466666667,0.456521739,0.543478261,0.101010101,0.01010101,0.02020202,0.202020202,0.016835017,0.61952862,0.043771044,0.02020202,0.4,0.25,0.714285714,0.285714286,0.45,0.55,0.069444444,0.013888889,0.013888889,0.194444444,0.013888889,0.680555556,0.041666667,0.013888889,,,,,,,,,,,,,,,,,,,,,,,,,,,,,0.6,0.083333333,0.454545455,0.545454545,0.476190476,0.523809524,0.12173913,0,0.043478261,0.191304348,0.017391304,0.565217391,0.069565217,0.017391304,0.5,0.25,0.5,0.5,0.433333333,0.566666667,0.100917431,0.018348624,0,0.220183486,0.018348624,0.633027523,0.018348624,0.027522936,1,0.125,0.210526316,1.142857143,0.285714286,0.736842105,0,0,0.052631579,0.174698795,0.042168675,0.558922559,0.333333333,0.092592593,0.181818182,0.311688312,0.116883117,0.259259259,1.163967611,0.783333333,Amine Noua,Coviran Granada,1319,33,FALSE
SPAIN,2024-2025,1550,3,1,0,0,0,0,0,0,0,1,0,0,0,0,0,0,0,0,0,0,0,1,0,0,0,0,0,0,0,0,0,0,0,0,0,0,0,0,0,0,0,0,0,0,0,0,0,0,0,0,0,0,0,0,0,0,0,0,0,0,0,0,0,0,0,0,0,0,0,0,0,0,0,0,0,0,0,0,0,0,0,0,0,0,0,0,0,0,0,0,0,0,0,0,0,0,0,0,0,0,0,0,0,0,0,0,0,0,0,1,0,0,0,0,0,0,0,0,1,0,0,0,0,1,0,0,0,0,0,0,0,0,0,0,0,0,0,0,0,0,0,0,0,0,0,0,0,0,0,0,0,0,0,0,0,0,0,0,0,0,0,0,0,0,0,0,0,0,0,0,0,0,0,0,0,0,0,0,0,0,0,0,0,0,0,0,0,0,0,0,0,0,0,0,0,0,0,0,0,0,0,0,0,0,0,0,0,0,0,0,0,0,0,0,0,0,0,0,0,0,0,0,0,0,0,0,0,0,0,0,0,0,0,0,0,0,0,0,0,0,0,0,0,0,0,0,0,0,0,0,0,0,0,0,0,0,0,0,0,0,0,0,0,0,0,0,0,0,0,0,0,0,0,0,0,0,0,0,0,0,0,0,0,0,0,0,0,0,0,1,0,0,0,0,1,0,0,0,0,0,0,0,0,0,0,0,0,0,0,0,0,0,0,0,0,0,0,0,0,0,0,0,0,0,0,0,0,0,0,0,0,0,0,0,0,1,0,0,0,,,,,,,,,,,,,0,0,1,0,,,,,,,,,,,,,,,,,,,,,,,,,,,,,0,1,0,0,0,0,0,0,0,0,0,0,0,0,,,,,0,1,0,0,0,0,0,0,0,0,0,0,0,0,,,,,,,,,,,,,,,,,,,,,,,,,,,,,,,,,,,,,,,,,,,,,,,,,,,,,,,,,,,,,,,,,,,,,,,,,,,,,,,,,,,,,,,,,,,,,,,,,,,,,,,,,,,,,,,,,,,,,,,,,,,,,,,,,,,,,,,,,,,,,,,,,,,,,,,,,,,,,0,0,1,,,0,,,0,,,,,,,,,,,,Jordi Rodriguez,Club Joventut Badalona,1336,3,FALSE
SPAIN,2024-2025,59243,22,5,8,1,0,0,1,0,0,1,0,0,2,1,1,0,2,4,1,3,3,1,3,0,3,1,1,0,1,0,0,0,0,0,0,0,0,1,0,1,0,0,1,0,0,1,0,0,0,0,0,0,0,1,0,1,0,0,0,0,0,0,0,0,0,0,1,0,0,0,1,0,0,0,0,0,0,0,0,1,0,1,0,0,0,0,0,0,0,0,0,0,0,0,0,0,0,0,0,0,0,0,0,0,0,0,0,0,0,2,5,0,0,0,0,0,0,2,0,0,2,0,2,0,2,0,0,0,1,1,0,2,0,2,0,2,1,3,1,0,0,1,0,0,0,0,0,0,0,1,0,0,1,0,0,0,0,0,0,0,0,0,0,8,0,0,1,0,0,0,1,0,0,0,0,0,0,2,0,1,2,1,0,5,1,0,0,0,0,0,0,0,0,0,0,1,0,0,0,1,0,0,0,0,0,0,0,0,0,0,0,0,0,0,0,0,0,0,0,0,0,0,0,0,0,0,0,0,0,0,0,0,0,0,0,0,0,0,0,0,0,0,0,0,0,0,0,1,0,0,0,0,0,0,0,0,0,0,1,0,0,0,1,0,0,0,0,0,6,0,0,1,0,0,0,1,0,0,0,0,0,0,1,0,1,0,5,0,0,1,3,0,0,1,0,0,0,0,0,0,0,4,5,1,0,1,1,4,0,0,0,0,0,0,0,0,0,0,0,4,0,0,1,0,0,3,1,0,0,0,1,0,0,1.6,0.2,0.2,0.4,0.6,0.6,0,0,0,0,0,0,1,0,,,,,2.5,0,0,1,3,1,0,0,0,0,0,0,0,0,0,0,,,,,,,0,0,0,0,0,0,,1,0,1,0.75,0.25,0.6,0.2,0.2,0,0.4,0.2,0.6,0.2,0.2,0,0,0,,,,,1,0,1,0.5,0.5,0,1,0,1,0,0,0,0,0,,1,0,1,1,0,0,0,0,0,0,0,0,1,0,0,0,0,,,,,,,1,0,0,0,0,0,1,0,0,0,0,0,,,,,,,,,,,,,,,,,,,,,,,0,1,0,0,0,0,0,1,0,0,1,0,0,0,,0,0,1,0,1,0.25,0,0,0.125,0,0.625,0,0,,,,,,,1,0,0,0,0,0,0,0,,,,,,,,,,,,,,,,,,,,,,,,,,,,,,,,,,,1,0,0,0,0,0,0,0,,0,0,1,0,1,0,0,0,0.166666667,0,0.833333333,0,0,3,0,0.2,,,0,1.25,0.25,0.8,0,0,0.5,,,0,0,0,0.5,3,0,Xavi Rabaseda,Bilbao Basket,1335,22,FALSE
SPAIN,2024-2025,59093,3,0,0,0,0,0,0,0,0,0,0,0,0,0,0,0,0,0,0,0,0,0,0,0,0,0,0,0,0,0,0,0,0,0,0,0,0,0,0,0,0,0,0,0,0,0,0,0,0,0,0,0,0,0,0,0,0,0,0,0,0,0,0,0,0,0,0,0,0,0,0,0,0,0,0,0,0,0,0,0,0,0,0,0,0,0,0,0,0,0,0,0,0,0,0,0,0,0,0,0,0,0,0,0,0,0,0,0,0,0,0,0,0,0,0,0,0,0,0,0,0,0,0,0,0,0,0,0,0,0,0,0,0,0,0,0,0,0,0,0,0,0,0,0,0,0,0,0,0,0,0,0,0,0,0,0,0,0,0,0,0,0,0,3,0,0,2,0,0,0,2,0,0,0,0,0,0,0,0,2,0,2,0,1,1,0,0,0,0,0,0,0,0,0,0,0,0,0,0,0,0,0,1,0,0,0,0,0,0,0,0,0,0,0,0,0,0,0,0,0,0,0,0,0,0,0,0,0,0,0,0,0,0,0,0,0,0,0,0,0,0,0,0,0,0,0,0,1,0,0,1,0,0,0,1,0,0,0,0,0,0,1,0,1,0,0,0,0,1,0,0,1,0,0,0,1,0,0,0,0,0,0,1,0,1,0,0,0,0,0,0,0,0,0,0,0,0,0,0,0,0,0,0,0,0,0,0,2,0,0,2,0,0,0,0,0,0,0,0,1,0,0,0,0,0,0,0,0,0,0,2,0,0,,,,,,,,,,,,,,,,,,,,,,,,,,,0,0,0,0,0,0,0,0,,,,,,,0,0,0,0,0,0,,,,,,,,,,,,,,,,,,,,,,,,,,,,,,,,,,,,,,,,,,,,,,,,,,,,,,,,,,,,,,,,,,,,,,,,,,,,,,,,,,,,,,,,,,,,,,,,,,,,,,,,,,,,,,0,0,1,0,1,0,0,0,0.666666667,0,0.333333333,0,0,,,,,,,0,0,0,0,0,1,0,0,,,,,,,,,,,,,,,,,,,,,,,,,,,,,,0,0,1,0,1,0,0,0,1,0,0,0,0,,0,0,1,0,1,0,0,0,1,0,0,0,0,,,,,,,,,,0,0,0.666666667,,,0,0,0,0.333333333,,0,Wilhelm Falk,CB UCAM Murcia,1334,3,FALSE
SPAIN,2024-2025,59253,11,17,11,4,3,1,3,1,2,3,0,1,0,0,0,0,0,7,6,1,4,6,1,0,1,7,6,0,0,0,0,0,0,0,0,0,0,0,0,0,0,0,0,0,0,0,0,0,0,0,0,0,0,0,0,2,0,0,1,0,0,0,1,0,0,0,1,0,0,1,1,1,0,0,0,0,0,0,0,1,0,1,0,0,0,0,0,0,0,0,0,0,0,0,0,0,0,0,0,0,0,0,0,0,0,0,0,0,0,12,9,3,2,0,3,1,1,0,1,0,6,1,3,3,0,5,6,0,0,0,0,0,0,0,6,0,3,2,1,0,1,0,0,0,0,2,0,0,0,1,2,0,1,0,0,0,0,0,0,0,0,0,0,8,6,2,2,0,2,0,2,1,0,0,0,0,0,0,2,3,0,4,0,3,3,0,0,1,0,0,0,1,0,0,0,0,0,0,1,0,1,0,2,0,0,0,0,0,0,0,0,0,0,0,0,0,0,0,0,0,0,0,0,0,0,0,0,0,0,0,0,0,0,0,0,0,0,0,0,0,0,0,0,0,0,0,0,1,0,0,0,0,0,0,0,0,1,0,0,0,0,1,0,0,0,0,0,0,4,6,2,1,0,2,0,1,0,0,0,0,0,2,1,0,3,0,1,0,0,10,8,3,2,0,3,3,3,1,0,0,0,4,0,0,1,0,0,7,3,1,2,0,1,1,3,1,0,0,0,0,0,0,0,0,0,11,7,0,0,6,4,0,0,0.647058824,0.235294118,0.176470588,0,0.058823529,0.235294118,0,0,0,0,,,,,,,,,0.75,0.25,0.083333333,0,0.666666667,0.333333333,0.666666667,0,0.75,0.25,0.125,0,0.25,0,0,0,,,,,,,0,0,1,1.5,0.5,0,0.5,0.6,0.285714286,0.714285714,0.4,0.6,0.058823529,0,0,0,0,0.352941176,0.058823529,0.411764706,0.352941176,0,0,0.058823529,0,0.75,0.2,0.8,0.5,0.5,0,0,0,0,0,0.5,0,0.416666667,0.5,0,0,0.083333333,1,,1,0,0.333333333,0.666666667,0,0,0,0,0,0,0,0.333333333,0,0,0,0,,0,0,1,0,1,0.5,0,0,0,0,0,0.5,0.5,0,0,0,0,,,,,,,,,,,,,,,,,,,,,,,,,,,,,,,,,,,,,,0.5,0,1,0.4,0.6,0,0,0,0.5,0,0.375,0,0,,0,0,1,0,1,0,0,0,0.333333333,0,0.666666667,0,0,,,,,,,,,,,,,,,,,,,,,,,,,,,,,,,,,0,1,0,0,0,0,0,0,0,0,,0.666666667,0,1,0.666666667,0.333333333,0,0,0,0.75,0,0.25,0,0,0.8,0.3,0.588235294,1,0.333333333,0.176470588,0,0,0.235294118,0.428571429,0.142857143,0.875,3,1,0.125,,,0,1.571428571,1.5,Tomas Dimsa,Casademont Zaragoza,1331,11,FALSE
SPAIN,2024-2025,59301,4,0,0,0,0,0,0,0,0,0,0,0,0,0,0,0,0,0,0,0,0,0,0,0,0,0,0,0,0,0,0,0,0,0,0,0,0,0,0,0,0,0,0,0,0,0,0,0,0,0,0,0,0,0,0,0,0,0,0,0,0,0,0,0,0,0,0,0,0,0,0,0,0,0,0,0,0,0,0,0,0,0,0,0,0,0,0,0,0,0,0,0,0,0,0,0,0,0,0,0,0,0,0,0,0,0,0,0,0,0,0,0,0,0,0,0,0,0,0,0,0,0,0,0,0,0,0,0,0,0,0,0,0,0,0,0,0,0,0,0,0,0,0,0,0,0,0,0,0,0,0,0,0,0,0,0,0,0,0,0,0,0,0,21,4,2,3,2,0,3,0,0,0,0,0,0,0,0,2,3,0,5,0,16,4,2,1,0,1,0,0,0,0,0,0,0,0,1,0,0,1,0,3,0,0,0,0,0,0,0,0,0,0,0,0,0,0,0,0,0,0,0,0,0,0,0,1,0,0,0,0,0,0,0,0,0,0,0,0,0,0,0,0,0,1,0,0,10,2,1,1,1,0,1,0,0,0,0,0,0,1,1,0,2,0,8,0,0,5,0,0,2,0,0,2,0,0,0,0,0,0,0,2,0,2,0,3,0,0,0,0,0,0,0,0,0,0,0,0,0,0,0,0,0,0,0,0,15,2,1,3,0,0,2,0,0,0,0,0,4,2,1,0,0,0,0,0,0,0,4,5,0,0,,,,,,,,,,,,,,,,,,,,,,,,,,,0.19047619,0.095238095,0,0,0.095238095,0.5,0.25,0,,,,0,0,0,0.2,0.1,0,0,0,0,,,,,,,,,,,,,,,,,,,,,,,,,,,,,,,,,,,,,,,,,,,,,,,,,,,,,,,,,,,,,,,,,,,,,,,,,,,,,,,,,,,,,,,,,,,,,,,,,,,,,,,,,,,,,0.4,,1,0,0.4,0.6,0,0,0,0.238095238,0,0.761904762,0,0,1,,1,0,1,0,0,0,0,0.25,0,0.75,0,0,,,,,,,,,,,,,,,,,,,,,0,0,0,0,0,1,0,0,0.5,,1,0,0.5,0.5,0,0,0,0.2,0,0.8,0,0,0,,1,0,0,1,0,0,0,0.4,0,0.6,0,0,,,,,,,,,,0.133333333,0.066666667,0.714285714,0,0,0.095238095,0.5,0.25,0.19047619,,0.8,Babatunde Olumuyiwa,BC MoraBanc Andorra,1332,4,FALSE
SPAIN,2024-2025,24692,13,0,0,0,0,0,0,0,0,0,0,0,0,0,0,0,0,0,0,0,0,0,0,0,0,0,0,0,0,0,0,0,0,0,0,0,0,0,0,0,0,0,0,0,0,0,0,0,0,0,0,0,0,0,0,0,0,0,0,0,0,0,0,0,0,0,0,0,0,0,0,0,0,0,0,0,0,0,0,0,0,0,0,0,0,0,0,0,0,0,0,0,0,0,0,0,0,0,0,0,0,0,0,0,0,0,0,0,0,0,0,0,0,0,0,0,0,0,0,0,0,0,0,0,0,0,0,0,0,0,0,0,0,0,0,0,0,0,0,0,0,0,0,0,0,0,0,0,0,0,0,0,0,0,0,0,0,0,0,0,0,0,0,115,14,7,3,7,0,3,0,3,3,1,0,0,0,7,10,6,6,10,1,93,18,0,0,0,0,0,0,0,0,1,0,3,0,0,1,2,0,1,15,0,0,0,0,0,0,0,0,0,0,0,0,0,0,0,0,0,0,0,0,0,0,0,0,0,0,0,0,0,0,0,0,0,0,0,0,0,0,0,0,0,0,0,0,57,10,5,1,5,0,1,0,0,1,1,4,1,6,2,4,6,0,45,0,0,40,4,2,2,2,0,2,0,0,1,2,0,0,4,3,0,4,0,33,0,0,0,0,0,0,0,0,0,0,0,0,0,0,0,0,0,0,0,0,79,10,5,3,0,2,14,2,1,0,0,0,22,2,1,0,0,1,0,0,0,0,14,10,0,0,,,,,,,,,,,,,,,,,,,,,,,,,,,0.12173913,0.060869565,0.026086957,0,0.086956522,0,0,0.055555556,,,,,,,0.175438596,0.087719298,0.01754386,0.1,0.05,0.025,,,,,,,,,,,,,,,,,,,,,,,,,,,,,,,,,,,,,,,,,,,,,,,,,,,,,,,,,,,,,,,,,,,,,,,,,,,,,,,,,,,,,,,,,,,,,,,,,,,,,,,,,,,,,0.7,,1,0,0.625,0.375,0.052173913,0,0,0.086956522,0.008695652,0.808695652,0.026086957,0.008695652,,,,,0,1,0.111111111,0,0,0,0.055555556,0.833333333,0,0,,,,,,,,,,,,,,,,,,,,,,,,,,,,,0.833333333,,1,0,0.75,0.25,0.070175439,0,0,0.105263158,0,0.789473684,0.01754386,0.01754386,0.5,,1,0,0.571428571,0.428571429,0,0,0,0.1,0,0.825,0.05,0,,,,,,,,,,0.126582278,0.063291139,0.686956522,0.142857143,0.071428571,0.12173913,0.090909091,0.045454545,0.191304348,,1.4,Boubacar Toure,Leche Rio Breogan,1322,13,FALSE
SPAIN,2024-2025,25326,23,0,0,0,0,0,0,0,0,0,0,0,0,0,0,0,0,0,0,0,0,0,0,0,0,0,0,0,0,0,0,0,0,0,0,0,0,0,0,0,0,0,0,0,0,0,0,0,0,0,0,0,0,0,0,0,0,0,0,0,0,0,0,0,0,0,0,0,0,0,0,0,0,0,0,0,0,0,0,0,0,0,0,0,0,0,0,0,0,0,0,0,0,0,0,0,0,0,0,0,0,0,0,0,0,0,0,0,0,0,0,0,0,0,0,0,0,0,0,0,0,0,0,0,0,0,0,0,0,0,0,0,0,0,0,0,0,0,0,0,0,0,0,0,0,0,0,0,0,0,0,0,0,0,0,0,0,0,0,0,0,0,0,129,14,6,5,6,0,5,0,3,8,1,1,1,0,3,14,8,2,11,1,107,27,4,2,3,2,0,3,0,0,1,3,1,1,5,4,0,5,1,18,0,0,0,0,0,0,0,0,0,0,0,0,0,0,0,0,0,0,0,0,0,0,0,1,0,0,0,0,0,0,0,0,0,0,0,0,0,0,0,0,0,1,0,0,51,6,3,1,3,0,1,0,0,1,4,0,0,7,2,0,4,0,43,0,0,50,4,1,1,1,0,1,0,1,1,1,2,0,2,2,2,2,0,45,1,0,0,0,0,0,0,0,0,0,0,0,0,0,0,0,0,0,0,0,93,14,6,2,1,2,17,0,0,2,0,0,19,0,0,1,0,1,0,0,0,0,12,11,0,0,,,,,,,,,,,,,,,,,,,,,,,,,,,0.108527132,0.046511628,0.023255814,0.007751938,0.108527132,0.148148148,0.074074074,0.037037037,,,,0,0,0,0.117647059,0.058823529,0.019607843,0.08,0.02,0.02,,,,,,,,,,,,,,,,,,,,,,,,,,,,,,,,,,,,,,,,,,,,,,,,,,,,,,,,,,,,,,,,,,,,,,,,,,,,,,,,,,,,,,,,,,,,,,,,,,,,,,,,,,,,,0.545454545,,1,0,0.636363636,0.363636364,0.015503876,0.007751938,0,0.085271318,0.007751938,0.829457364,0.062015504,0.007751938,0.4,,1,0,0.555555556,0.444444444,0,0,0,0.185185185,0.037037037,0.666666667,0.111111111,0.037037037,,,,,,,,,,,,,,,,,,,,,0,0,0,0,0,1,0,0,0.75,,1,0,0.777777778,0.222222222,0,0,0,0.078431373,0,0.843137255,0.078431373,0,0.5,,1,0,0.5,0.5,0.04,0.02,0,0.04,0,0.9,0.02,0,,,,,,,,,,0.150537634,0.064516129,0.720930233,0,0,0.131782946,0,0,0.147286822,,1.090909091,Ivan Aurrecoechea,Coviran Granada,1319,23,FALSE
SPAIN,2024-2025,59273,26,146,106,18,38,9,9,18,20,10,4,4,24,20,4,17,7,82,51,31,45,48,54,29,25,56,28,0,1,0,0,0,0,0,0,0,0,0,0,1,0,0,0,0,0,1,0,0,0,0,0,0,0,1,0,25,15,4,9,2,2,2,7,2,0,1,11,2,7,9,8,13,3,0,2,0,1,1,3,5,6,5,0,0,0,0,0,0,0,0,0,0,0,0,0,0,0,0,0,0,0,0,0,0,0,0,0,0,0,109,89,13,21,6,7,14,7,22,10,3,68,2,37,31,46,34,22,0,18,4,16,6,26,20,44,24,11,2,1,8,1,0,2,6,0,0,0,2,0,1,8,0,9,2,0,0,0,0,0,0,0,0,2,55,28,6,7,0,6,1,6,1,1,0,4,2,2,9,11,8,7,13,2,32,20,12,4,2,0,4,0,2,0,1,0,4,0,4,3,2,6,2,10,0,0,0,0,0,0,0,0,0,0,0,0,0,0,0,0,0,0,0,0,0,0,0,0,0,0,0,0,0,0,0,0,0,0,0,0,0,0,0,0,0,0,0,0,26,8,1,4,0,1,1,3,2,0,1,3,0,4,4,3,5,0,17,1,1,8,8,1,1,0,1,0,1,2,0,0,2,0,3,1,2,2,0,4,1,1,85,71,12,26,16,2,24,16,3,2,2,6,37,19,3,10,6,2,15,8,2,2,1,0,32,15,4,3,1,1,8,5,0,2,2,0,45,56,10,9,18,13,0,0,0.726027397,0.123287671,0.068493151,0.164383562,0.369863014,0.308219178,0.6,0.16,0,0.08,0,0,0,0,,,,,0.816513761,0.119266055,0.091743119,0.201834862,0.181818182,0.090909091,0,0,0.509090909,0.109090909,0.018181818,0.072727273,0.2,0.6,0.2,0.05,,,,,,,0.307692308,0.038461538,0,1,0.125,0,0.333333333,0.310344828,0.482142857,0.517857143,0.483870968,0.516129032,0.369863014,0.136986301,0.02739726,0.116438356,0.047945205,0.349315068,0.212328767,0.383561644,0.191780822,0,0.02739726,0.02739726,0.3,0.5,0.588235294,0.411764706,0.544117647,0.455882353,0.422018349,0.165137615,0.036697248,0.146788991,0.055045872,0.403669725,0.220183486,0.311926606,0.201834862,0,0.027522936,0.018348624,0.333333333,0,0.333333333,0.666666667,0.111111111,0.888888889,0,0,0,0,0,0,0.181818182,0.818181818,0.181818182,0,0,0,0.5,0.222222222,0.307692308,0.692307692,0.4375,0.5625,0.32,0.08,0,0.04,0.04,0.24,0.2,0.52,0.12,0,0.04,0.08,,,,,,,,,,,,,,,,,,,,,,,,,0,0,0,0,0,1,0,0,1,0,0,0,0,0.5,0.076923077,0.923076923,0.578947368,0.421052632,0.127272727,0.036363636,0.036363636,0.236363636,0.036363636,0.581818182,0.018181818,0,,0.666666667,0,1,0.571428571,0.428571429,0.1,0,0,0.3,0.1,0.5,0,0,,,,,,,,,,,,,,,,,,,,,,,,,,,,,0,0.25,0.2,0.8,0.5,0.5,0.115384615,0.038461538,0.038461538,0.192307692,0,0.653846154,0.038461538,0,,0.5,0,1,0.75,0.25,0.25,0.125,0.125,0.25,0,0.5,0,0,0.835294118,0.141176471,0.582191781,0.666666667,0.125,0.164383562,0.513513514,0.081081081,0.253424658,0.533333333,0.133333333,0.272727273,0.46875,0.125,0.581818182,0.625,0,0.145454545,0.894039735,1.384615385,Scott Bamforth,Coviran Granada,1319,26,FALSE
SPAIN,2024-2025,59092,30,5,4,1,0,1,0,0,0,0,0,0,1,1,0,0,1,4,1,3,2,0,3,1,2,1,1,0,0,0,0,0,0,0,0,0,0,0,0,0,0,0,0,0,0,0,0,0,0,0,0,0,0,0,0,4,4,1,0,1,0,0,0,1,0,0,3,0,2,0,3,1,0,0,1,0,0,1,1,2,1,2,0,0,0,0,0,0,0,0,0,0,0,0,0,0,0,0,0,0,0,0,0,0,0,0,0,0,0,1,0,0,0,0,0,0,0,0,0,0,1,0,0,0,0,0,1,0,0,0,0,0,0,0,0,1,0,0,0,0,0,0,0,0,0,0,0,0,0,0,0,0,0,0,0,0,0,0,0,0,0,0,0,124,44,14,18,8,6,9,9,0,5,1,4,2,2,11,23,18,11,32,0,76,40,12,6,7,6,0,4,3,0,0,1,3,0,7,7,3,13,0,23,0,0,0,0,0,0,0,0,0,0,0,0,0,0,0,0,0,0,0,0,0,0,0,1,0,0,0,0,0,0,0,0,0,0,0,0,0,0,0,0,0,1,0,0,62,24,6,10,2,4,4,6,3,0,3,7,1,12,10,7,16,0,36,1,2,21,8,2,1,0,2,1,0,1,0,1,1,0,4,1,1,3,0,16,1,0,3,2,0,0,1,0,1,2,1,0,0,0,1,0,0,0,0,0,90,32,10,14,3,0,14,7,2,2,1,0,20,5,2,2,0,0,2,1,0,0,34,32,0,0,0.8,0.2,0,0.2,0.6,0.4,1,0.25,0,0.25,,,,,,,,,0,0,0,0,,,,,0.35483871,0.112903226,0,0.032258065,0.185483871,0.3,0.15,0,,,,0,0,0,0.387096774,0.096774194,0,0.380952381,0.095238095,0,1,,1,0,1,0,0.6,0.2,0,0,0.2,0.2,0.6,0.2,0.2,0,0,0,,,,,,,0,0,0,0,0,0,1,0,1,0,0,0,,,,,,,,,,,,,,,,,,,1,,1,0,1,0,0.75,0.25,0,0,0.25,0.25,0.5,0.25,0,0,0,0,,,,,,,,,,,,,,,,,,,,,,,,,,,,,,,,,,,,,0.470588235,0.4,0.53125,0.46875,0.56097561,0.43902439,0.088709677,0.016129032,0.016129032,0.258064516,0,0.612903226,0.040322581,0.008064516,0.6,0,0.769230769,0.230769231,0.5,0.5,0.075,0,0,0.325,0,0.575,0.025,0,,,,,,,,,,,,,,,,,,,,,0,0,0,0,0,1,0,0,0.333333333,0.4,0.375,0.625,0.545454545,0.454545455,0.112903226,0.016129032,0.032258065,0.258064516,0,0.580645161,0.048387097,0.016129032,0,1,0.333333333,0.666666667,0.8,0.2,0.047619048,0.047619048,0,0.142857143,0,0.761904762,0.047619048,0,0.666666667,0,0.6,2,1,0.2,0,0,0.2,0.355555556,0.111111111,0.725806452,0.5,0.142857143,0.112903226,0.25,0.1,0.161290323,2,1.0625,Toni Nakic,Leche Rio Breogan,1322,30,FALSE
SPAIN,2024-2025,59204,26,1,0,0,0,0,0,0,0,0,0,0,0,0,0,0,0,1,1,0,0,0,0,0,0,0,1,0,0,0,0,0,0,0,0,0,0,0,0,0,0,0,0,0,0,0,0,0,0,0,0,0,0,0,0,0,0,0,0,0,0,0,0,0,0,0,0,0,0,0,0,0,0,0,0,0,0,0,0,0,0,0,0,0,0,0,0,0,0,0,0,0,0,0,0,0,0,0,0,0,0,0,0,0,0,0,0,0,0,1,0,0,0,0,0,0,0,0,0,0,1,0,0,0,0,0,1,0,0,0,0,0,0,0,1,0,0,0,0,0,0,0,0,0,0,0,0,0,0,0,0,0,0,0,0,0,0,0,0,0,0,0,0,324,102,23,25,14,9,7,18,7,10,2,20,13,7,47,52,32,39,48,8,217,49,6,3,3,3,0,2,1,0,1,4,3,0,6,4,0,6,3,37,0,0,0,0,0,0,0,0,0,0,0,0,0,0,0,0,0,0,0,0,0,0,0,3,3,0,0,0,0,0,0,1,0,0,1,0,1,0,1,0,0,2,0,1,142,50,11,13,8,3,5,8,10,2,5,28,2,26,15,24,24,4,85,5,5,130,43,9,9,3,6,0,9,9,4,1,15,0,19,13,14,18,1,93,8,1,0,0,0,0,0,0,0,0,0,0,0,0,1,0,0,0,0,0,224,58,13,18,12,5,44,17,3,4,4,1,56,27,7,3,4,1,0,0,0,0,55,48,0,0,0,0,0,0,0,0,,,,,,,,,,,,,0,0,0,0,,,,,0.314814815,0.070987654,0.021604938,0.061728395,0.160493827,0.12244898,0.06122449,0.020408163,,,,1,0,0,0.352112676,0.077464789,0.014084507,0.330769231,0.069230769,0.030769231,,,,,,,0,0,0,0,0,1,0,0,1,0,0,0,,,,,,,0,0,0,0,0,1,0,0,1,0,0,0,,,,,,,,,,,,,,,,,,,,,,,,,,,,,,,,,,,,,,,,,,,,,,,,,,,,,,,,,,,,,,,,,,,,,,,,,0.666666667,0.333333333,0.4375,0.5625,0.619047619,0.380952381,0.12037037,0.040123457,0.021604938,0.148148148,0.024691358,0.669753086,0.030864198,0.00617284,0.6,0,0.833333333,0.166666667,0.6,0.4,0,0,0,0.12244898,0.06122449,0.755102041,0.081632653,0,,,,,,,,,,,,,,,,,,,1,0,0.333333333,0,0.333333333,0,0,0.666666667,0,0,0.615384615,0.272727273,0.541666667,0.458333333,0.634146341,0.365853659,0.169014085,0.035211268,0.035211268,0.169014085,0.028169014,0.598591549,0.035211268,0.014084507,1,0.4,0.166666667,0.833333333,0.59375,0.40625,0.107692308,0.061538462,0.007692308,0.138461538,0.007692308,0.715384615,0.007692308,0,,,0,,,0,0,0,1,0.258928571,0.058035714,0.691358025,0.386363636,0.068181818,0.135802469,0.482142857,0.125,0.172839506,,1.145833333,Bojan Dubljevic,Casademont Zaragoza,1331,26,FALSE
SPAIN,2024-2025,59118,39,1,0,0,0,0,0,0,0,0,0,0,0,0,0,0,0,1,0,1,0,0,1,0,1,0,0,0,0,0,0,0,0,0,0,0,0,0,0,0,0,0,0,0,0,0,0,0,0,0,0,0,0,0,0,0,0,0,0,0,0,0,0,0,0,0,0,0,0,0,0,0,0,0,0,0,0,0,0,0,0,0,0,0,0,0,0,0,0,0,0,0,0,0,0,0,0,0,0,0,0,0,0,0,0,0,0,0,0,1,0,0,0,0,0,0,0,0,0,0,1,0,0,0,1,0,0,0,0,0,0,0,0,1,0,1,0,0,0,0,0,0,0,0,0,0,0,0,0,0,0,0,0,0,0,0,0,0,0,0,0,0,0,775,215,74,26,74,0,26,0,20,49,5,25,8,17,56,131,46,51,100,5,574,118,38,14,4,14,0,4,0,4,4,11,5,0,23,8,5,18,0,87,2,2,3,3,0,0,0,0,0,0,1,0,0,1,0,1,0,1,0,0,2,0,1,6,0,0,0,0,0,0,0,0,1,2,1,0,2,1,1,0,0,2,0,0,347,112,33,9,33,0,9,0,17,8,22,37,2,67,17,34,42,3,245,5,12,290,62,27,13,27,0,13,0,3,7,14,12,3,38,20,10,40,2,227,1,2,1,0,0,0,0,0,0,0,0,0,0,0,0,0,0,0,0,0,549,134,51,17,13,13,83,44,13,2,6,1,143,37,10,7,6,6,0,0,0,0,148,100,0,0,0,0,0,0,1,0,,,,,,,,,,,,,0,0,0,0,,,,,0.277419355,0.095483871,0.025806452,0.032258065,0.169032258,0.322033898,0.118644068,0.033898305,1,0,0,0,0,0.166666667,0.322766571,0.095100865,0.023054755,0.213793103,0.093103448,0.024137931,,,,,,,1,0,0,0,0,0,1,0,0,0,0,0,,,,,,,1,0,0,0,0,0,1,0,0,0,0,0,,,,,,,,,,,,,,,,,,,,,,,,,,,,,,,,,,,,,,,,,,,,,,,,,,,,,,,,,,,,,,,,,,,,,,,,,0.74,,1,0,0.740112994,0.259887006,0.065806452,0.010322581,0.021935484,0.129032258,0.006451613,0.740645161,0.063225806,0.006451613,0.777777778,,1,0,0.741935484,0.258064516,0.042372881,0.016949153,0.016949153,0.152542373,0,0.737288136,0.093220339,0,,,,,1,0,0.333333333,0,0.333333333,0,0,0.666666667,0,0,,,,,0.666666667,0.333333333,0.166666667,0,0,0,0,0.333333333,0.333333333,0,0.785714286,,1,0,0.797619048,0.202380952,0.097982709,0.014409222,0.034582133,0.121037464,0.008645533,0.706051873,0.063400576,0.005763689,0.675,,1,0,0.655172414,0.344827586,0.034482759,0.003448276,0.006896552,0.137931034,0.006896552,0.782758621,0.048275862,0.010344828,0,0,1,,,0,,,0,0.244080146,0.092896175,0.708387097,0.530120482,0.156626506,0.107096774,0.258741259,0.06993007,0.184516129,,1.48,Giorgi Shermadini,Lenovo Tenerife,1333,39,FALSE
SPAIN,2024-2025,59284,1,0,0,0,0,0,0,0,0,0,0,0,0,0,0,0,0,0,0,0,0,0,0,0,0,0,0,0,0,0,0,0,0,0,0,0,0,0,0,0,0,0,0,0,0,0,0,0,0,0,0,0,0,0,0,0,0,0,0,0,0,0,0,0,0,0,0,0,0,0,0,0,0,0,0,0,0,0,0,0,0,0,0,0,0,0,0,0,0,0,0,0,0,0,0,0,0,0,0,0,0,0,0,0,0,0,0,0,0,0,0,0,0,0,0,0,0,0,0,0,0,0,0,0,0,0,0,0,0,0,0,0,0,0,0,0,0,0,0,0,0,0,0,0,0,0,0,0,0,0,0,0,0,0,0,0,0,0,0,0,0,0,0,1,0,0,0,0,0,0,0,0,0,0,0,0,0,0,0,0,0,0,0,1,1,0,0,0,0,0,0,0,0,0,0,0,0,0,0,0,0,0,1,0,0,0,0,0,0,0,0,0,0,0,0,0,0,0,0,0,0,0,0,0,0,0,0,0,0,0,0,0,0,0,0,0,0,0,0,0,0,0,0,0,0,0,0,0,0,0,0,0,0,0,0,0,0,0,0,0,0,0,0,0,0,0,0,0,0,0,0,0,0,0,0,0,0,0,0,0,0,0,0,0,0,0,0,0,0,0,0,0,0,0,0,0,0,0,0,0,0,0,0,0,0,0,0,1,0,0,0,0,0,0,0,0,0,0,0,0,0,0,0,0,0,0,0,0,0,0,0,0,0,,,,,,,,,,,,,,,,,,,,,,,,,,,0,0,0,0,0,0,0,0,,,,,,,,,,,,,,,,,,,,,,,,,,,,,,,,,,,,,,,,,,,,,,,,,,,,,,,,,,,,,,,,,,,,,,,,,,,,,,,,,,,,,,,,,,,,,,,,,,,,,,,,,,,,,,,,,,,,,,,,,,,,,,,0,0,0,0,0,1,0,0,,,,,,,0,0,0,0,0,1,0,0,,,,,,,,,,,,,,,,,,,,,,,,,,,,,,,,,,,,,,,,,,,,,,,,,,,,,,,,,,,,,,,,,,0,0,1,,,0,,,0,,,Iker Chacon Rodriguez,Bilbao Basket,1335,1,FALSE
SPAIN,2024-2025,58354,15,131,132,20,22,15,5,11,11,11,6,2,33,21,12,16,17,79,40,39,58,33,59,28,31,42,20,0,0,0,0,0,0,0,0,0,0,0,0,0,0,0,0,0,0,0,0,0,0,0,0,0,0,0,0,18,17,3,4,1,2,2,2,4,1,0,10,0,7,5,7,7,3,0,3,1,1,3,2,5,4,6,1,0,0,0,0,0,0,0,0,0,0,1,0,0,0,0,0,1,0,0,0,0,0,0,0,1,0,94,92,13,15,12,1,9,6,24,9,6,58,2,42,24,46,28,12,0,16,8,13,11,24,22,30,28,18,23,4,3,2,2,0,3,5,1,0,10,0,9,4,6,7,4,0,2,3,2,3,2,4,5,5,2,0,0,0,0,0,0,0,0,0,0,0,0,0,0,0,0,0,0,0,2,0,0,0,0,0,0,0,0,0,0,0,0,0,0,0,0,0,0,0,0,0,0,0,0,0,0,0,0,0,0,0,0,0,0,0,0,0,0,0,0,0,0,0,0,0,0,0,0,0,0,0,0,0,0,0,0,0,0,0,0,0,0,0,2,0,0,0,0,0,0,0,0,0,0,0,0,0,0,0,0,0,2,0,0,0,0,0,0,0,0,0,0,0,0,0,0,0,0,0,0,0,0,0,0,0,85,78,10,17,21,7,22,27,6,3,6,0,24,27,4,2,6,4,2,0,0,0,0,0,0,0,0,0,0,0,0,0,0,0,0,0,45,42,9,9,0,0,0,0,1.007633588,0.152671756,0.083969466,0.251908397,0.450381679,0.442748092,0.944444444,0.166666667,0.055555556,0.222222222,,,,,0,0,0,0,0.978723404,0.138297872,0.095744681,0.255319149,1.277777778,0.222222222,0.055555556,0.277777778,0,0,0,0,0,,,,,,,,,,0,0,0,,,,0.576923077,0.3125,0.619047619,0.380952381,0.637362637,0.362637363,0.450381679,0.160305344,0.091603053,0.122137405,0.129770992,0.305343511,0.297709924,0.320610687,0.152671756,0,0.045801527,0.015267176,0.571428571,0.142857143,0.75,0.25,0.636363636,0.363636364,0.489361702,0.170212766,0.085106383,0.138297872,0.117021277,0.319148936,0.29787234,0.29787234,0.127659574,0,0.063829787,0.021276596,1,0.4,0.285714286,0.714285714,0.692307692,0.307692308,0.333333333,0.111111111,0.166666667,0.111111111,0.166666667,0.277777778,0.277777778,0.388888889,0.222222222,0,0,0,0.333333333,0.5,0.428571429,0.571428571,0.583333333,0.416666667,0.388888889,0.166666667,0.055555556,0.055555556,0.166666667,0.222222222,0.333333333,0.388888889,0.166666667,0,0,0,,,,,,,0,0,0,0,0,1,0,0,1,0,0,0,,,,,,,,,,,,,,,,,,,,,,,,,0,0,0,0,0,1,0,0,,,,,,,,,,,,,,,,,,,,,,,,,,,,,,,,,,,,,,,,,,,,,,,,,0,0,0,0,0,1,0,0,,,,,,,,,,,,,,,0.917647059,0.117647059,0.648854962,1.227272727,0.272727273,0.167938931,1.125,0.166666667,0.183206107,0,0,1,,,0,,,0,1.174934726,,Keye van der Vuurst de Vries,ICG Forca Lleida,1323,15,TRUE
SPAIN,2024-2025,18389,10,139,88,19,34,14,5,18,16,8,0,5,19,12,7,5,14,83,35,48,38,42,52,10,42,53,31,0,2,3,1,0,0,1,0,0,0,0,0,1,0,1,0,1,1,0,0,0,0,0,0,0,1,0,1,15,8,2,7,2,0,5,2,2,0,0,6,3,4,7,3,9,3,0,2,0,2,0,2,1,5,1,3,2,1,0,1,0,0,0,0,0,0,2,0,1,0,1,1,1,0,0,0,0,0,1,0,2,0,101,64,14,19,11,3,11,8,14,8,0,65,1,28,27,41,33,24,0,9,5,3,11,6,35,24,41,18,11,1,8,0,1,2,6,3,0,0,9,1,4,8,6,9,3,0,1,2,0,3,1,5,4,5,1,0,0,0,0,0,0,0,0,0,0,0,0,0,0,0,0,0,0,0,1,1,0,0,0,0,0,0,0,0,0,0,0,0,0,0,0,0,0,1,0,0,0,0,0,0,0,0,0,0,0,0,0,0,0,0,0,0,0,0,0,0,0,0,0,0,0,0,0,0,0,0,0,0,0,0,0,0,0,0,0,0,0,0,0,0,0,0,0,0,0,0,0,0,0,0,0,0,0,0,0,0,0,0,0,0,0,0,0,0,0,0,0,0,0,0,0,0,0,0,0,0,0,0,0,0,86,57,13,24,12,5,18,12,2,4,3,1,35,19,4,6,4,2,0,0,0,0,0,0,1,0,0,0,0,0,0,0,0,0,0,0,43,53,0,0,0,0,0,0,0.633093525,0.136690647,0.057553957,0.136690647,0.374100719,0.273381295,0.533333333,0.133333333,0,0.133333333,1.5,0.5,0,0,0.666666667,0.333333333,0,0,0.633663366,0.138613861,0.079207921,0.138613861,0.611111111,0.055555556,0,0.166666667,0,0,0,0,0,0,0,0,,,,,,,,,,,,,0.4375,0.238095238,0.603773585,0.396226415,0.475,0.525,0.374100719,0.086330935,0.050359712,0.035971223,0.100719424,0.251798561,0.345323741,0.381294964,0.223021583,0,0,0.035971223,0.5,0.272727273,0.666666667,0.333333333,0.509090909,0.490909091,0.405940594,0.089108911,0.04950495,0.02970297,0.108910891,0.237623762,0.405940594,0.326732673,0.237623762,0,0,0.00990099,0,0.142857143,0.222222222,0.777777778,0.333333333,0.666666667,0.333333333,0.055555556,0.111111111,0,0.166666667,0.222222222,0.277777778,0.5,0.166666667,0,0,0.055555556,0.285714286,0,0.777777778,0.222222222,0.363636364,0.636363636,0.2,0.133333333,0,0.133333333,0,0.333333333,0.066666667,0.6,0.2,0,0,0.2,1,,1,0,1,0,0.333333333,0,0,0,0,0.666666667,0,0.333333333,0.333333333,0,0,0,,1,0,1,1,0,0.5,0,0,0,0,0,0.5,0.5,0,0,0,0,,,,,,,0,0,0,0,0,1,0,0,,,,,,,0,0,0,0,0,1,0,0,,,,,,,,,,,,,,,,,,,,,,,,,,,,,,,,,,,,,,,,,,,,,,,,,,,,,,,,,0.662790698,0.151162791,0.618705036,0.666666667,0.111111111,0.129496403,0.542857143,0.114285714,0.251798561,,,0,0,0,1,,,0,0.811320755,,Charlie Moore,Leche Rio Breogan,1322,10,FALSE
SPAIN,2024-2025,59269,31,58,50,12,14,10,2,13,1,9,4,3,8,4,4,5,3,24,14,10,23,23,14,8,6,26,10,0,0,0,0,0,0,0,0,0,0,0,0,0,0,0,0,0,0,0,0,0,0,0,0,0,0,0,0,13,14,4,3,2,2,3,0,1,1,1,4,0,6,4,4,7,0,0,0,1,1,0,2,2,2,2,0,0,0,0,0,0,0,0,0,0,0,0,0,0,0,0,0,0,0,0,0,0,0,0,0,0,0,33,27,6,7,6,0,7,0,5,7,2,15,2,12,14,7,13,8,0,2,3,3,2,4,3,9,6,11,7,1,4,1,0,3,1,2,1,1,5,1,4,5,3,5,2,0,2,0,1,1,2,1,3,2,12,0,0,1,0,0,1,0,0,0,0,0,0,0,1,0,1,1,1,0,10,5,0,0,1,0,0,1,0,0,0,0,0,0,0,1,0,1,0,4,0,0,0,0,0,0,0,0,0,0,0,0,0,0,0,0,0,0,0,0,0,0,0,0,0,0,0,0,0,0,0,0,0,0,0,0,0,0,0,0,0,0,0,0,2,0,0,0,0,0,0,0,0,0,0,0,0,0,0,0,0,0,2,0,0,5,0,0,0,0,0,0,0,0,0,0,1,0,0,0,1,0,0,4,0,0,28,21,4,8,4,6,7,3,1,2,0,2,23,26,7,4,4,1,8,0,0,1,0,0,3,0,0,0,0,0,1,0,0,0,0,0,26,26,7,4,0,1,0,0,0.862068966,0.206896552,0.155172414,0.137931034,0.24137931,0.396551724,1.076923077,0.307692308,0.076923077,0.076923077,,,,,,,,,0.818181818,0.181818182,0.212121212,0.151515152,0.636363636,0.090909091,0.090909091,0.181818182,0,0,0,0,0,0,0,0,,,,,,,0,0,0,0,0,0,0.434782609,0.666666667,0.884615385,0.115384615,0.5,0.5,0.24137931,0.068965517,0.068965517,0.086206897,0.051724138,0.24137931,0.172413793,0.448275862,0.172413793,0,0.068965517,0.051724138,0.461538462,,1,0,0.461538462,0.538461538,0.212121212,0.060606061,0.090909091,0.090909091,0.060606061,0.272727273,0.181818182,0.393939394,0.242424242,0,0.060606061,0.060606061,0.25,0,0.8,0.2,0.444444444,0.555555556,0.272727273,0.181818182,0,0.090909091,0.090909091,0.272727273,0.181818182,0.454545455,0.181818182,0,0.090909091,0.090909091,0.4,1,0.714285714,0.285714286,0.6,0.4,0.307692308,0,0.076923077,0.076923077,0,0.153846154,0.153846154,0.538461538,0,0,0.076923077,0,,,,,,,,,,,,,,,,,,,,,,,,,,,,,,,,,,,,,0,,1,0,0,1,0.083333333,0,0,0.083333333,0,0.833333333,0,0,0,,1,0,0,1,0,0,0,0.2,0,0.8,0,0,,,,,,,,,,,,,,,,,,,,,,,,,,,,,,,,,,,0,0,0,0,0,1,0,0,,,,,,,0.2,0,0,0,0,0.8,0,0,0.75,0.142857143,0.482758621,0.428571429,0.142857143,0.120689655,1.130434783,0.304347826,0.396551724,0,0,0.666666667,0,0,0.25,0,0,0.083333333,1.031636864,0,Maximo Fjellerup,Basquet Girona,1315,31,FALSE
SPAIN,2024-2025,59254,30,0,0,0,0,0,0,0,0,0,0,0,0,0,0,0,0,0,0,0,0,0,0,0,0,0,0,0,0,0,0,0,0,0,0,0,0,0,0,0,0,0,0,0,0,0,0,0,0,0,0,0,0,0,0,0,0,0,0,0,0,0,0,0,0,0,0,0,0,0,0,0,0,0,0,0,0,0,0,0,0,0,0,0,0,0,0,0,0,0,0,0,0,0,0,0,0,0,0,0,0,0,0,0,0,0,0,0,0,0,0,0,0,0,0,0,0,0,0,0,0,0,0,0,0,0,0,0,0,0,0,0,0,0,0,0,0,0,0,0,0,0,0,0,0,0,0,0,0,0,0,0,0,0,0,0,0,0,0,0,0,0,0,76,12,3,9,3,0,6,3,3,7,0,2,0,2,5,11,12,4,12,1,51,10,3,0,0,0,0,0,0,1,0,1,1,0,2,0,1,0,0,8,0,1,1,0,0,1,0,0,1,0,0,0,0,0,0,0,1,0,1,0,0,0,0,0,0,0,0,0,0,0,0,0,0,0,0,0,0,0,0,0,0,0,0,0,33,5,1,2,1,0,2,0,1,2,4,3,0,6,4,2,3,1,22,0,1,31,4,2,5,2,0,2,3,0,1,2,1,0,3,6,1,7,0,21,0,0,0,0,0,0,0,0,0,0,0,0,0,0,0,0,0,0,0,0,42,5,1,8,1,3,10,5,1,0,1,0,24,2,1,1,0,0,0,0,0,0,6,12,0,0,,,,,,,,,,,,,,,,,,,,,,,,,,,0.157894737,0.039473684,0.039473684,0.026315789,0.144736842,0.3,0,0,0,0,0,,,,0.151515152,0.03030303,0.060606061,0.129032258,0.064516129,0.032258065,,,,,,,,,,,,,,,,,,,,,,,,,,,,,,,,,,,,,,,,,,,,,,,,,,,,,,,,,,,,,,,,,,,,,,,,,,,,,,,,,,,,,,,,,,,,,,,,,,,,,,,,,,,,,0.333333333,0,0.75,0.25,0.47826087,0.52173913,0.052631579,0,0.026315789,0.157894737,0.013157895,0.671052632,0.092105263,0,,,,,1,0,0.1,0,0.1,0,0,0.8,0.1,0,0,,1,0,0,1,0,0,0,1,0,0,0,0,,,,,,,,,,,,,,,0.333333333,,1,0,0.6,0.4,0.060606061,0,0.03030303,0.090909091,0.03030303,0.666666667,0.121212121,0,0.5,0,0.571428571,0.428571429,0.333333333,0.666666667,0.032258065,0,0,0.225806452,0,0.677419355,0.064516129,0,,,,,,,,,,0.119047619,0.023809524,0.552631579,0.5,0.1,0.131578947,0.083333333,0.041666667,0.315789474,,0.5,Yoanki Jose Mensia Hernandez,Casademont Zaragoza,1331,30,FALSE
SPAIN,2024-2025,35056,36,33,22,4,10,2,2,6,4,5,2,0,4,3,1,2,2,14,9,5,10,15,6,3,3,14,8,0,0,0,0,0,0,0,0,0,0,0,0,0,0,0,0,0,0,0,0,0,0,0,0,0,0,0,0,12,5,1,6,0,1,3,3,0,0,1,4,0,2,6,2,7,2,0,0,0,0,0,1,1,2,2,0,0,0,0,0,0,0,0,0,0,0,0,0,0,0,0,0,0,0,0,0,0,0,0,0,0,0,19,14,3,4,2,1,3,1,3,5,1,8,0,7,9,3,7,5,0,3,0,2,1,2,1,6,2,2,3,0,0,0,0,0,0,1,0,0,2,0,1,0,1,0,1,0,0,1,0,1,0,1,1,1,261,87,26,27,14,12,9,18,3,3,2,9,4,5,17,38,30,13,53,4,187,67,14,5,12,3,2,4,8,1,3,2,6,1,8,15,3,17,3,41,1,0,0,0,0,0,0,0,0,0,0,0,0,0,0,0,0,0,0,0,0,0,0,0,0,0,0,0,0,0,0,0,0,0,0,0,0,0,0,0,0,0,0,0,118,44,12,12,7,5,3,9,5,0,0,8,1,17,12,7,24,1,86,0,5,76,29,9,3,4,5,2,1,3,0,1,3,0,13,3,3,12,0,60,3,0,24,15,3,7,2,3,5,3,1,2,0,1,4,4,0,1,2,1,122,35,11,11,2,1,44,22,4,3,5,0,95,30,11,13,2,2,10,14,4,3,64,53,0,0,0.666666667,0.121212121,0.151515152,0.121212121,0.181818182,0.303030303,0.416666667,0.083333333,0,0,,,,,,,,,0.736842105,0.157894737,0.263157895,0.157894737,1.5,0,0,0.5,0.333333333,0.099616858,0.011494253,0.034482759,0.14559387,0.208955224,0.074626866,0.044776119,,,,,,,0.372881356,0.101694915,0,0.381578947,0.118421053,0,0.25,0.333333333,0.571428571,0.428571429,0.4,0.6,0.181818182,0.090909091,0.03030303,0.060606061,0.060606061,0.272727273,0.151515152,0.424242424,0.242424242,0,0.060606061,0,0.4,0.5,0.714285714,0.285714286,0.4375,0.5625,0.157894737,0.157894737,0,0.105263158,0.052631579,0.315789474,0.105263158,0.368421053,0.263157895,0,0.052631579,0,,,,,1,0,0.5,0,0.5,0,0.5,0.5,0.5,0,0.5,0,0,0,0,0.25,0.428571429,0.571428571,0.25,0.75,0.166666667,0,0,0,0,0.166666667,0.166666667,0.583333333,0.166666667,0,0.083333333,0,,,,,,,,,,,,,,,,,,,,,,,,,,,,,,,,,,,,,0.608695652,0.4,0.433962264,0.566037736,0.558823529,0.441176471,0.049808429,0.01532567,0.019157088,0.203065134,0.01532567,0.716475096,0.011494253,0.007662835,0.428571429,0.2,0.411764706,0.588235294,0.347826087,0.652173913,0.044776119,0.014925373,0,0.253731343,0.044776119,0.611940299,0.029850746,0.014925373,,,,,,,,,,,,,,,,,,,,,,,,,,,,,0.7,0.357142857,0.416666667,0.583333333,0.586206897,0.413793103,0.059322034,0,0.042372881,0.203389831,0.008474576,0.728813559,0,0.008474576,0.666666667,0.833333333,0.5,0.5,0.8125,0.1875,0.039473684,0.039473684,0,0.157894737,0,0.789473684,0.013157895,0,0.625,0.125,0.727272727,0.6,0.2,0.151515152,1,0,0.121212121,0.286885246,0.090163934,0.46743295,0.5,0.090909091,0.168582375,0.315789474,0.115789474,0.363984674,0.824873096,1.20754717,Jabari Parker,BC Barcelona,1340,36,FALSE
SPAIN,2024-2025,35369,29,149,118,24,30,17,7,18,12,13,6,2,22,12,10,13,9,84,37,47,50,43,56,20,36,54,28,0,0,0,0,0,0,0,0,0,0,0,0,0,0,0,0,0,0,0,0,0,0,0,0,0,0,0,0,16,20,5,5,2,3,4,1,2,1,1,4,2,8,6,4,10,0,0,1,1,1,1,2,2,2,2,0,0,0,0,0,0,0,0,0,0,0,0,0,0,0,0,0,0,0,0,0,0,0,0,0,0,0,110,81,15,18,11,4,9,9,17,10,4,69,0,34,28,46,33,23,0,9,8,11,6,14,32,27,42,23,17,4,7,4,0,5,2,3,2,1,11,0,8,9,6,11,5,0,2,1,1,2,4,2,8,3,12,0,0,0,0,0,0,0,0,0,0,0,0,0,1,0,0,1,0,0,11,4,0,0,0,0,0,0,0,0,0,0,0,0,0,0,0,0,0,4,0,0,0,0,0,0,0,0,0,0,0,0,0,0,0,0,0,0,0,0,0,0,0,0,0,0,0,0,0,0,0,0,0,0,0,0,0,0,0,0,0,0,0,0,3,0,0,0,0,0,0,0,0,0,0,0,0,0,0,0,0,0,3,0,0,5,0,0,0,0,0,0,0,0,0,0,1,0,0,0,1,0,0,4,0,0,76,55,14,17,9,4,15,6,0,2,2,1,58,57,10,11,11,8,8,0,0,0,0,0,1,0,0,0,0,0,3,0,0,0,0,0,55,54,11,9,0,0,0,0,0.791946309,0.161073826,0.087248322,0.147651007,0.375838926,0.33557047,1.25,0.3125,0.0625,0.125,,,,,,,,,0.736363636,0.136363636,0.090909091,0.154545455,0.739130435,0.173913043,0.086956522,0.130434783,0,0,0,0,0,0,0,0,,,,,,,0,0,0,0,0,0,0.485714286,0.368421053,0.648148148,0.351851852,0.537634409,0.462365591,0.375838926,0.080536913,0.067114094,0.087248322,0.060402685,0.248322148,0.315436242,0.362416107,0.187919463,0,0.040268456,0.013422819,0.55,0.307692308,0.606060606,0.393939394,0.548387097,0.451612903,0.418181818,0.081818182,0.072727273,0.1,0.054545455,0.245454545,0.381818182,0.3,0.209090909,0,0.036363636,0,0.444444444,0,0.818181818,0.181818182,0.470588235,0.529411765,0.260869565,0.086956522,0.043478261,0.043478261,0.086956522,0.347826087,0.130434783,0.47826087,0.217391304,0,0.043478261,0,0.333333333,0.75,0.6,0.4,0.571428571,0.428571429,0.25,0.0625,0.0625,0.0625,0.0625,0.125,0.125,0.625,0,0,0.0625,0.125,,,,,,,,,,,,,,,,,,,,,,,,,,,,,,,,,,,,,,,,,,,0.083333333,0,0,0,0,0.916666667,0,0,,,,,,,0,0,0,0,0,1,0,0,,,,,,,,,,,,,,,,,,,,,,,,,,,,,,,,,,,0,0,0,0,0,1,0,0,,,,,,,0.2,0,0,0,0,0.8,0,0,0.723684211,0.184210526,0.510067114,0.4,0,0.100671141,0.982758621,0.172413793,0.389261745,0,0,0.666666667,0,0,0.083333333,0,0,0.25,1.087695445,,Xavier Rathan-Mayes,Real Madrid,1338,29,FALSE
SPAIN,2024-2025,31183,34,273,177,33,80,17,16,46,34,25,13,7,32,15,17,14,18,145,64,81,76,105,90,30,60,113,55,0,1,0,0,0,0,0,0,0,0,0,0,1,0,0,0,0,0,1,0,0,0,0,0,0,0,1,0,32,24,5,15,2,3,4,11,3,1,1,10,0,9,16,8,20,2,0,0,3,1,2,4,4,6,4,2,0,0,0,0,0,0,0,0,0,0,2,0,0,0,1,0,1,0,0,0,0,0,1,0,1,1,212,137,24,54,14,10,38,16,27,21,12,121,7,61,75,75,78,46,0,14,13,11,16,22,53,50,71,26,16,4,11,1,3,4,7,2,3,0,11,0,6,14,6,15,5,0,1,1,2,0,3,3,6,5,24,8,1,4,0,1,1,3,0,1,1,2,1,1,4,4,4,4,5,0,14,4,0,0,0,0,0,0,0,0,0,1,1,0,1,0,1,0,0,2,0,0,0,0,0,0,0,0,0,0,0,0,0,0,0,0,0,0,0,0,0,0,0,0,0,0,0,0,0,0,0,0,0,0,0,0,0,0,0,0,0,0,0,0,7,3,1,1,0,1,0,1,0,0,0,0,0,1,1,0,2,0,5,0,0,13,5,0,3,0,0,1,2,2,0,0,3,1,2,3,3,3,0,7,1,1,156,104,16,49,20,12,29,17,2,12,4,4,88,56,15,19,8,9,16,8,1,2,2,0,5,0,0,1,0,0,3,0,0,1,0,0,82,113,19,14,3,5,0,0,0.648351648,0.120879121,0.091575092,0.117216117,0.32967033,0.278388278,0.75,0.15625,0.03125,0.09375,0,0,0,0,0,0,0,0,0.646226415,0.113207547,0.099056604,0.127358491,0.615384615,0.153846154,0.115384615,0.076923077,0.333333333,0.041666667,0,0.083333333,0.166666667,0,0,0,,,,,,,0.428571429,0.142857143,0,0.384615385,0,0,0.26984127,0.32,0.557522124,0.442477876,0.419889503,0.580110497,0.32967033,0.054945055,0.062271062,0.051282051,0.065934066,0.234432234,0.296703297,0.413919414,0.201465201,0,0.047619048,0.025641026,0.269230769,0.384615385,0.666666667,0.333333333,0.448529412,0.551470588,0.353773585,0.066037736,0.061320755,0.051886792,0.075471698,0.235849057,0.33490566,0.367924528,0.216981132,0,0.056603774,0.033018868,0.2,0.3,0.333333333,0.666666667,0.3,0.7,0.230769231,0.038461538,0.038461538,0.076923077,0,0.230769231,0.192307692,0.576923077,0.192307692,0,0,0,0.333333333,0.214285714,0.3,0.7,0.36,0.64,0.25,0,0.09375,0.03125,0.0625,0.1875,0.125,0.625,0.0625,0,0.03125,0,,,,,,,0.5,0,0,0,0,0.5,0.5,0,0.5,0,0,0,,,,,,,0,0,0,0,0,1,0,0,1,0,0,0,0,0.25,0.2,0.8,0.5,0.5,0.166666667,0.041666667,0.041666667,0.208333333,0,0.583333333,0.041666667,0.041666667,,,,,1,0,0.25,0,0,0,0,0.5,0.25,0,,,,,,,,,,,,,,,,,,,,,,,,,,,,,,0.5,0,1,0.5,0.5,0,0,0,0.285714286,0,0.714285714,0,0,0,0,0.333333333,0.666666667,0.4,0.6,0.230769231,0.076923077,0.076923077,0.230769231,0,0.538461538,0,0.076923077,0.666666667,0.102564103,0.571428571,0.586206897,0.068965517,0.106227106,0.636363636,0.170454545,0.322344322,0.5,0.0625,0.666666667,0,0,0.208333333,0,0,0.125,0.791034937,0.6,Muhammad-Ali Abdur-Rahkman,Bilbao Basket,1335,34,FALSE
SPAIN,2024-2025,59250,31,3,4,0,1,0,0,1,0,0,1,1,1,1,0,1,0,1,1,0,2,1,1,1,0,1,0,0,0,0,0,0,0,0,0,0,0,0,0,0,0,0,0,0,0,0,0,0,0,0,0,0,0,0,0,1,0,0,1,0,0,1,0,0,0,0,0,1,0,1,0,1,0,0,0,0,0,0,0,0,0,0,0,0,0,0,0,0,0,0,0,0,0,0,0,0,0,0,0,0,0,0,0,0,0,0,0,0,0,2,4,0,0,0,0,0,0,1,0,1,1,0,2,0,1,0,0,0,1,0,1,0,1,0,1,0,0,0,0,0,0,0,0,0,0,0,0,0,0,0,0,0,0,0,0,0,0,0,0,0,0,0,0,325,95,33,26,33,0,25,1,10,10,2,12,7,5,47,52,36,38,59,9,210,38,17,5,4,5,0,4,0,3,1,3,5,0,9,5,4,9,1,23,2,1,0,0,0,0,0,0,0,0,0,0,0,0,0,0,0,0,0,0,0,0,0,5,2,1,0,1,0,0,0,0,0,1,0,0,2,0,0,1,0,3,0,0,158,50,18,13,18,0,13,0,6,7,4,30,2,27,20,22,31,8,94,4,2,124,26,9,9,9,0,8,1,3,2,2,12,0,14,11,12,18,0,90,1,2,0,0,0,0,0,0,3,4,0,1,1,0,0,0,0,0,0,0,193,59,22,14,6,5,47,7,1,8,2,1,85,29,10,4,4,4,0,1,2,2,66,59,0,0,1.333333333,0,0,0.333333333,0.333333333,0.666666667,0,0,0,0,,,,,,,,,2,0,0,0.5,,,,,0.292307692,0.101538462,0.030769231,0.036923077,0.16,0.447368421,0.131578947,0.026315789,,,,0.4,0.2,0,0.316455696,0.113924051,0.044303797,0.209677419,0.072580645,0.016129032,0,,1,0,0.666666667,0.333333333,0.333333333,0.333333333,0,0.333333333,0,0.333333333,0,0.333333333,0,0,0.333333333,0.333333333,,,,,1,0,0.5,0.5,0,0.5,0,0.5,0,0,0,0,0.5,0,,,,,,,,,,,,,,,,,,,0,,1,0,0,1,0,0,0,0,0,0,0,1,0,0,0,1,,,,,,,,,,,,,,,,,,,,,,,,,,,,,,,,,,,,,0.568965517,0,0.983050847,0.016949153,0.590909091,0.409090909,0.116923077,0.021538462,0.015384615,0.181538462,0.027692308,0.646153846,0.030769231,0.006153846,0.555555556,,1,0,0.642857143,0.357142857,0.105263158,0.052631579,0.026315789,0.236842105,0.026315789,0.605263158,0.078947368,0,,,,,,,,,,,,,,,1,,1,0,1,0,0,0,0,0.2,0,0.6,0.2,0,0.580645161,,1,0,0.574468085,0.425531915,0.139240506,0.025316456,0.012658228,0.196202532,0.050632911,0.594936709,0.025316456,0.012658228,0.529411765,0,0.944444444,0.055555556,0.56,0.44,0.096774194,0.008064516,0.016129032,0.14516129,0,0.725806452,0.016129032,0,,,0,1.333333333,0,1,,,0,0.305699482,0.113989637,0.593846154,0.14893617,0.021276596,0.144615385,0.341176471,0.117647059,0.261538462,1.063829787,1.118644068,Goran Huskic,Leyma Coruna,1321,31,FALSE
SPAIN,2024-2025,35439,12,3,2,0,0,0,0,0,0,1,0,0,1,1,0,1,0,3,2,1,1,1,1,1,0,0,2,0,0,0,0,0,0,0,0,0,0,0,0,0,0,0,0,0,0,0,0,0,0,0,0,0,0,0,0,0,0,0,0,0,0,0,0,0,0,0,0,0,0,0,0,0,0,0,0,0,0,0,0,0,0,0,0,0,0,0,0,0,0,0,0,0,0,0,0,0,0,0,0,0,0,0,0,0,0,0,0,0,0,3,2,0,0,0,0,0,0,1,1,0,3,0,1,1,1,0,2,0,1,0,1,0,1,0,2,1,0,0,0,0,0,0,0,0,0,0,0,0,0,0,0,0,0,0,0,0,0,0,0,0,0,0,0,1,0,0,0,0,0,0,0,0,0,0,0,0,0,0,0,0,0,0,0,1,0,0,0,0,0,0,0,0,0,0,0,0,0,0,0,0,0,0,0,0,0,0,0,0,0,0,0,0,0,0,0,0,0,0,0,0,0,0,0,0,0,0,0,0,0,0,0,0,0,0,0,0,0,0,0,0,0,0,0,0,0,0,0,0,0,0,0,0,0,0,0,0,0,0,0,0,0,0,0,0,0,0,0,0,1,0,0,0,0,0,0,0,0,0,0,0,0,0,0,0,0,0,1,0,0,3,2,0,0,1,1,0,0,0,0,0,0,0,0,0,0,0,0,0,0,0,0,0,0,1,0,0,0,0,0,0,0,0,0,0,0,0,0,0,0,0,0,0,0,0.666666667,0,0.333333333,0.333333333,0.333333333,0.333333333,,,,,,,,,,,,,0.666666667,0,0.333333333,0.333333333,,,,,0,0,0,0,0,,,,,,,,,,,,,0,0,0,,,,,0.5,0.5,0.333333333,0.333333333,0,0.333333333,0,0.666666667,0.333333333,0,0.666666667,0,0,0,,,,,0.5,0.5,0.333333333,0.333333333,0,0.333333333,0,0.666666667,0.333333333,0,0.666666667,0,0,0,,,,,,,,,,,,,,,,,,,,,,,,,,,,,,,,,,,,,,,,,,,,,,,,,,,,,,,,,,,,,,,,,,,,,,,,,,,,,,,0,0,0,0,0,1,0,0,,,,,,,,,,,,,,,,,,,,,,,,,,,,,,,,,,,,,,,,,,,,,,,,,,,,,,,,,,,,,,,0,0,0,0,0,1,0,0,0.666666667,0,1,,,0,,,0,,,0,0,0,1,,,0,,,Michael Caicedo Sanchez,ICG Forca Lleida,1323,12,FALSE
SPAIN,2024-2025,59191,24,131,105,13,21,9,4,14,7,11,5,2,31,23,8,21,10,90,54,36,49,32,56,30,26,34,34,0,0,0,0,0,0,0,0,0,0,0,0,0,0,0,0,0,0,0,0,0,0,0,0,0,0,0,0,14,6,0,2,0,0,1,1,2,2,2,10,1,4,4,4,2,6,0,2,0,0,2,0,4,4,6,2,4,0,0,0,0,0,0,2,0,0,2,0,2,0,2,0,0,0,2,0,2,0,2,0,2,0,86,65,7,14,6,1,10,4,20,8,3,60,1,30,22,40,21,20,0,13,7,14,6,22,18,37,23,29,30,6,5,3,3,3,2,7,1,0,18,0,13,6,10,11,8,0,6,1,5,2,6,4,11,7,4,0,0,0,0,0,0,0,0,2,0,0,0,0,2,2,0,0,0,2,2,2,0,0,0,0,0,0,0,0,0,2,2,0,2,0,0,0,2,0,0,0,0,0,0,0,0,0,0,0,0,0,0,0,0,0,0,0,0,0,0,0,0,0,0,0,0,0,0,0,0,0,0,0,0,0,0,0,0,0,0,0,0,0,1,0,0,0,0,0,0,0,0,0,0,0,0,0,0,0,0,0,1,0,0,1,0,0,0,0,0,0,0,0,0,0,0,0,0,0,0,0,0,1,0,0,98,82,11,15,23,8,15,6,0,3,3,1,18,17,2,3,5,2,2,0,0,0,0,0,0,0,0,0,0,0,2,0,0,0,0,0,30,34,6,5,0,0,0,0,0.801526718,0.099236641,0.083969466,0.236641221,0.427480916,0.374045802,0.428571429,0,0.142857143,0.142857143,,,,,2,0,0,1,0.755813953,0.081395349,0.093023256,0.23255814,1.034482759,0.206896552,0.034482759,0.24137931,0,0,0,0,0.5,0,0,0,,,,,,,0,0,0,0,0,0,0.391304348,0.363636364,0.676470588,0.323529412,0.604938272,0.395061728,0.427480916,0.175572519,0.061068702,0.160305344,0.076335878,0.41221374,0.27480916,0.259541985,0.259541985,0,0.038167939,0.015267176,0.375,0.2,0.761904762,0.238095238,0.576923077,0.423076923,0.465116279,0.151162791,0.081395349,0.162790698,0.069767442,0.430232558,0.26744186,0.244186047,0.23255814,0,0.034883721,0.011627907,0.5,0.6,0.545454545,0.454545455,0.684210526,0.315789474,0.344827586,0.206896552,0.034482759,0.172413793,0.068965517,0.379310345,0.24137931,0.379310345,0.275862069,0,0,0,0,0,0.5,0.5,0.5,0.5,0.285714286,0.142857143,0,0,0.142857143,0.285714286,0.428571429,0.142857143,0.428571429,0,0.142857143,0.071428571,,,,,1,0,1,1,0,1,0,1,0,0,0,0,0,0,,,,,,,,,,,,,,,,,,,,,,,1,0,0,0,0,0,0.5,0.5,0.5,0,,,,,1,0,0,0,0,0,1,0,1,0,,,,,,,,,,,,,,,,,,,,,,,,,,,,,,,,,,,0,0,0,0,0,1,0,0,,,,,,,0,0,0,0,0,1,0,0,0.836734694,0.112244898,0.748091603,0.4,0,0.114503817,0.944444444,0.111111111,0.13740458,0,0,0.5,,,0,0,0,0.5,0.955240175,,Guillem Ferrando Porro,Basquet Girona,1315,24,FALSE
SPAIN,2024-2025,59295,17,136,106,24,28,21,3,22,6,11,3,6,21,12,9,8,13,76,41,35,48,39,41,16,25,52,35,0,0,0,0,0,0,0,0,0,0,0,0,0,0,0,0,0,0,0,0,0,0,0,0,0,0,0,0,22,10,2,4,1,1,4,0,1,0,1,15,1,4,4,3,6,12,0,0,1,0,1,1,2,12,3,0,0,0,0,0,0,0,0,0,0,0,0,0,0,0,0,0,0,0,0,0,0,0,0,0,0,0,75,72,19,9,18,1,7,2,14,5,1,44,1,34,14,29,28,15,0,10,4,5,9,11,18,21,23,38,24,3,14,2,1,10,4,6,6,1,17,4,10,20,9,17,8,0,2,4,3,3,4,5,8,9,2,0,0,0,0,0,0,0,0,0,0,0,0,0,0,0,0,0,0,0,2,0,0,0,0,0,0,0,0,0,0,0,0,0,0,0,0,0,0,0,0,0,0,0,0,0,0,0,0,0,0,0,0,0,0,0,0,0,0,0,0,0,0,0,0,0,0,0,0,0,0,0,0,0,0,0,0,0,0,0,0,0,0,0,1,0,0,0,0,0,0,0,0,0,0,0,0,0,0,0,0,0,1,0,0,1,0,0,0,0,0,0,0,0,0,0,0,0,0,0,0,0,0,1,0,0,91,77,18,13,14,6,23,17,4,8,4,3,22,12,2,7,3,2,2,0,0,0,0,0,0,0,0,0,0,0,0,0,0,0,0,0,51,52,6,4,0,0,0,0,0.779411765,0.176470588,0.080882353,0.154411765,0.301470588,0.352941176,0.454545455,0.090909091,0,0.045454545,,,,,,,,,0.96,0.253333333,0.066666667,0.186666667,0.631578947,0.078947368,0.157894737,0.157894737,0,0,0,0,0,,,,,,,,,,0,0,0,0,0,0,0.488372093,0.333333333,0.826923077,0.173076923,0.551724138,0.448275862,0.301470588,0.088235294,0.066176471,0.058823529,0.095588235,0.301470588,0.257352941,0.382352941,0.257352941,0,0.022058824,0.044117647,0.72,0.333333333,0.892857143,0.107142857,0.708333333,0.291666667,0.386666667,0.133333333,0.053333333,0.066666667,0.12,0.28,0.306666667,0.373333333,0.2,0,0.013333333,0.013333333,0.166666667,0.2,0.705882353,0.294117647,0.333333333,0.666666667,0.236842105,0.052631579,0.105263158,0.078947368,0.078947368,0.210526316,0.236842105,0.447368421,0.210526316,0,0.026315789,0.105263158,0.2,1,0.833333333,0.166666667,0.5,0.5,0.136363636,0,0.045454545,0,0.045454545,0.545454545,0.136363636,0.272727273,0.545454545,0,0.045454545,0.045454545,,,,,,,,,,,,,,,,,,,,,,,,,,,,,,,,,,,,,,,,,,,0,0,0,0,0,1,0,0,,,,,,,,,,,,,,,,,,,,,,,,,,,,,,,,,,,,,,,,,,,,,,,,,0,0,0,0,0,1,0,0,,,,,,,0,0,0,0,0,1,0,0,0.846153846,0.197802198,0.669117647,0.739130435,0.173913043,0.169117647,0.545454545,0.090909091,0.161764706,0,0,1,,,0,,,0,1.00658858,,Carlos Alocen,Dreamland Gran Canaria,1328,17,FALSE
SPAIN,2024-2025,59374,33,65,51,9,18,3,6,6,12,6,3,0,9,4,5,4,5,33,17,16,21,24,20,9,11,27,13,0,0,0,0,0,0,0,0,0,0,0,0,0,0,0,0,0,0,0,0,0,0,0,0,0,0,0,0,9,17,2,1,0,2,0,1,4,0,0,6,0,6,1,4,3,2,0,1,3,2,2,2,2,4,2,1,0,0,0,0,0,0,0,0,1,0,0,0,0,1,0,0,0,0,0,0,0,0,0,0,0,0,52,32,7,15,3,4,6,9,5,5,2,27,0,14,20,16,22,11,0,3,2,2,3,7,9,13,14,3,2,0,2,0,0,0,2,0,0,1,0,0,1,2,0,2,0,0,0,0,0,0,0,0,0,0,30,10,4,6,2,2,3,3,0,2,0,0,0,0,1,5,6,1,10,0,18,3,5,2,0,1,1,0,0,0,0,1,0,0,2,0,0,2,0,1,0,0,0,0,0,0,0,0,0,0,0,0,0,0,0,0,0,0,0,0,0,0,0,0,0,0,0,0,0,0,0,0,0,0,0,0,0,0,0,0,0,0,0,0,16,3,1,3,0,1,3,0,0,0,1,0,0,2,3,0,4,0,11,0,0,11,2,1,3,1,0,0,3,0,0,0,1,0,1,3,1,4,0,6,0,0,24,28,4,4,6,3,11,6,2,4,1,1,30,17,3,10,2,2,23,8,3,6,0,0,4,0,0,0,0,0,3,2,1,0,0,0,24,27,4,4,10,10,0,0,0.784615385,0.138461538,0.092307692,0.138461538,0.307692308,0.323076923,1.888888889,0.222222222,0,0.444444444,,,,,0,0,1,0,0.615384615,0.134615385,0.096153846,0.096153846,0.666666667,0,0,0,0.333333333,0.133333333,0,0,0.166666667,1.666666667,0.666666667,0,,,,,,,0.1875,0.0625,0,0.181818182,0.090909091,0,0.333333333,0.333333333,0.333333333,0.666666667,0.466666667,0.533333333,0.307692308,0.061538462,0.076923077,0.061538462,0.076923077,0.261538462,0.246153846,0.415384615,0.2,0,0.046153846,0,0.333333333,0.307692308,0.409090909,0.590909091,0.411764706,0.588235294,0.307692308,0.057692308,0.038461538,0.038461538,0.057692308,0.25,0.269230769,0.423076923,0.211538462,0,0.038461538,0,,0,0,1,0.333333333,0.666666667,0,0,0,0,0,0,0,0.666666667,0,0,0.333333333,0,,0.666666667,0,1,0.857142857,0.142857143,0.444444444,0.111111111,0.333333333,0.222222222,0.222222222,0.444444444,0.222222222,0.333333333,0.222222222,0,0,0,,,,,0,1,0,0,0,0,0,0,0,0,0,0,0,0,,,,,,,,,,,,,,,,,,,0.4,0.4,0.5,0.5,0.454545455,0.545454545,0.033333333,0,0,0.333333333,0,0.6,0.066666667,0,1,1,0.5,0.5,1,0,0,0,0,0.666666667,0,0.333333333,0.333333333,0,,,,,,,,,,,,,,,,,,,,,,,,,,,,,0,1,0.75,0.25,0.4,0.6,0,0,0,0.25,0,0.6875,0.0625,0,1,0,0.25,0.75,0.25,0.75,0.090909091,0,0,0.363636364,0,0.545454545,0,0,1.166666667,0.166666667,0.369230769,0.545454545,0.181818182,0.169230769,0.566666667,0.1,0.461538462,0.347826087,0.130434783,0.766666667,0,0,0.133333333,0.666666667,0.333333333,0.1,0.973574409,1,Kyle Kuric,BC MoraBanc Andorra,1332,33,FALSE
SPAIN,2024-2025,12504,23,0,0,0,0,0,0,0,0,0,0,0,0,0,0,0,0,0,0,0,0,0,0,0,0,0,0,0,0,0,0,0,0,0,0,0,0,0,0,0,0,0,0,0,0,0,0,0,0,0,0,0,0,0,0,0,0,0,0,0,0,0,0,0,0,0,0,0,0,0,0,0,0,0,0,0,0,0,0,0,0,0,0,0,0,0,0,0,0,0,0,0,0,0,0,0,0,0,0,0,0,0,0,0,0,0,0,0,0,0,0,0,0,0,0,0,0,0,0,0,0,0,0,0,0,0,0,0,0,0,0,0,0,0,0,0,0,0,0,0,0,0,0,0,0,0,0,0,0,0,0,0,0,0,0,0,0,0,0,0,0,0,0,163,26,9,4,9,0,4,0,4,7,2,4,4,0,14,17,8,11,13,3,132,22,6,2,0,2,0,0,0,1,0,2,1,0,3,0,1,2,0,19,1,0,1,0,0,0,0,0,0,0,0,0,0,0,0,0,0,0,0,0,1,0,0,0,0,0,0,0,0,0,0,0,0,0,0,0,0,0,0,0,0,0,0,0,70,12,3,2,3,0,2,0,3,4,4,10,0,9,6,7,5,3,52,3,0,69,8,4,2,4,0,2,0,0,0,1,3,2,5,2,3,6,0,59,0,0,0,0,0,0,0,0,0,0,0,0,0,0,0,0,0,0,0,0,111,18,7,4,2,3,22,0,0,0,0,0,30,8,2,0,2,1,0,0,0,0,18,13,0,0,,,,,,,,,,,,,,,,,,,,,,,,,,,0.159509202,0.055214724,0.024539877,0.024539877,0.104294479,0.272727273,0.090909091,0,0,0,0,,,,0.171428571,0.042857143,0.057142857,0.115942029,0.057971014,0,,,,,,,,,,,,,,,,,,,,,,,,,,,,,,,,,,,,,,,,,,,,,,,,,,,,,,,,,,,,,,,,,,,,,,,,,,,,,,,,,,,,,,,,,,,,,,,,,,,,,,,,,,,,,0.692307692,,1,0,0.68,0.32,0.067484663,0.024539877,0,0.079754601,0.018404908,0.809815951,0.042944785,0.012269939,1,,1,0,1,0,0.045454545,0.045454545,0,0.090909091,0,0.863636364,0.090909091,0,,,,,,,0,0,0,0,0,1,0,0,,,,,,,,,,,,,,,0.6,,1,0,0.6,0.4,0.1,0.042857143,0,0.071428571,0.042857143,0.742857143,0.057142857,0,0.666666667,,1,0,0.714285714,0.285714286,0.043478261,0,0,0.086956522,0,0.855072464,0.014492754,0.028985507,,,,,,,,,,0.162162162,0.063063063,0.680981595,0,0,0.134969325,0.266666667,0.066666667,0.18404908,,1.384615385,Francisco Caffaro,Basquet Girona,1315,23,FALSE
SPAIN,2024-2025,59119,22,0,0,0,0,0,0,0,0,0,0,0,0,0,0,0,0,0,0,0,0,0,0,0,0,0,0,0,0,0,0,0,0,0,0,0,0,0,0,0,0,0,0,0,0,0,0,0,0,0,0,0,0,0,0,0,0,0,0,0,0,0,0,0,0,0,0,0,0,0,0,0,0,0,0,0,0,0,0,0,0,0,0,0,0,0,0,0,0,0,0,0,0,0,0,0,0,0,0,0,0,0,0,0,0,0,0,0,0,0,0,0,0,0,0,0,0,0,0,0,0,0,0,0,0,0,0,0,0,0,0,0,0,0,0,0,0,0,0,0,0,0,0,0,0,0,0,0,0,0,0,0,0,0,0,0,0,0,0,0,0,0,0,437,153,45,21,45,0,21,0,5,28,5,24,9,15,70,92,26,68,66,2,275,60,19,4,2,4,0,2,0,4,0,4,9,0,11,2,9,6,0,42,1,3,0,0,0,0,0,0,0,0,0,0,0,0,0,0,0,0,0,0,0,0,0,4,0,0,0,0,0,0,0,0,0,1,1,0,1,0,1,0,0,2,0,0,188,92,27,11,27,0,11,0,15,4,13,38,2,53,15,36,38,2,99,7,8,183,42,14,8,14,0,8,0,5,1,10,21,3,27,9,21,22,0,131,1,4,0,0,0,0,0,0,0,0,0,0,0,0,0,0,0,0,0,0,313,122,39,13,17,1,55,23,3,3,6,3,69,8,3,5,1,1,0,0,0,0,90,66,0,0,,,,,,,,,,,,,,,,,,,,,,,,,,,0.350114416,0.102974828,0.011441648,0.054919908,0.210526316,0.316666667,0.066666667,0,,,,0,0,0,0.489361702,0.143617021,0.021276596,0.229508197,0.076502732,0.005464481,,,,,,,,,,,,,,,,,,,,,,,,,,,,,,,,,,,,,,,,,,,,,,,,,,,,,,,,,,,,,,,,,,,,,,,,,,,,,,,,,,,,,,,,,,,,,,,,,,,,,,,,,,,,,0.681818182,,1,0,0.779661017,0.220338983,0.155606407,0.020594966,0.034324943,0.151029748,0.004576659,0.629290618,0.064073227,0.011441648,0.666666667,,1,0,0.846153846,0.153846154,0.15,0.016666667,0.05,0.1,0,0.7,0.066666667,0,,,,,,,,,,,,,,,,,,,1,0,0.25,0,0,0,0,0.5,0.25,0,0.710526316,,1,0,0.779411765,0.220588235,0.191489362,0.037234043,0.042553191,0.20212766,0.010638298,0.526595745,0.069148936,0.010638298,0.636363636,,1,0,0.75,0.25,0.114754098,0.005464481,0.021857923,0.120218579,0,0.715846995,0.054644809,0.016393443,,,,,,,,,,0.389776358,0.124600639,0.71624714,0.418181818,0.054545455,0.125858124,0.115942029,0.043478261,0.157894737,,1.363636364,Francisco Guerra,Lenovo Tenerife,1333,22,FALSE
SPAIN,2024-2025,59286,8,193,173,21,39,13,8,19,20,15,7,4,47,29,18,24,23,119,61,58,75,54,84,36,48,60,35,0,0,0,0,0,0,0,0,0,0,0,0,0,0,0,0,0,0,0,0,0,0,0,0,0,0,0,0,29,15,3,8,3,0,2,6,4,3,0,17,0,7,11,10,11,7,0,3,1,3,1,4,6,10,7,0,0,0,0,0,0,0,0,0,0,0,0,0,0,0,0,0,0,0,0,0,0,0,0,0,0,0,133,124,10,23,5,5,12,11,37,9,7,89,4,54,32,63,33,26,0,23,14,20,17,31,32,49,40,31,34,8,8,5,3,5,3,6,3,0,13,0,14,11,11,16,2,0,3,3,1,5,1,10,2,11,0,0,0,0,0,0,0,0,0,0,0,0,0,0,0,0,0,0,0,0,0,0,0,0,0,0,0,0,0,0,0,0,0,0,0,0,0,0,0,0,0,0,0,0,0,0,0,0,0,0,0,0,0,0,0,0,0,0,0,0,0,0,0,0,0,0,0,0,0,0,0,0,0,0,0,0,0,0,0,0,0,0,0,0,0,0,0,0,0,0,0,0,0,0,0,0,0,0,0,0,0,0,0,0,0,0,0,0,0,0,0,0,0,0,0,0,0,0,0,0,0,0,0,0,0,0,128,120,14,25,34,13,29,26,2,6,6,1,36,27,5,8,7,1,0,0,0,0,0,0,0,0,0,0,0,0,0,0,0,0,0,0,50,60,13,11,0,0,0,0,0.896373057,0.10880829,0.077720207,0.243523316,0.435233161,0.388601036,0.517241379,0.103448276,0.103448276,0.137931034,,,,,,,,,0.932330827,0.07518797,0.067669173,0.278195489,1.096774194,0.258064516,0.096774194,0.193548387,,,,,,,,,,,,,,,,,,,,,0.40625,0.285714286,0.533333333,0.466666667,0.581395349,0.418604651,0.435233161,0.150259067,0.093264249,0.124352332,0.119170984,0.316062176,0.300518135,0.310880829,0.18134715,0,0.03626943,0.020725389,0.294117647,0.3125,0.515151515,0.484848485,0.627906977,0.372093023,0.473684211,0.172932331,0.105263158,0.15037594,0.127819549,0.368421053,0.30075188,0.248120301,0.195488722,0,0.052631579,0.030075188,0.5,0.5,0.625,0.375,0.56,0.44,0.35483871,0.096774194,0.096774194,0.032258065,0.161290323,0.064516129,0.35483871,0.516129032,0.064516129,0,0,0,0.6,0,0.454545455,0.545454545,0.388888889,0.611111111,0.344827586,0.103448276,0.034482759,0.103448276,0.034482759,0.344827586,0.24137931,0.379310345,0.24137931,0,0,0,,,,,,,,,,,,,,,,,,,,,,,,,,,,,,,,,,,,,,,,,,,,,,,,,,,,,,,,,,,,,,,,,,,,,,,,,,,,,,,,,,,,,,,,,,,,,,,,,,,,,,,,,,,,,,,,,,,,,,,,,0.9375,0.109375,0.663212435,0.896551724,0.068965517,0.150259067,0.75,0.138888889,0.186528497,,,,,,,,,,0.928180158,,Thomas David Heurtel,Leyma Coruna,1321,8,FALSE
SPAIN,2024-2025,35164,5,7,5,2,4,2,0,2,2,0,2,0,0,0,0,0,0,0,0,0,4,4,0,0,0,6,0,0,0,0,0,0,0,0,0,0,0,0,0,0,0,0,0,0,0,0,0,0,0,0,0,0,0,0,0,3,4,2,1,2,0,0,1,0,0,0,0,0,2,1,0,3,0,0,0,0,0,0,0,0,0,0,0,0,0,0,0,0,0,0,0,0,0,0,0,0,0,0,0,0,0,0,0,0,0,0,0,0,0,4,1,0,3,0,0,2,1,0,0,2,0,0,2,3,0,3,0,0,0,0,0,0,0,0,0,0,0,0,0,0,0,0,0,0,0,0,0,0,0,0,0,0,0,0,0,0,0,0,0,0,0,0,0,12,0,0,2,0,0,0,2,0,0,0,0,0,0,1,0,2,1,2,0,9,3,0,0,0,0,0,0,0,0,0,0,0,0,0,0,0,0,0,3,0,0,0,0,0,0,0,0,0,0,0,0,0,0,0,0,0,0,0,0,0,0,0,0,0,0,0,0,0,0,0,0,0,0,0,0,0,0,0,0,0,0,0,0,7,0,0,1,0,0,0,1,0,0,0,1,0,0,1,1,1,0,5,0,0,2,0,0,1,0,0,0,1,0,0,0,0,0,0,1,0,1,0,1,0,0,5,5,2,2,0,0,0,0,0,0,0,0,2,0,0,2,0,0,10,0,0,2,0,0,0,0,0,0,0,0,2,0,0,0,0,0,4,5,2,1,0,2,0,0,0.714285714,0.285714286,0,0,0,0.571428571,1.333333333,0.666666667,0,0,,,,,,,,,0.25,0,0,0,,,,,0,0,0,0,0,0,0,0,,,,,,,0,0,0,0,0,0,0.5,0,0.666666667,0.333333333,0.5,0.5,0,0,0,0,0,0,0,0.857142857,0,0,0.285714286,0,0,0,0.666666667,0.333333333,0.4,0.6,0,0,0,0,0,0,0,0.75,0,0,0.5,0,,,,,,,,,,,,,,,,,,,1,0,0.666666667,0.333333333,0.666666667,0.333333333,0,0,0,0,0,0,0,1,0,0,0,0,,,,,,,,,,,,,,,,,,,,,,,,,,,,,,,,,,,,,,0,0,1,0,1,0.083333333,0,0,0.166666667,0,0.75,0,0,,,,,,,0,0,0,0,0,1,0,0,,,,,,,,,,,,,,,,,,,,,,,,,,,,,,0,0,1,0,1,0.142857143,0,0,0.142857143,0,0.714285714,0,0,,0,0,1,0,1,0,0,0,0.5,0,0.5,0,0,1,0.4,0.714285714,,,0,0,0,0.285714286,0,0,0.833333333,,,0,0,0,0.166666667,0.850340136,0,William Howard,Basquet Girona,1315,5,FALSE
SPAIN,2024-2025,32336,31,319,284,57,82,29,28,38,44,23,21,9,43,17,26,12,31,157,61,96,118,105,102,28,74,139,55,0,2,0,0,0,0,0,0,0,0,1,0,2,0,0,1,1,0,1,0,0,0,0,0,1,0,1,1,36,25,8,12,4,4,5,7,1,2,2,15,2,10,14,8,20,7,0,0,1,0,1,4,4,8,7,3,0,0,0,0,0,0,0,0,1,0,3,0,0,1,0,0,3,0,0,0,0,0,0,0,3,0,252,242,46,62,24,22,29,33,40,18,16,125,7,100,80,84,108,41,0,16,24,11,29,22,62,46,79,26,17,3,8,1,2,4,4,2,1,3,12,0,8,9,9,11,3,0,1,1,1,1,1,8,3,9,26,0,0,3,0,0,1,2,0,1,0,0,0,0,1,1,3,1,3,0,21,6,0,0,0,0,0,0,0,0,0,0,0,0,0,0,0,0,0,6,0,0,0,0,0,0,0,0,0,0,0,0,0,0,0,0,0,0,0,0,0,0,0,0,0,0,0,0,0,0,0,0,0,0,0,0,0,0,0,0,0,0,0,0,17,0,0,3,0,0,1,2,0,0,1,0,0,1,3,0,3,0,13,0,0,3,0,0,0,0,0,0,0,0,0,0,1,0,0,0,1,0,0,2,0,0,204,166,30,56,27,15,41,34,9,9,5,3,74,84,18,17,11,5,23,0,0,3,0,0,1,0,0,0,0,0,2,0,0,0,0,0,142,139,37,30,0,3,0,0,0.890282132,0.178683386,0.072100313,0.134796238,0.319749216,0.369905956,0.694444444,0.222222222,0.055555556,0.027777778,0,0,0.5,0,0,0,0.333333333,0,0.96031746,0.182539683,0.071428571,0.158730159,0.653846154,0.115384615,0.038461538,0.076923077,0,0,0,0,0.038461538,0,0,0,,,,,,,0,0,0,0,0,0,0.432835821,0.388888889,0.482014388,0.517985612,0.529147982,0.470852018,0.319749216,0.053291536,0.081504702,0.037617555,0.097178683,0.191222571,0.300940439,0.435736677,0.172413793,0,0.065830721,0.028213166,0.452830189,0.4,0.490740741,0.509259259,0.555555556,0.444444444,0.333333333,0.063492063,0.095238095,0.043650794,0.115079365,0.182539683,0.313492063,0.428571429,0.162698413,0,0.063492063,0.027777778,0.2,0.333333333,0.454545455,0.545454545,0.470588235,0.529411765,0.346153846,0.038461538,0.038461538,0.038461538,0.038461538,0.115384615,0.346153846,0.423076923,0.115384615,0,0.115384615,0,0.444444444,0.363636364,0.45,0.55,0.416666667,0.583333333,0.222222222,0,0.027777778,0,0.027777778,0.222222222,0.194444444,0.555555556,0.194444444,0,0.055555556,0.055555556,,,,,0,1,0,0,0,0,0,1,0,0,1,0,0,0,,,,,0,1,0.5,0,0,0,0,0.5,0.5,0,0.5,0,0,0,0,0,0.333333333,0.666666667,0.25,0.75,0.038461538,0,0,0.115384615,0,0.807692308,0.038461538,0,,,,,,,0,0,0,0,0,1,0,0,,,,,,,,,,,,,,,,,,,,,,,,,,,,,0,0,0.333333333,0.666666667,0.25,0.75,0,0,0,0.176470588,0,0.764705882,0.058823529,0,,,,,,,0.333333333,0,0,0,0,0.666666667,0,0,0.81372549,0.147058824,0.639498433,0.829268293,0.219512195,0.128526646,1.135135135,0.243243243,0.231974922,0,0,0.884615385,0,0,0.038461538,0,0,0.076923077,1.107676455,0,Kassius Robertson,Club Joventut Badalona,1336,31,FALSE
SPAIN,2024-2025,4661,17,0,0,0,0,0,0,0,0,0,0,0,0,0,0,0,0,0,0,0,0,0,0,0,0,0,0,0,0,0,0,0,0,0,0,0,0,0,0,0,0,0,0,0,0,0,0,0,0,0,0,0,0,0,0,0,0,0,0,0,0,0,0,0,0,0,0,0,0,0,0,0,0,0,0,0,0,0,0,0,0,0,0,0,0,0,0,0,0,0,0,0,0,0,0,0,0,0,0,0,0,0,0,0,0,0,0,0,0,0,0,0,0,0,0,0,0,0,0,0,0,0,0,0,0,0,0,0,0,0,0,0,0,0,0,0,0,0,0,0,0,0,0,0,0,0,0,0,0,0,0,0,0,0,0,0,0,0,0,0,0,0,0,51,4,2,2,2,0,2,0,2,5,0,0,0,0,0,6,4,0,4,0,41,4,0,0,0,0,0,0,0,0,0,0,0,0,0,0,0,0,0,4,0,0,1,0,0,0,0,0,0,0,0,1,0,0,0,0,1,0,0,0,0,0,0,0,0,0,0,0,0,0,0,0,0,0,0,0,0,0,0,0,0,0,0,0,27,4,2,0,2,0,0,0,0,1,5,0,0,6,1,0,2,0,20,0,0,19,0,0,2,0,0,2,0,0,0,0,0,0,0,2,0,2,0,17,0,0,0,0,0,0,0,0,0,0,0,0,0,0,0,0,0,0,0,0,35,2,1,2,0,1,6,2,1,0,0,1,10,0,0,0,0,0,0,0,0,0,4,4,0,0,,,,,,,,,,,,,,,,,,,,,,,,,,,0.078431373,0.039215686,0.039215686,0,0.117647059,0,0,0,0,0,1,,,,0.148148148,0.074074074,0.037037037,0,0,0,,,,,,,,,,,,,,,,,,,,,,,,,,,,,,,,,,,,,,,,,,,,,,,,,,,,,,,,,,,,,,,,,,,,,,,,,,,,,,,,,,,,,,,,,,,,,,,,,,,,,,,,,,,,,0.5,,1,0,0.6,0.4,0,0,0,0.078431373,0,0.803921569,0.098039216,0,,,,,,,0,0,0,0,0,1,0,0,,,,,0,1,0,0,0,0,0,0,0,0,,,,,,,,,,,,,,,1,,1,0,0.857142857,0.142857143,0,0,0,0.074074074,0,0.740740741,0.185185185,0,0,,1,0,0,1,0,0,0,0.105263158,0,0.894736842,0,0,,,,,,,,,,0.057142857,0.028571429,0.68627451,0.333333333,0.166666667,0.117647059,0,0,0.196078431,,1,Massamba Diop,Dreamland Gran Canaria,1328,17,FALSE
SPAIN,2024-2025,30735,31,283,246,46,63,30,16,38,25,29,20,4,45,20,25,16,29,148,75,73,104,92,88,30,58,109,60,0,0,0,0,0,0,0,0,0,0,0,0,0,0,0,0,0,0,0,0,0,0,0,0,0,0,0,0,55,64,15,11,10,5,8,3,10,3,5,25,1,28,14,16,26,9,0,4,6,3,7,5,11,13,12,6,5,1,0,0,1,0,0,0,0,1,4,0,2,0,1,1,3,0,0,0,0,0,0,1,3,1,204,161,28,45,19,9,27,18,31,25,14,110,3,68,70,65,73,45,0,15,16,12,19,24,41,55,55,18,16,2,7,1,1,3,4,4,1,0,9,0,6,8,6,9,3,0,1,3,1,3,1,5,4,5,19,10,2,4,1,1,3,1,1,0,1,2,1,1,5,4,5,4,6,1,8,5,0,0,1,0,0,1,0,0,1,0,2,1,0,2,1,1,1,2,0,0,0,0,0,0,0,0,0,0,0,0,0,0,0,0,0,0,0,0,0,0,0,0,0,0,0,0,0,0,0,0,0,0,0,0,0,0,0,0,0,0,0,0,6,6,1,1,0,1,0,1,1,0,0,2,0,2,1,2,2,0,2,0,1,7,4,1,2,1,0,2,0,1,0,0,1,0,2,2,1,3,0,3,1,0,159,130,25,39,24,18,40,42,8,11,7,2,84,74,13,13,14,9,13,8,2,3,1,1,5,2,0,1,1,0,1,0,0,0,0,0,108,109,27,23,5,6,0,0,0.869257951,0.16254417,0.102473498,0.159010601,0.310954064,0.367491166,1.163636364,0.272727273,0.054545455,0.181818182,,,,,0.833333333,0.166666667,0,0,0.789215686,0.137254902,0.12254902,0.151960784,0.888888889,0.111111111,0.055555556,0.222222222,0.526315789,0.105263158,0.052631579,0.105263158,0.210526316,0,0,0.2,,,,,,,1,0.166666667,0,0.571428571,0.142857143,0,0.441176471,0.390243902,0.623853211,0.376146789,0.530612245,0.469387755,0.310954064,0.070671378,0.088339223,0.056537102,0.102473498,0.265017668,0.25795053,0.385159011,0.212014134,0,0.070671378,0.014134276,0.413043478,0.333333333,0.630136986,0.369863014,0.492753623,0.507246377,0.318627451,0.073529412,0.078431373,0.058823529,0.093137255,0.269607843,0.269607843,0.357843137,0.220588235,0,0.068627451,0.014705882,0.25,0.2,0.444444444,0.555555556,0.428571429,0.571428571,0.333333333,0.055555556,0.166666667,0.055555556,0.166666667,0.222222222,0.277777778,0.5,0.166666667,0,0,0,0.555555556,0.625,0.692307692,0.307692308,0.666666667,0.333333333,0.290909091,0.072727273,0.109090909,0.054545455,0.127272727,0.236363636,0.218181818,0.472727273,0.163636364,0,0.090909091,0.018181818,,1,0,1,1,0,0.166666667,0,0,0,0,0.5,0.166666667,0.166666667,0.5,0,0.166666667,0,,,,,,,,,,,,,,,,,,,0.25,0.5,0.666666667,0.333333333,0.444444444,0.555555556,0.210526316,0.052631579,0.052631579,0.315789474,0.052631579,0.421052632,0,0.052631579,0,,1,0,0,1,0.2,0,0,0.2,0.2,0.4,0,0.2,,,,,,,,,,,,,,,,,,,,,,,,,,,,,,0.5,0,1,0.666666667,0.333333333,0.333333333,0,0.166666667,0.333333333,0,0.333333333,0,0,0.333333333,,1,0,0.5,0.5,0.142857143,0.142857143,0,0.428571429,0,0.428571429,0,0,0.817610063,0.157232704,0.561837456,1.05,0.2,0.141342756,0.880952381,0.154761905,0.296819788,0.615384615,0.153846154,0.684210526,0.4,0,0.263157895,0,0,0.052631579,1.083719391,0.833333333,Cameron Hunt,BAXI Manresa,1330,31,FALSE
SPAIN,2024-2025,59264,8,24,13,1,1,1,0,1,0,2,0,0,4,1,3,1,3,20,9,11,5,3,15,6,9,2,5,0,0,0,0,0,0,0,0,0,0,0,0,0,0,0,0,0,0,0,0,0,0,0,0,0,0,0,0,5,9,0,0,0,0,0,0,3,0,0,5,0,3,0,4,0,1,0,0,3,1,2,1,3,2,3,0,0,0,0,0,0,0,0,0,0,0,0,0,0,0,0,0,0,0,0,0,0,0,0,0,0,0,13,4,1,1,1,0,1,0,1,1,0,10,0,2,2,7,2,3,0,1,0,0,1,3,4,5,5,6,0,0,0,0,0,0,0,0,1,0,5,0,0,1,4,0,1,0,0,0,0,0,2,2,2,3,0,0,0,0,0,0,0,0,0,0,0,0,0,0,0,0,0,0,0,0,0,0,0,0,0,0,0,0,0,0,0,0,0,0,0,0,0,0,0,0,0,0,0,0,0,0,0,0,0,0,0,0,0,0,0,0,0,0,0,0,0,0,0,0,0,0,0,0,0,0,0,0,0,0,0,0,0,0,0,0,0,0,0,0,0,0,0,0,0,0,0,0,0,0,0,0,0,0,0,0,0,0,0,0,0,0,0,0,0,0,0,0,0,0,0,0,0,0,0,0,0,0,0,0,0,0,15,13,1,1,4,1,5,0,0,0,0,1,4,0,0,0,0,0,0,0,0,0,0,0,0,0,0,0,0,0,0,0,0,0,0,0,2,2,0,0,0,0,0,0,0.541666667,0.041666667,0.083333333,0.166666667,0.625,0.208333333,1.8,0,0,0.6,,,,,,,,,0.307692308,0.076923077,0.076923077,0.076923077,0,0,0.166666667,0,,,,,,,,,,,,,,,,,,,,,0.5,,1,0,0.625,0.375,0.625,0.041666667,0.125,0.041666667,0.125,0.375,0.458333333,0.083333333,0.208333333,0,0,0,0.5,,1,0,0.5,0.5,0.538461538,0.076923077,0,0,0.076923077,0.384615385,0.384615385,0.153846154,0.230769231,0,0,0,,,,,0,1,0.666666667,0,0,0,0,0.333333333,0.5,0,0.166666667,0,0,0,,,,,1,0,0.8,0,0.6,0.2,0.4,0.4,0.6,0,0.2,0,0,0,,,,,,,,,,,,,,,,,,,,,,,,,,,,,,,,,,,,,,,,,,,,,,,,,,,,,,,,,,,,,,,,,,,,,,,,,,,,,,,,,,,,,,,,,,,,,,,,,,,,,,,,,,,,,,,,,,,,,,,,,0.866666667,0.066666667,0.625,0,0,0.208333333,0,0,0.166666667,,,,,,,,,,1,,Enzo Goudou-Sinha,BC MoraBanc Andorra,1332,8,FALSE
SPAIN,2024-2025,15445,25,64,54,11,22,6,5,9,13,3,5,1,7,1,6,0,7,25,8,17,22,25,21,5,16,33,4,0,0,0,0,0,0,0,0,0,0,0,0,0,0,0,0,0,0,0,0,0,0,0,0,0,0,0,0,8,11,4,2,1,3,1,1,0,0,0,2,0,4,2,2,6,0,0,0,0,0,0,1,1,1,1,1,3,1,0,1,0,0,0,0,0,1,0,0,1,0,0,1,0,0,0,0,0,0,0,0,0,0,49,37,5,17,4,1,8,9,7,2,4,21,1,16,19,18,22,3,0,1,6,0,7,3,15,6,15,6,3,1,3,0,1,0,3,0,1,0,2,0,1,4,1,4,1,0,0,0,0,0,1,0,1,1,11,3,1,2,0,1,1,1,0,0,0,0,0,0,0,1,2,0,3,0,8,6,3,1,2,0,1,1,1,0,0,0,0,0,1,2,0,3,0,3,0,0,0,0,0,0,0,0,0,0,0,0,0,0,0,0,0,0,0,0,0,0,0,0,0,0,0,0,0,0,0,0,0,0,0,0,0,0,0,0,0,0,0,0,3,0,0,0,0,0,0,0,0,0,0,0,0,0,0,0,0,0,3,0,0,2,0,0,0,0,0,0,0,0,0,0,0,0,0,0,0,0,0,2,0,0,37,27,6,14,4,1,8,3,1,3,0,0,19,24,4,5,3,2,10,3,1,2,0,0,0,0,0,0,0,0,1,0,0,0,0,0,27,33,8,7,3,3,0,0,0.84375,0.171875,0.046875,0.109375,0.328125,0.34375,1.375,0.5,0,0,,,,,3,1,0,0,0.755102041,0.102040816,0.040816327,0.142857143,0.5,0.166666667,0.166666667,0,0.272727273,0.090909091,0,0,0.090909091,0.5,0.166666667,0,,,,,,,0,0,0,0,0,0,0.4,0.277777778,0.454545455,0.545454545,0.468085106,0.531914894,0.328125,0.015625,0.09375,0,0.109375,0.125,0.265625,0.515625,0.0625,0,0.078125,0.015625,0.333333333,0.1,0.545454545,0.454545455,0.457142857,0.542857143,0.367346939,0.020408163,0.12244898,0,0.142857143,0.12244898,0.306122449,0.448979592,0.06122449,0,0.081632653,0.020408163,,0.25,0,1,0.2,0.8,0.166666667,0,0,0,0,0.166666667,0.166666667,0.666666667,0.166666667,0,0,0,0.5,0.75,0.333333333,0.666666667,0.666666667,0.333333333,0.25,0,0,0,0,0.125,0.125,0.75,0,0,0,0,1,,1,0,1,0,0,0,0,0,0,0,0,1,0,0,1,0,,,,,,,,,,,,,,,,,,,0,0.5,0.333333333,0.666666667,0.333333333,0.666666667,0,0,0,0.272727273,0,0.727272727,0,0,0,0.5,0.333333333,0.666666667,0.333333333,0.666666667,0,0,0,0.5,0,0.5,0,0,,,,,,,,,,,,,,,,,,,,,,,,,,,,,,,,,,,0,0,0,0,0,1,0,0,,,,,,,0,0,0,0,0,1,0,0,0.72972973,0.162162162,0.578125,0.375,0.125,0.125,1.263157895,0.210526316,0.296875,0.3,0.1,0.909090909,,,0,0,0,0.090909091,0.930996714,1,Nike Sibande,Basquet Girona,1315,25,FALSE
SPAIN,2024-2025,59219,34,0,0,0,0,0,0,0,0,0,0,0,0,0,0,0,0,0,0,0,0,0,0,0,0,0,0,0,0,0,0,0,0,0,0,0,0,0,0,0,0,0,0,0,0,0,0,0,0,0,0,0,0,0,0,0,0,0,0,0,0,0,0,0,0,0,0,0,0,0,0,0,0,0,0,0,0,0,0,0,0,0,0,0,0,0,0,0,0,0,0,0,0,0,0,0,0,0,0,0,0,0,0,0,0,0,0,0,0,0,0,0,0,0,0,0,0,0,0,0,0,0,0,0,0,0,0,0,0,0,0,0,0,0,0,0,0,0,0,0,0,0,0,0,0,0,0,0,0,0,0,0,0,0,0,0,0,0,0,0,0,0,0,81,14,7,6,7,0,5,1,0,8,2,0,0,0,1,14,6,1,13,0,60,15,2,1,0,1,0,0,0,0,0,3,0,0,4,0,0,1,0,11,0,0,0,0,0,0,0,0,0,0,0,0,0,0,0,0,0,0,0,0,0,0,0,1,0,0,0,0,0,0,0,0,0,0,0,0,0,0,0,0,0,1,0,0,32,10,5,1,5,0,1,0,0,0,2,1,1,6,1,1,6,0,24,0,0,33,2,1,5,1,0,4,1,0,0,3,0,1,4,5,0,6,0,24,0,0,0,0,0,0,0,0,0,0,0,0,0,0,0,0,0,0,0,0,42,4,2,4,0,0,11,4,2,0,0,0,28,6,3,2,0,0,0,0,0,0,14,13,0,0,,,,,,,,,,,,,,,,,,,,,,,,,,,0.172839506,0.086419753,0,0,0.172839506,0.133333333,0.066666667,0,,,,0,0,0,0.3125,0.15625,0,0.060606061,0.03030303,0,,,,,,,,,,,,,,,,,,,,,,,,,,,,,,,,,,,,,,,,,,,,,,,,,,,,,,,,,,,,,,,,,,,,,,,,,,,,,,,,,,,,,,,,,,,,,,,,,,,,,,,,,,,,,0.583333333,0,0.923076923,0.076923077,0.7,0.3,0.012345679,0,0,0.160493827,0,0.740740741,0.098765432,0.024691358,1,,1,0,1,0,0,0,0,0.066666667,0,0.733333333,0.2,0,,,,,,,,,,,,,,,,,,,,,0,0,0,0,0,1,0,0,0.833333333,,1,0,0.857142857,0.142857143,0.03125,0,0,0.1875,0,0.75,0.0625,0.03125,0.2,0,0.833333333,0.166666667,0.444444444,0.555555556,0,0,0,0.181818182,0,0.727272727,0.090909091,0.03030303,,,,,,,,,,0.095238095,0.047619048,0.518518519,0.363636364,0.181818182,0.135802469,0.214285714,0.107142857,0.345679012,,1.076923077,Beka Burjanadze,Leyma Coruna,1321,34,FALSE
SPAIN,2024-2025,22847,16,1,0,0,0,0,0,0,0,0,0,0,0,0,0,0,0,1,0,1,0,0,0,0,0,0,1,0,0,0,0,0,0,0,0,0,0,0,0,0,0,0,0,0,0,0,0,0,0,0,0,0,0,0,0,0,0,0,0,0,0,0,0,0,0,0,0,0,0,0,0,0,0,0,0,0,0,0,0,0,0,0,0,0,0,0,0,0,0,0,0,0,0,0,0,0,0,0,0,0,0,0,0,0,0,0,0,0,0,1,0,0,0,0,0,0,0,0,0,0,1,0,0,0,0,0,1,0,0,0,0,0,0,0,0,1,0,0,0,0,0,0,0,0,0,0,0,0,0,0,0,0,0,0,0,0,0,0,0,0,0,0,0,44,23,7,8,1,6,1,7,2,0,0,1,0,1,6,8,10,4,15,2,22,7,9,3,1,0,3,0,1,0,0,0,0,0,3,1,0,4,0,3,0,0,0,0,0,0,0,0,0,0,0,0,0,0,0,0,0,0,0,0,0,0,0,0,0,0,0,0,0,0,0,0,0,0,0,0,0,0,0,0,0,0,0,0,27,14,4,6,1,3,0,6,1,1,0,4,0,5,7,4,10,0,12,0,1,10,0,0,1,0,0,1,0,0,1,0,2,0,0,2,0,1,2,7,0,0,0,0,0,0,0,0,0,0,0,0,0,0,1,0,0,0,0,0,29,8,3,7,0,2,4,3,1,0,0,0,11,12,3,1,1,0,0,0,0,0,20,15,0,0,0,0,0,0,0,0,,,,,,,,,,,,,0,0,0,0,,,,,0.522727273,0.159090909,0.045454545,0.022727273,0.181818182,1.285714286,0.428571429,0,,,,,,,0.518518519,0.148148148,0.037037037,0,0,0.1,,,,,,,0,0,0,0,0,0,1,0,1,0,0,0,,,,,,,0,0,0,0,0,0,1,0,1,0,0,0,,,,,,,,,,,,,,,,,,,,,,,,,,,,,,,,,,,,,,,,,,,,,,,,,,,,,,,,,,,,,,,,,,,,,,,,,0.5,0.461538462,0.133333333,0.866666667,0.444444444,0.555555556,0.090909091,0,0.022727273,0.340909091,0.045454545,0.5,0,0,,0.75,0,1,0.75,0.25,0,0,0,0.571428571,0,0.428571429,0,0,,,,,,,,,,,,,,,,,,,,,,,,,,,,,1,0.333333333,0.1,0.9,0.416666667,0.583333333,0.148148148,0,0.037037037,0.37037037,0,0.444444444,0,0,0,,1,0,0,1,0,0,0,0.1,0.2,0.7,0,0,,,0,,,0,0,0,1,0.275862069,0.103448276,0.659090909,0.75,0.25,0.090909091,1.090909091,0.272727273,0.25,,1.333333333,Yves Pons,Basquet Girona,1315,16,FALSE
SPAIN,2024-2025,59147,26,0,0,0,0,0,0,0,0,0,0,0,0,0,0,0,0,0,0,0,0,0,0,0,0,0,0,0,0,0,0,0,0,0,0,0,0,0,0,0,0,0,0,0,0,0,0,0,0,0,0,0,0,0,0,0,0,0,0,0,0,0,0,0,0,0,0,0,0,0,0,0,0,0,0,0,0,0,0,0,0,0,0,0,0,0,0,0,0,0,0,0,0,0,0,0,0,0,0,0,0,0,0,0,0,0,0,0,0,0,0,0,0,0,0,0,0,0,0,0,0,0,0,0,0,0,0,0,0,0,0,0,0,0,0,0,0,0,0,0,0,0,0,0,0,0,0,0,0,0,0,0,0,0,0,0,0,0,0,0,0,0,0,369,69,28,11,28,0,11,0,4,15,1,5,2,3,20,44,15,17,39,3,297,34,0,0,1,0,0,1,0,0,0,1,0,1,1,1,0,1,0,32,0,0,0,0,0,0,0,0,0,0,0,0,0,0,0,0,0,0,0,0,0,0,0,2,0,0,0,0,0,0,0,0,0,0,1,0,0,0,1,0,0,1,0,0,172,43,15,4,15,0,4,0,5,3,9,15,0,27,7,12,19,3,130,2,3,161,26,13,6,13,0,6,0,0,1,5,4,0,16,7,4,19,0,134,0,0,0,0,0,0,0,0,0,0,0,0,0,0,0,0,0,0,0,0,236,46,18,7,4,0,46,4,2,1,0,1,87,19,8,3,1,3,0,0,0,0,56,39,0,0,,,,,,,,,,,,,,,,,,,,,,,,,,,0.18699187,0.075880759,0.010840108,0.013550136,0.119241192,0,0,0,,,,0,0,0,0.25,0.087209302,0.01744186,0.161490683,0.080745342,0.00621118,,,,,,,,,,,,,,,,,,,,,,,,,,,,,,,,,,,,,,,,,,,,,,,,,,,,,,,,,,,,,,,,,,,,,,,,,,,,,,,,,,,,,,,,,,,,,,,,,,,,,,,,,,,,,0.717948718,,1,0,0.745762712,0.254237288,0.046070461,0.005420054,0.008130081,0.105691057,0.008130081,0.804878049,0.040650407,0.002710027,0,,1,0,0.5,0.5,0,0,0,0.029411765,0,0.941176471,0.029411765,0.029411765,,,,,,,,,,,,,,,,,,,,,0.5,0,0,0,0,0.5,0,0,0.789473684,,1,0,0.794117647,0.205882353,0.069767442,0.011627907,0.01744186,0.110465116,0.01744186,0.755813953,0.052325581,0,0.684210526,,1,0,0.695652174,0.304347826,0.02484472,0,0,0.118012422,0,0.832298137,0.031055901,0,,,,,,,,,,0.194915254,0.076271186,0.639566396,0.086956522,0.043478261,0.124661247,0.218390805,0.091954023,0.235772358,,1.435897436,Tryggvi Hlinason,Bilbao Basket,1335,26,FALSE
SPAIN,2024-2025,59127,34,0,0,0,0,0,0,0,0,0,0,0,0,0,0,0,0,0,0,0,0,0,0,0,0,0,0,0,0,0,0,0,0,0,0,0,0,0,0,0,0,0,0,0,0,0,0,0,0,0,0,0,0,0,0,0,0,0,0,0,0,0,0,0,0,0,0,0,0,0,0,0,0,0,0,0,0,0,0,0,0,0,0,0,0,0,0,0,0,0,0,0,0,0,0,0,0,0,0,0,0,0,0,0,0,0,0,0,0,0,0,0,0,0,0,0,0,0,0,0,0,0,0,0,0,0,0,0,0,0,0,0,0,0,0,0,0,0,0,0,0,0,0,0,0,0,0,0,0,0,0,0,0,0,0,0,0,0,0,0,0,0,0,266,60,19,8,19,0,5,3,3,19,2,10,8,2,21,47,11,20,27,1,199,31,9,3,1,3,0,1,0,1,1,4,1,0,8,2,1,4,0,22,0,1,0,0,0,0,0,0,0,0,0,0,0,0,0,0,0,0,0,0,0,0,0,3,0,0,0,0,0,0,0,0,0,1,0,0,1,0,0,0,0,2,0,0,113,39,13,2,13,0,1,1,6,0,11,11,1,29,2,11,15,0,77,5,1,117,12,3,4,3,0,3,1,3,2,3,9,1,9,6,8,7,1,97,3,0,0,0,0,0,0,0,0,0,0,0,0,0,0,0,0,0,0,0,192,46,14,2,8,3,31,6,2,3,1,0,43,8,3,3,1,0,0,0,0,0,38,27,0,0,,,,,,,,,,,,,,,,,,,,,,,,,,,0.22556391,0.071428571,0.011278195,0.037593985,0.176691729,0.290322581,0.096774194,0.032258065,,,,0,0,0,0.345132743,0.115044248,0,0.102564103,0.025641026,0.017094017,,,,,,,,,,,,,,,,,,,,,,,,,,,,,,,,,,,,,,,,,,,,,,,,,,,,,,,,,,,,,,,,,,,,,,,,,,,,,,,,,,,,,,,,,,,,,,,,,,,,,,,,,,,,,0.791666667,0,0.888888889,0.111111111,0.810344828,0.189655172,0.07518797,0.030075188,0.007518797,0.101503759,0.003759398,0.748120301,0.071428571,0.007518797,0.75,,1,0,0.8,0.2,0.032258065,0,0.032258065,0.129032258,0,0.709677419,0.129032258,0,,,,,,,,,,,,,,,,,,,1,0,0,0,0,0,0,0.666666667,0.333333333,0,0.928571429,0,0.933333333,0.066666667,0.935483871,0.064516129,0.097345133,0.044247788,0.008849558,0.132743363,0,0.681415929,0.097345133,0.008849558,0.5,0,0.857142857,0.142857143,0.6,0.4,0.068376068,0.025641026,0,0.05982906,0.008547009,0.829059829,0.025641026,0.008547009,,,,,,,,,,0.239583333,0.072916667,0.721804511,0.193548387,0.064516129,0.116541353,0.186046512,0.069767442,0.161654135,,1.407407407,Aleksander Balcerowski,Malaga,1339,34,FALSE
SPAIN,2024-2025,59229,6,0,0,0,0,0,0,0,0,0,0,0,0,0,0,0,0,0,0,0,0,0,0,0,0,0,0,0,0,0,0,0,0,0,0,0,0,0,0,0,0,0,0,0,0,0,0,0,0,0,0,0,0,0,0,0,0,0,0,0,0,0,0,0,0,0,0,0,0,0,0,0,0,0,0,0,0,0,0,0,0,0,0,0,0,0,0,0,0,0,0,0,0,0,0,0,0,0,0,0,0,0,0,0,0,0,0,0,0,0,0,0,0,0,0,0,0,0,0,0,0,0,0,0,0,0,0,0,0,0,0,0,0,0,0,0,0,0,0,0,0,0,0,0,0,0,0,0,0,0,0,0,0,0,0,0,0,0,0,0,0,0,0,5,0,0,0,0,0,0,0,0,1,0,0,0,0,0,1,0,0,0,0,4,1,0,0,0,0,0,0,0,0,0,1,0,0,1,0,0,0,0,0,0,0,0,0,0,0,0,0,0,0,0,0,0,0,0,0,0,0,0,0,0,0,0,0,0,0,0,0,0,0,0,0,0,0,0,0,0,0,0,0,0,0,0,0,4,0,0,0,0,0,0,0,0,0,0,0,0,0,0,0,0,0,4,0,0,0,0,0,0,0,0,0,0,0,0,0,0,0,0,0,0,0,0,0,0,0,0,0,0,0,0,0,0,0,0,0,0,0,0,0,0,0,0,0,5,0,0,0,0,0,0,0,0,0,0,0,0,0,0,0,0,0,0,0,0,0,0,0,0,0,,,,,,,,,,,,,,,,,,,,,,,,,,,0,0,0,0,0.2,0,0,0,,,,,,,0,0,0,,,,,,,,,,,,,,,,,,,,,,,,,,,,,,,,,,,,,,,,,,,,,,,,,,,,,,,,,,,,,,,,,,,,,,,,,,,,,,,,,,,,,,,,,,,,,,,,,,,,,,,,,,,,,,,,,,,,1,0,0,0,0,0,0,0.8,0.2,0,,,,,1,0,0,0,0,0,0,0,1,0,,,,,,,,,,,,,,,,,,,,,,,,,,,,,,,,,,,0,0,0,0,0,1,0,0,,,,,,,,,,,,,,,,,,,,,,,,0,0,1,,,0,,,0,,,Sayon Keita,BC Barcelona,1340,6,FALSE
SPAIN,2024-2025,59221,25,36,27,6,11,2,4,7,4,3,4,0,3,2,1,2,1,15,12,3,13,14,7,6,1,17,8,0,0,0,0,0,0,0,0,0,0,0,0,0,0,0,0,0,0,0,0,0,0,0,0,0,0,0,0,10,9,3,2,1,2,1,1,0,0,1,4,0,4,2,0,5,4,0,0,0,0,0,0,0,4,0,0,0,0,0,0,0,0,0,0,0,0,0,0,0,0,0,0,0,0,0,0,0,0,0,0,0,0,21,14,2,6,1,1,4,2,3,3,2,11,0,7,9,7,8,4,0,2,1,2,1,6,1,8,3,5,4,1,3,0,1,2,1,0,0,1,0,0,2,3,0,4,0,0,0,0,0,0,0,0,0,0,3,0,0,1,0,0,1,0,0,0,0,0,0,0,0,0,1,0,1,0,2,2,0,0,1,0,0,1,0,0,0,0,0,0,0,1,0,1,0,1,0,0,0,0,0,0,0,0,0,0,0,0,0,0,0,0,0,0,0,0,0,0,0,0,0,0,0,0,0,0,0,0,0,0,0,0,0,0,0,0,0,0,0,0,1,0,0,0,0,0,0,0,0,0,0,0,0,0,0,0,0,0,1,0,0,0,0,0,0,0,0,0,0,0,0,0,0,0,0,0,0,0,0,0,0,0,12,10,2,4,1,2,5,3,1,2,0,1,19,14,3,5,2,0,3,0,0,1,0,0,0,0,0,0,0,0,0,0,0,0,0,0,16,17,8,4,0,1,0,0,0.75,0.166666667,0.083333333,0.083333333,0.194444444,0.361111111,0.9,0.3,0,0,,,,,,,,,0.666666667,0.095238095,0.142857143,0.142857143,0.8,0.2,0,0,0,0,0,0,0,0,0,0,,,,,,,0,0,0,,,,0.222222222,0.5,0.529411765,0.470588235,0.481481481,0.518518519,0.194444444,0.055555556,0.027777778,0.055555556,0.027777778,0.333333333,0.083333333,0.472222222,0.222222222,0,0.111111111,0,0.2,0.333333333,0.625,0.375,0.4375,0.5625,0.333333333,0.095238095,0.047619048,0.095238095,0.047619048,0.380952381,0.142857143,0.380952381,0.19047619,0,0.095238095,0,0,0.5,0.5,0.5,0.4,0.6,0,0,0,0,0,0,0,0.8,0,0,0.2,0,0.5,0.666666667,0.4,0.6,0.666666667,0.333333333,0,0,0,0,0,0.4,0,0.5,0.4,0,0.1,0,,,,,,,,,,,,,,,,,,,,,,,,,,,,,,,,,,,,,0,,1,0,0,1,0,0,0,0.333333333,0,0.666666667,0,0,0,,1,0,0,1,0,0,0,0.5,0,0.5,0,0,,,,,,,,,,,,,,,,,,,,,,,,,,,,,,,,,,,0,0,0,0,0,1,0,0,,,,,,,,,,,,,,,0.833333333,0.166666667,0.333333333,0.6,0.2,0.138888889,0.736842105,0.157894737,0.527777778,0,0,1,,,0,,,0,0.974658869,0,Jovan Kljajic,Dreamland Gran Canaria,1328,25,FALSE
SPAIN,2024-2025,59272,22,2,0,0,0,0,0,0,0,0,0,0,0,0,0,0,0,2,2,0,0,0,1,1,0,0,1,0,0,0,0,0,0,0,0,0,0,0,0,0,0,0,0,0,0,0,0,0,0,0,0,0,0,0,0,0,0,0,0,0,0,0,0,0,0,0,0,0,0,0,0,0,0,0,0,0,0,0,0,0,0,0,0,0,0,0,0,0,0,0,0,0,0,0,0,0,0,0,0,0,0,0,0,0,0,0,0,0,0,2,0,0,0,0,0,0,0,0,0,0,2,0,0,0,1,0,1,0,0,0,0,0,1,0,2,0,0,0,0,0,0,0,0,0,0,0,0,0,0,0,0,0,0,0,0,0,0,0,0,0,0,0,0,4,0,0,2,0,0,0,2,0,0,0,0,0,0,0,0,2,0,2,0,2,0,0,0,0,0,0,0,0,0,0,0,0,0,0,0,0,0,0,0,0,0,0,0,0,0,0,0,0,0,0,0,0,0,0,0,0,0,0,0,0,0,0,0,0,0,0,0,0,0,0,0,0,0,0,0,0,0,0,0,0,0,0,0,3,0,0,1,0,0,0,1,0,0,0,0,0,0,1,0,1,0,2,0,0,1,0,0,1,0,0,0,1,0,0,0,0,0,0,1,0,1,0,0,0,0,0,0,0,0,0,0,0,0,0,0,0,0,2,0,0,0,0,0,2,0,0,2,0,0,2,0,0,0,0,0,0,0,0,0,0,0,0,0,0,0,0,2,0,0,0,0,0,0,0.5,0,,,,,,,,,,,,,0,0,0,0,,,,,0,0,0,0,0,,,,,,,,,,0,0,0,0,0,0,,,,,,,0.5,0,0,0,0,1,0,0,0.5,0,0,0,,,,,,,0.5,0,0,0,0,1,0,0,0.5,0,0,0,,,,,,,,,,,,,,,,,,,,,,,,,,,,,,,,,,,,,,,,,,,,,,,,,,,,,,,,,,,,,,,,,,,,,,,,,,0,0,1,0,1,0,0,0,0.5,0,0.5,0,0,,,,,,,,,,,,,,,,,,,,,,,,,,,,,,,,,,,,,,,,,,,,0,0,1,0,1,0,0,0,0.333333333,0,0.666666667,0,0,,0,0,1,0,1,0,0,0,1,0,0,0,0,,,0,,,0,0,0,1,0,0,0.5,0,0,0.5,,,0,,0,Pere Tomas Noguera,Coviran Granada,1319,22,FALSE
SPAIN,2024-2025,23482,9,0,0,0,0,0,0,0,0,0,0,0,0,0,0,0,0,0,0,0,0,0,0,0,0,0,0,0,0,0,0,0,0,0,0,0,0,0,0,0,0,0,0,0,0,0,0,0,0,0,0,0,0,0,0,0,0,0,0,0,0,0,0,0,0,0,0,0,0,0,0,0,0,0,0,0,0,0,0,0,0,0,0,0,0,0,0,0,0,0,0,0,0,0,0,0,0,0,0,0,0,0,0,0,0,0,0,0,0,0,0,0,0,0,0,0,0,0,0,0,0,0,0,0,0,0,0,0,0,0,0,0,0,0,0,0,0,0,0,0,0,0,0,0,0,0,0,0,0,0,0,0,0,0,0,0,0,0,0,0,0,0,0,88,20,9,4,9,0,4,0,0,2,0,1,1,0,3,12,4,2,13,1,70,6,0,0,0,0,0,0,0,0,0,0,0,0,0,0,0,0,0,6,0,0,0,0,0,0,0,0,0,0,0,0,0,0,0,0,0,0,0,0,0,0,0,1,0,0,0,0,0,0,0,0,0,0,0,0,0,0,0,0,0,1,0,0,26,2,1,2,1,0,2,0,0,0,0,1,0,1,2,1,3,0,22,0,0,55,18,8,2,8,0,2,0,1,0,2,2,0,11,2,1,10,1,41,1,0,0,0,0,0,0,0,0,0,0,0,0,0,0,0,0,0,0,0,61,18,8,2,1,0,9,2,1,0,0,0,18,0,0,2,0,0,0,0,0,0,18,13,0,0,,,,,,,,,,,,,,,,,,,,,,,,,,,0.227272727,0.102272727,0,0.011363636,0.136363636,0,0,0,,,,0,0,0,0.076923077,0.038461538,0,0.327272727,0.145454545,0,,,,,,,,,,,,,,,,,,,,,,,,,,,,,,,,,,,,,,,,,,,,,,,,,,,,,,,,,,,,,,,,,,,,,,,,,,,,,,,,,,,,,,,,,,,,,,,,,,,,,,,,,,,,,0.692307692,,1,0,0.75,0.25,0.022727273,0.011363636,0,0.147727273,0.011363636,0.795454545,0.022727273,0,,,,,,,0,0,0,0,0,1,0,0,,,,,,,,,,,,,,,,,,,,,0,0,0,0,0,1,0,0,0.333333333,,1,0,0.333333333,0.666666667,0.038461538,0,0,0.115384615,0,0.846153846,0,0,0.8,,1,0,0.846153846,0.153846154,0.018181818,0.018181818,0,0.181818182,0.018181818,0.745454545,0.036363636,0,,,,,,,,,,0.295081967,0.131147541,0.693181818,0.222222222,0.111111111,0.102272727,0,0,0.204545455,,1.384615385,Joel Soriano,Valencia BC,1325,9,FALSE
SPAIN,2024-2025,18497,14,0,0,0,0,0,0,0,0,0,0,0,0,0,0,0,0,0,0,0,0,0,0,0,0,0,0,0,0,0,0,0,0,0,0,0,0,0,0,0,0,0,0,0,0,0,0,0,0,0,0,0,0,0,0,0,0,0,0,0,0,0,0,0,0,0,0,0,0,0,0,0,0,0,0,0,0,0,0,0,0,0,0,0,0,0,0,0,0,0,0,0,0,0,0,0,0,0,0,0,0,0,0,0,0,0,0,0,0,0,0,0,0,0,0,0,0,0,0,0,0,0,0,0,0,0,0,0,0,0,0,0,0,0,0,0,0,0,0,0,0,0,0,0,0,0,0,0,0,0,0,0,0,0,0,0,0,0,0,0,0,0,0,116,36,13,5,12,1,4,1,2,8,0,4,3,1,8,24,7,8,18,0,83,18,2,1,1,1,0,1,0,0,0,1,1,0,2,1,1,2,0,14,0,0,1,0,0,0,0,0,0,0,0,0,0,0,0,0,0,0,0,0,1,0,0,0,0,0,0,0,0,0,0,0,0,0,0,0,0,0,0,0,0,0,0,0,59,19,5,3,5,0,3,0,4,1,5,6,0,14,4,6,8,0,40,3,1,38,15,7,1,6,1,0,1,0,1,2,1,0,8,2,1,8,0,28,0,0,0,0,0,0,0,0,0,0,0,0,0,0,0,0,0,0,0,0,74,20,7,3,2,2,12,6,2,1,1,0,30,10,4,1,1,0,0,0,0,0,27,18,0,0,,,,,,,,,,,,,,,,,,,,,,,,,,,0.310344828,0.112068966,0.017241379,0.034482759,0.206896552,0.111111111,0.055555556,0,0,0,0,,,,0.322033898,0.084745763,0.016949153,0.394736842,0.184210526,0.026315789,,,,,,,,,,,,,,,,,,,,,,,,,,,,,,,,,,,,,,,,,,,,,,,,,,,,,,,,,,,,,,,,,,,,,,,,,,,,,,,,,,,,,,,,,,,,,,,,,,,,,,,,,,,,,0.75,0.5,0.888888889,0.111111111,0.774193548,0.225806452,0.068965517,0.025862069,0.00862069,0.155172414,0,0.715517241,0.068965517,0,0.5,,1,0,0.666666667,0.333333333,0.055555556,0,0,0.111111111,0,0.777777778,0.055555556,0,,,,,,,0,0,0,0,0,1,0,0,,,,,,,,,,,,,,,0.625,,1,0,0.777777778,0.222222222,0.101694915,0.050847458,0.016949153,0.13559322,0,0.677966102,0.084745763,0,1,0.5,0.75,0.25,0.8,0.2,0.026315789,0,0,0.210526316,0,0.736842105,0.052631579,0,,,,,,,,,,0.27027027,0.094594595,0.637931034,0.5,0.166666667,0.103448276,0.333333333,0.133333333,0.25862069,,1.5,Nate Watson,Casademont Zaragoza,1331,14,FALSE
SPAIN,2024-2025,28591,34,0,0,0,0,0,0,0,0,0,0,0,0,0,0,0,0,0,0,0,0,0,0,0,0,0,0,0,0,0,0,0,0,0,0,0,0,0,0,0,0,0,0,0,0,0,0,0,0,0,0,0,0,0,0,0,0,0,0,0,0,0,0,0,0,0,0,0,0,0,0,0,0,0,0,0,0,0,0,0,0,0,0,0,0,0,0,0,0,0,0,0,0,0,0,0,0,0,0,0,0,0,0,0,0,0,0,0,0,0,0,0,0,0,0,0,0,0,0,0,0,0,0,0,0,0,0,0,0,0,0,0,0,0,0,0,0,0,0,0,0,0,0,0,0,0,0,0,0,0,0,0,0,0,0,0,0,0,0,0,0,0,0,283,55,20,6,20,0,6,0,5,6,1,6,3,3,13,29,11,12,26,1,236,27,0,0,0,0,0,0,0,0,0,0,1,0,0,0,1,0,0,26,0,0,2,2,0,0,0,0,0,0,1,0,0,1,0,1,0,1,0,0,1,1,0,1,0,0,0,0,0,0,0,0,0,0,0,0,0,0,0,0,0,1,0,0,146,40,15,6,15,0,6,0,4,4,5,7,1,22,10,7,21,0,111,2,2,107,13,5,0,5,0,0,0,1,1,1,4,0,6,1,3,5,1,97,0,1,0,0,0,0,0,0,0,0,0,0,0,0,0,0,0,0,0,0,206,40,15,3,4,2,23,7,1,2,2,0,54,8,4,1,0,3,0,0,0,0,40,26,0,0,,,,,,,,,,,,,,,,,,,,,,,,,,,0.19434629,0.070671378,0.017667845,0.021201413,0.102473498,0,0,0,1,0,0,0,0,0,0.273972603,0.102739726,0.02739726,0.121495327,0.046728972,0.009345794,,,,,,,,,,,,,,,,,,,,,,,,,,,,,,,,,,,,,,,,,,,,,,,,,,,,,,,,,,,,,,,,,,,,,,,,,,,,,,,,,,,,,,,,,,,,,,,,,,,,,,,,,,,,,0.769230769,,1,0,0.725,0.275,0.042402827,0.010600707,0.010600707,0.091872792,0.003533569,0.833922261,0.021201413,0.003533569,,,,,,,0.037037037,0,0,0,0,0.962962963,0,0,,,,,1,0,0.5,0.5,0,0,0,0.5,0,0,,,,,,,0,0,0,0,0,1,0,0,0.714285714,,1,0,0.6875,0.3125,0.047945205,0.01369863,0.01369863,0.143835616,0,0.760273973,0.034246575,0.006849315,1,,1,0,0.857142857,0.142857143,0.028037383,0,0.009345794,0.046728972,0.009345794,0.906542056,0.009345794,0,,,,,,,,,,0.194174757,0.072815534,0.727915194,0.304347826,0.043478261,0.081272085,0.148148148,0.074074074,0.190812721,,1.538461538,Ruben Guerrero,Coviran Granada,1319,34,FALSE
SPAIN,2024-2025,59214,34,295,187,26,56,25,1,35,21,25,6,1,59,47,12,36,23,203,112,91,90,81,130,66,64,82,73,0,0,0,0,0,0,0,0,0,0,0,0,0,0,0,0,0,0,0,0,0,0,0,0,0,0,0,0,40,24,0,5,0,0,1,4,10,5,1,35,1,11,10,21,5,14,0,6,4,5,5,9,12,18,17,3,5,0,0,0,0,0,0,1,0,1,3,0,2,0,1,0,2,0,0,1,1,0,1,0,2,1,221,141,22,39,22,0,30,9,44,18,4,151,0,69,57,98,61,53,0,37,7,27,17,52,46,86,65,31,17,4,12,3,1,4,8,4,2,0,14,0,8,14,10,16,4,0,4,0,3,1,4,6,6,8,5,0,0,0,0,0,0,0,1,0,0,0,0,0,1,0,1,0,0,1,4,1,0,0,0,0,0,0,0,0,0,0,0,0,0,0,0,0,0,1,0,0,0,0,0,0,0,0,0,0,0,0,0,0,0,0,0,0,0,0,0,0,0,0,0,0,0,0,0,0,0,0,0,0,0,0,0,0,0,0,0,0,0,0,1,0,0,0,0,0,0,0,0,0,0,0,0,0,0,0,0,0,1,0,0,3,0,0,0,0,0,0,0,0,1,0,1,0,0,1,0,0,1,2,0,0,196,127,17,31,41,13,47,23,2,13,8,4,52,37,7,12,10,8,3,0,0,0,0,0,0,0,0,0,0,0,2,0,0,0,0,1,53,81,7,4,0,0,0,0,0.633898305,0.088135593,0.084745763,0.2,0.440677966,0.305084746,0.6,0,0.125,0.25,,,,,1.666666667,0,0,0.333333333,0.63800905,0.099547511,0.081447964,0.199095023,0.548387097,0.129032258,0.064516129,0.129032258,0,0,0.2,0,0,0,0,0,,,,,,,0,0,0,0,0,0.333333333,0.416666667,0.045454545,0.731707317,0.268292683,0.526315789,0.473684211,0.440677966,0.159322034,0.040677966,0.122033898,0.077966102,0.379661017,0.308474576,0.277966102,0.247457627,0,0.020338983,0.003389831,0.423076923,0,0.852459016,0.147540984,0.547619048,0.452380952,0.443438914,0.167420814,0.031674208,0.122171946,0.076923077,0.389140271,0.294117647,0.2760181,0.239819005,0,0.018099548,0,0.428571429,0.111111111,0.4375,0.5625,0.363636364,0.636363636,0.322580645,0.129032258,0,0.096774194,0.032258065,0.193548387,0.258064516,0.516129032,0.129032258,0,0,0,0,0,0.2,0.8,0.523809524,0.476190476,0.525,0.15,0.1,0.125,0.125,0.45,0.425,0.125,0.35,0,0.025,0.025,,,,,1,0,0.333333333,0,0.333333333,0.333333333,0,0.666666667,0.333333333,0,0.666666667,0,0.333333333,0,,,,,,,,,,,,,,,,,,,,,,,0,1,0,0,0,0,0.2,0.8,0,0,,,,,,,0,0,0,0,0,1,0,0,,,,,,,,,,,,,,,,,,,,,,,,,,,,,,,,,,,0,0,0,0,0,1,0,0,,,,,0,1,0,0,0,0,0.333333333,0.666666667,0,0,0.647959184,0.086734694,0.66440678,0.489361702,0.042553191,0.159322034,0.711538462,0.134615385,0.176271186,0,0,0.6,,,0,0,0,0.4,0.677925785,,Daniel Perez,BAXI Manresa,1330,34,FALSE
SPAIN,2024-2025,59120,35,588,489,68,99,28,40,42,57,42,15,13,124,75,49,58,66,395,216,179,207,141,223,82,141,167,172,0,1,0,0,0,0,0,0,0,0,0,0,1,0,0,0,0,0,1,0,0,0,0,0,0,0,1,0,112,96,14,31,6,8,18,13,25,7,0,66,8,39,38,41,45,25,0,15,10,11,14,13,28,32,34,6,0,0,1,0,0,0,1,0,0,0,5,0,0,1,3,1,2,0,0,0,0,0,0,3,2,3,391,322,43,57,20,23,22,35,83,31,13,269,4,139,88,146,100,123,0,52,31,41,42,59,87,154,115,78,71,11,10,2,9,2,8,16,4,2,54,1,29,14,33,21,21,0,8,8,6,10,10,23,27,27,27,6,2,1,0,2,1,0,0,0,0,0,0,0,2,2,1,2,3,0,22,15,0,0,1,0,0,1,0,0,0,0,1,0,0,1,1,1,0,13,0,0,0,0,0,0,0,0,0,0,0,0,0,0,0,0,0,0,0,0,0,0,0,1,3,1,0,0,1,0,0,0,0,0,0,0,1,0,0,1,0,0,0,0,3,0,0,0,0,0,0,0,0,0,0,0,0,0,0,0,0,0,3,0,0,8,3,1,0,0,1,0,0,0,0,0,1,0,1,0,1,1,0,6,0,0,396,325,44,62,86,34,73,62,10,14,16,2,119,102,14,23,22,6,21,6,2,0,0,0,3,0,0,1,0,0,3,0,0,0,0,0,176,167,18,16,6,3,0,0,0.831632653,0.115646259,0.071428571,0.210884354,0.379251701,0.352040816,0.857142857,0.125,0.0625,0.223214286,0,0,0,0,0,0,0,0,0.823529412,0.109974425,0.079283887,0.212276215,0.91025641,0.141025641,0.051282051,0.205128205,0.222222222,0.074074074,0,0,0.074074074,0,0,0,,,,3,1,0,0,0,0,0.375,0.125,0,0.4,0.412371134,0.419161677,0.580838323,0.594827586,0.405172414,0.379251701,0.12755102,0.083333333,0.098639456,0.112244898,0.367346939,0.304421769,0.284013605,0.292517007,0,0.025510204,0.022108844,0.476190476,0.396551724,0.42,0.58,0.612334802,0.387665198,0.373401535,0.132992327,0.079283887,0.104859335,0.10741688,0.393861893,0.294117647,0.255754476,0.314578005,0,0.033248082,0.010230179,0.5,0.529411765,0.19047619,0.80952381,0.674418605,0.325581395,0.423076923,0.102564103,0.102564103,0.076923077,0.128205128,0.346153846,0.346153846,0.269230769,0.269230769,0,0.025641026,0.012820513,0.25,0.380952381,0.533333333,0.466666667,0.506493506,0.493506494,0.366071429,0.133928571,0.089285714,0.098214286,0.125,0.285714286,0.303571429,0.401785714,0.223214286,0,0,0.071428571,,0,0,1,0,1,0.5,0,0,0,0,0.333333333,0.5,0.166666667,0.333333333,0,0,0,,,,,,,0,0,0,0,0,1,0,0,1,0,0,0,0,1,0.333333333,0.666666667,0.666666667,0.333333333,0.074074074,0,0,0.111111111,0,0.814814815,0,0,0,,1,0,0,1,0.066666667,0,0,0.066666667,0,0.866666667,0,0,,,,,,,,,,,,,,,,1,0,1,1,0,0,0,0,1,0,0,0,0,,,,,,,0,0,0,0,0,1,0,0,,1,0,1,1,0,0.125,0,0,0.125,0,0.75,0,0,0.820707071,0.111111111,0.673469388,0.849315068,0.136986301,0.12414966,0.857142857,0.117647059,0.202380952,0.285714286,0.095238095,0.777777778,0,0,0.111111111,0,0,0.111111111,1.097644638,2,Bruno Fitipaldo,Lenovo Tenerife,1333,35,FALSE
SPAIN,2024-2025,11247,39,160,104,23,48,19,4,42,6,16,1,4,23,17,6,15,8,86,49,37,47,64,51,29,22,71,35,0,0,0,0,0,0,0,0,0,0,0,0,0,0,0,0,0,0,0,0,0,0,0,0,0,0,0,0,29,18,5,12,4,1,11,1,2,3,1,12,2,8,15,3,17,9,0,1,1,1,1,1,2,5,7,1,3,0,0,0,0,0,0,1,0,0,1,0,1,0,1,0,0,0,0,1,1,0,1,0,1,0,110,67,15,31,14,1,27,4,17,8,0,61,2,32,39,41,46,20,0,15,2,12,5,24,17,39,22,20,16,3,5,1,2,4,1,3,5,0,12,0,6,10,6,8,6,0,1,2,1,2,3,3,4,8,14,4,1,3,1,0,2,1,0,0,1,1,1,0,1,2,3,1,4,0,9,4,0,0,0,0,0,0,0,0,0,0,0,0,0,0,0,0,0,4,0,0,0,0,0,0,0,0,0,0,0,0,0,0,0,0,0,0,0,0,0,0,0,0,0,0,0,0,0,0,0,0,0,0,0,0,0,0,0,0,0,0,0,0,3,2,1,2,1,0,1,1,0,0,0,0,0,1,2,0,3,0,0,0,0,7,2,0,1,0,0,1,0,1,0,0,1,1,1,1,1,1,0,5,1,0,109,61,13,34,14,11,15,10,3,4,1,4,36,33,7,10,8,1,4,2,0,1,1,0,5,0,0,1,0,0,5,2,1,1,0,0,50,71,2,2,2,4,0,0,0.65,0.14375,0.1,0.14375,0.31875,0.29375,0.620689655,0.172413793,0.103448276,0.068965517,,,,,3,0,0,1,0.609090909,0.136363636,0.072727273,0.154545455,0.8,0.15,0.25,0.15,0.285714286,0.071428571,0,0.071428571,0.142857143,0,0,0,,,,,,,0.666666667,0.333333333,0,0.285714286,0,0,0.31147541,0.4,0.85915493,0.14084507,0.423423423,0.576576577,0.31875,0.10625,0.0375,0.09375,0.05,0.30625,0.23125,0.44375,0.21875,0,0.00625,0.025,0.341463415,0.2,0.891304348,0.108695652,0.450704225,0.549295775,0.372727273,0.136363636,0.018181818,0.109090909,0.045454545,0.354545455,0.2,0.418181818,0.181818182,0,0,0.018181818,0.2,0.666666667,0.625,0.375,0.375,0.625,0.3,0.05,0.1,0.05,0.1,0.2,0.4,0.4,0.3,0,0,0,0.266666667,0.5,0.882352941,0.117647059,0.347826087,0.652173913,0.103448276,0.034482759,0.034482759,0.034482759,0.034482759,0.172413793,0.24137931,0.586206897,0.310344828,0,0.034482759,0.068965517,,,,,1,0,1,0,1,1,0,1,0,0,0,0,0,0,,,,,,,,,,,,,,,,,,,0.333333333,0,0.75,0.25,0.4,0.6,0.071428571,0.071428571,0,0.285714286,0,0.642857143,0,0.071428571,,,,,,,0,0,0,0,0,1,0,0,,,,,,,,,,,,,,,,,,,,,,,,,,,,,0.5,0,0.666666667,0.333333333,0.333333333,0.666666667,0,0,0,1,0,0,0,0,0,,1,0,0.5,0.5,0.142857143,0.142857143,0,0.142857143,0,0.714285714,0,0.142857143,0.559633028,0.119266055,0.68125,0.666666667,0.2,0.09375,0.916666667,0.194444444,0.225,0.5,0,0.285714286,0,0,0.357142857,0.4,0.2,0.357142857,0.723427935,0.5,Kameron Milton Allante Taylor,Malaga,1339,39,FALSE
SPAIN,2024-2025,24056,32,5,2,1,1,1,0,1,0,3,0,1,0,0,0,0,0,2,1,1,1,4,0,0,0,2,2,0,0,0,0,0,0,0,0,0,0,0,0,0,0,0,0,0,0,0,0,0,0,0,0,0,0,0,0,1,2,1,0,1,0,0,0,0,0,0,0,0,1,0,0,1,0,0,0,0,0,0,0,0,0,0,0,0,0,0,0,0,0,0,0,0,0,0,0,0,0,0,0,0,0,0,0,0,0,0,0,0,0,4,0,0,1,0,0,1,0,0,3,0,2,1,0,4,0,1,2,0,0,0,0,0,0,0,1,1,0,0,0,0,0,0,0,0,0,0,0,0,0,0,0,0,0,0,0,0,0,0,0,0,0,0,0,80,41,14,11,8,6,5,6,1,5,0,3,2,1,9,22,12,6,25,3,43,26,8,3,5,3,0,2,3,1,1,1,3,0,5,6,2,8,1,14,1,0,0,0,0,0,0,0,0,0,0,0,0,0,0,0,0,0,0,0,0,0,0,0,0,0,0,0,0,0,0,0,0,0,0,0,0,0,0,0,0,0,0,0,34,23,8,3,4,4,1,2,1,0,3,4,0,12,3,3,11,1,17,0,1,19,10,3,3,1,2,2,1,1,0,1,2,0,5,3,1,6,1,11,1,0,1,0,0,0,0,1,2,0,0,1,0,1,2,2,1,0,0,1,66,37,13,8,2,1,7,0,0,3,0,0,7,4,1,0,1,0,2,2,0,0,34,24,0,0,0.4,0.2,0.6,0,0,0.2,2,1,0,0,,,,,,,,,0,0,0.75,0,,,,,0.5125,0.175,0.0125,0.0375,0.275,0.307692308,0.115384615,0.038461538,,,,,,,0.676470588,0.235294118,0,0.526315789,0.157894737,0,0.5,,1,0,0.2,0.8,0,0,0,0,0,0.2,0.2,0.4,0.4,0,0,0.2,0,,1,0,0,1,0,0,0,0,0,0.25,0.25,0.25,0.5,0,0,0.25,,,,,,,,,,,,,,,,,,,1,,1,0,1,0,0,0,0,0,0,0,0,1,0,0,0,0,,,,,,,,,,,,,,,,,,,,,,,,,,,,,,,,,,,,,0.615384615,0.5,0.52,0.48,0.647058824,0.352941176,0.075,0.025,0.0125,0.3125,0.0375,0.5375,0.0625,0,0.6,0,0.625,0.375,0.454545455,0.545454545,0.076923077,0.038461538,0,0.307692308,0.038461538,0.538461538,0.038461538,0,,,,,,,,,,,,,,,,,,,,,,,,,,,,,0.8,0.666666667,0.454545455,0.545454545,0.8,0.2,0.088235294,0,0.029411765,0.323529412,0.029411765,0.5,0.088235294,0,0.333333333,0.666666667,0.5,0.5,0.625,0.375,0.052631579,0.052631579,0,0.315789474,0.052631579,0.578947368,0.052631579,0,0,0,0.2,0,0,0.4,1,0.5,0.4,0.560606061,0.196969697,0.825,0,0,0.0875,0.571428571,0.142857143,0.0875,1,1.416666667,Killian Tillie,Malaga,1339,32,FALSE
SPAIN,2024-2025,59106,31,0,0,0,0,0,0,0,0,0,0,0,0,0,0,0,0,0,0,0,0,0,0,0,0,0,0,0,0,0,0,0,0,0,0,0,0,0,0,0,0,0,0,0,0,0,0,0,0,0,0,0,0,0,0,0,0,0,0,0,0,0,0,0,0,0,0,0,0,0,0,0,0,0,0,0,0,0,0,0,0,0,0,0,0,0,0,0,0,0,0,0,0,0,0,0,0,0,0,0,0,0,0,0,0,0,0,0,0,0,0,0,0,0,0,0,0,0,0,0,0,0,0,0,0,0,0,0,0,0,0,0,0,0,0,0,0,0,0,0,0,0,0,0,0,0,0,0,0,0,0,0,0,0,0,0,0,0,0,0,0,0,0,421,95,28,20,28,0,20,0,10,10,2,15,6,9,27,52,30,22,48,5,331,66,13,5,3,5,0,3,0,1,2,4,2,0,10,5,1,8,1,50,0,1,4,0,0,0,0,0,0,0,0,0,0,0,0,0,0,0,0,0,4,0,0,4,2,1,0,1,0,0,0,0,0,0,1,0,1,0,1,1,0,2,0,0,183,54,13,9,13,0,9,0,11,6,4,21,1,27,15,17,22,4,135,5,6,163,26,9,8,9,0,8,0,3,2,2,3,1,14,10,3,17,0,139,1,2,0,0,0,0,0,0,0,0,0,0,0,0,0,0,0,0,0,0,284,59,18,16,9,5,51,17,5,1,3,2,86,19,5,3,3,3,0,0,0,0,56,48,0,0,,,,,,,,,,,,,,,,,,,,,,,,,,,0.225653207,0.066508314,0.023752969,0.035629454,0.123515439,0.196969697,0.075757576,0.03030303,0,0,0,0.5,0.25,0,0.295081967,0.071038251,0.032786885,0.159509202,0.055214724,0.012269939,,,,,,,,,,,,,,,,,,,,,,,,,,,,,,,,,,,,,,,,,,,,,,,,,,,,,,,,,,,,,,,,,,,,,,,,,,,,,,,,,,,,,,,,,,,,,,,,,,,,,,,,,,,,,0.583333333,,1,0,0.634146341,0.365853659,0.052256532,0.014251781,0.021377672,0.114014252,0.011876485,0.786223278,0.023752969,0.004750594,0.625,,1,0,0.666666667,0.333333333,0.015151515,0,0.015151515,0.121212121,0.015151515,0.757575758,0.060606061,0,,,,,,,0,0,0,0,0,1,0,0,1,,1,0,1,0,0.25,0,0,0.25,0,0.5,0,0,0.590909091,,1,0,0.642857143,0.357142857,0.092896175,0.027322404,0.032786885,0.120218579,0.021857923,0.737704918,0.021857923,0.005464481,0.529411765,,1,0,0.583333333,0.416666667,0.018404908,0.006134969,0.012269939,0.104294479,0,0.852760736,0.012269939,0.006134969,,,,,,,,,,0.207746479,0.063380282,0.674584323,0.333333333,0.098039216,0.121140143,0.220930233,0.058139535,0.204275534,,1.166666667,Jordan Sakho,Leche Rio Breogan,1322,31,FALSE
SPAIN,2024-2025,59248,32,218,153,25,54,10,15,15,39,22,6,9,36,30,6,16,20,125,63,62,67,76,75,31,44,79,50,0,0,0,0,0,0,0,0,0,0,0,0,0,0,0,0,0,0,0,0,0,0,0,0,0,0,0,0,26,17,3,8,1,2,0,8,4,3,1,13,0,8,11,9,11,4,0,3,1,1,3,4,5,6,7,3,3,1,1,0,1,1,0,0,0,0,1,0,1,1,0,2,1,0,0,0,0,0,0,0,1,0,151,115,17,32,6,11,13,19,29,13,4,92,8,50,45,55,49,37,0,24,5,13,16,22,33,49,43,38,18,4,13,3,1,1,12,3,6,1,19,1,8,19,11,17,8,0,3,0,2,1,5,6,7,12,5,0,0,0,0,0,0,0,0,0,0,0,0,0,0,0,0,0,0,0,5,1,0,0,0,0,0,0,0,0,0,0,0,0,0,0,0,0,0,1,0,0,0,0,0,0,0,0,0,0,0,0,0,0,0,0,0,0,0,0,0,0,0,0,0,0,0,0,0,0,0,0,0,0,0,0,0,0,0,0,0,0,0,0,0,0,0,0,0,0,0,0,0,0,0,0,0,0,0,0,0,0,0,0,0,4,0,0,0,0,0,0,0,0,0,0,0,0,0,0,0,0,0,4,0,0,146,99,16,37,25,14,26,16,4,7,2,3,46,38,5,10,9,5,5,0,0,0,0,0,0,0,0,0,0,0,0,0,0,0,0,0,65,79,10,10,0,0,0,0,0.701834862,0.114678899,0.100917431,0.165137615,0.344036697,0.30733945,0.653846154,0.115384615,0.115384615,0.153846154,,,,,1,0.333333333,0,0,0.761589404,0.112582781,0.086092715,0.19205298,0.473684211,0.105263158,0.157894737,0.078947368,0,0,0,0,0,0,0,0,,,,,,,,,,0,0,0,0.4,0.277777778,0.316455696,0.683544304,0.468531469,0.531468531,0.344036697,0.137614679,0.027522936,0.073394495,0.091743119,0.288990826,0.28440367,0.362385321,0.229357798,0,0.027522936,0.041284404,0.315789474,0.366666667,0.387755102,0.612244898,0.526315789,0.473684211,0.364238411,0.158940397,0.033112583,0.086092715,0.105960265,0.324503311,0.284768212,0.324503311,0.245033113,0,0.026490066,0.052980132,0.75,0.076923077,0.235294118,0.764705882,0.296296296,0.703703704,0.289473684,0.078947368,0,0.052631579,0.026315789,0.184210526,0.315789474,0.447368421,0.210526316,0,0.026315789,0.026315789,1,0.2,0.090909091,0.909090909,0.421052632,0.578947368,0.346153846,0.115384615,0.038461538,0.038461538,0.115384615,0.230769231,0.269230769,0.423076923,0.153846154,0,0.038461538,0,0,1,0.5,0.5,0.5,0.5,0,0,0,0,0,0.333333333,0,0.666666667,0.333333333,0,0,0,,,,,,,,,,,,,,,,,,,,,,,,,0,0,0,0,0,1,0,0,,,,,,,0,0,0,0,0,1,0,0,,,,,,,,,,,,,,,,,,,,,,,,,,,,,,,,,,,,,,,,,,,,,,,,,0,0,0,0,0,1,0,0,0.678082192,0.109589041,0.669724771,0.615384615,0.153846154,0.119266055,0.826086957,0.108695652,0.211009174,0,0,1,,,0,,,0,0.899280576,,Ingus Jakovics,Leyma Coruna,1321,32,FALSE
SPAIN,2024-2025,59203,4,50,35,4,10,3,1,5,5,3,0,0,11,7,4,7,4,35,23,12,15,13,17,11,6,14,18,0,0,0,0,0,0,0,0,0,0,0,0,0,0,0,0,0,0,0,0,0,0,0,0,0,0,0,0,15,13,3,5,2,1,2,3,3,1,0,7,0,6,6,4,8,3,0,3,0,2,1,3,1,4,3,0,0,0,0,0,0,0,0,0,0,0,0,0,0,0,0,0,0,0,0,0,0,0,0,0,0,0,32,17,1,4,1,0,3,1,6,2,0,26,0,7,6,11,5,15,0,3,3,4,2,7,4,18,8,3,5,0,1,0,0,0,1,2,0,0,2,0,2,1,2,1,0,0,1,1,1,1,1,1,1,1,3,3,1,0,0,1,0,0,0,0,0,0,0,0,1,1,0,1,1,0,1,1,0,0,0,0,0,0,0,0,0,0,1,0,0,0,1,0,0,0,0,0,0,0,0,0,0,0,0,0,0,0,0,0,0,0,0,0,0,0,0,0,0,0,0,0,0,0,0,0,0,0,0,0,0,0,0,0,0,0,0,0,0,0,2,3,1,0,0,1,0,0,0,0,0,0,0,1,0,0,1,0,1,0,0,0,0,0,0,0,0,0,0,0,0,0,0,0,0,0,0,0,0,0,0,0,38,28,3,9,9,3,4,2,1,0,0,0,8,5,0,1,2,0,2,0,0,0,0,0,1,3,1,0,0,0,0,0,0,0,0,0,9,14,0,0,3,1,0,0,0.7,0.08,0.06,0.22,0.34,0.3,0.866666667,0.2,0.066666667,0.2,,,,,,,,,0.53125,0.03125,0.0625,0.1875,1.666666667,0,0,0.666666667,1,0.333333333,0,0,0.333333333,0,0,0,,,,,,,1.5,0.5,0,,,,0.375,0.166666667,0.571428571,0.428571429,0.535714286,0.464285714,0.34,0.14,0.08,0.14,0.08,0.46,0.24,0.28,0.36,0,0,0,0.25,0,0.8,0.2,0.538461538,0.461538462,0.34375,0.09375,0.09375,0.125,0.0625,0.5625,0.25,0.15625,0.46875,0,0,0,,0,0,1,0.666666667,0.333333333,0.666666667,0.333333333,0.333333333,0.333333333,0.333333333,0.333333333,0.333333333,0.333333333,0,0,0,0,0.5,0.25,0.5,0.5,0.5,0.5,0.266666667,0.2,0,0.133333333,0.066666667,0.266666667,0.2,0.533333333,0.2,0,0,0,,,,,,,,,,,,,,,,,,,,,,,,,,,,,,,,,,,,,,1,0,1,1,0,0.333333333,0,0,0.333333333,0,0.333333333,0,0,,,,,,,1,0,0,0,0,0,0,0,,,,,,,,,,,,,,,,,,,,,,,,,,,,,,1,0,1,1,0,0,0,0,0.5,0,0.5,0,0,,,,,,,,,,,,,,,0.736842105,0.078947368,0.76,0.5,0.25,0.08,0.625,0,0.16,0,0,0.666666667,3,1,0.333333333,,,0,0.642857143,3,Nicolas Laprovittola,BC Barcelona,1340,4,FALSE
SPAIN,2024-2025,59245,28,17,8,1,8,0,1,7,1,1,2,1,1,1,0,0,1,5,3,2,4,9,2,1,1,9,3,0,0,0,0,0,0,0,0,0,0,0,0,0,0,0,0,0,0,0,0,0,0,0,0,0,0,0,0,5,2,0,2,0,0,1,1,0,0,1,2,0,1,2,0,2,2,0,0,0,0,0,0,0,2,0,0,0,0,0,0,0,0,0,0,0,0,0,0,0,0,0,0,0,0,0,0,0,0,0,0,0,0,9,4,1,4,0,1,4,0,0,1,1,2,1,2,5,1,5,1,0,0,0,0,0,1,0,1,1,3,2,0,2,0,0,2,0,1,0,0,1,0,1,2,1,2,0,0,1,0,0,1,0,1,0,1,10,3,0,2,0,0,0,2,0,1,0,1,0,1,3,2,2,3,2,0,4,1,0,0,0,0,0,0,0,0,0,0,1,0,0,0,1,0,0,0,0,0,0,0,0,0,0,0,0,0,0,0,0,0,0,0,0,0,0,0,0,0,0,0,0,0,0,0,0,0,0,0,0,0,0,0,0,0,0,0,0,0,0,0,2,0,0,1,0,0,0,1,0,0,0,0,0,0,1,0,1,0,1,0,0,6,3,0,1,0,0,0,1,1,0,1,2,0,2,1,2,1,0,2,0,1,10,3,0,6,1,0,3,2,0,1,0,1,4,3,1,1,0,0,7,3,0,2,1,0,1,0,0,0,0,0,2,0,0,0,0,0,3,9,4,3,0,2,0,0,0.470588235,0.058823529,0.058823529,0.058823529,0.117647059,0.235294118,0.4,0,0,0,,,,,,,,,0.444444444,0.111111111,0.111111111,0,0.666666667,0,0,0.333333333,0.3,0,0,0.1,0.2,0,0,0,,,,,,,0,0,0,0.5,0,0,0,0.5,0.777777778,0.222222222,0.307692308,0.692307692,0.117647059,0.058823529,0,0,0.058823529,0.176470588,0.117647059,0.529411765,0.176470588,0,0.117647059,0.058823529,0,1,0.8,0.2,0.285714286,0.714285714,0.111111111,0,0,0,0,0.111111111,0.111111111,0.555555556,0.111111111,0,0.111111111,0.111111111,0,,1,0,0.333333333,0.666666667,0.333333333,0.333333333,0,0,0.333333333,0,0.333333333,0.666666667,0,0,0,0,0,0,0.5,0.5,0.333333333,0.666666667,0,0,0,0,0,0.4,0,0.4,0.4,0,0.2,0,,,,,,,,,,,,,,,,,,,,,,,,,,,,,,,,,,,,,,0,0,1,0.5,0.5,0.3,0,0.1,0.2,0,0.4,0.1,0,,,,,,,1,0,0,0,0,0,0,0,,,,,,,,,,,,,,,,,,,,,,,,,,,,,,0,0,1,0,1,0,0,0,0.5,0,0.5,0,0,,0,0,1,0.666666667,0.333333333,0.333333333,0,0.166666667,0.166666667,0,0.333333333,0.166666667,0,0.3,0,0.588235294,0.666666667,0,0.176470588,0.75,0.25,0.235294118,0.428571429,0,0.7,0,0,0.1,0,0,0.2,0.557620818,0,Ruben Dominguez Gonzales,Bilbao Basket,1335,28,FALSE
SPAIN,2024-2025,2768,4,0,0,0,0,0,0,0,0,0,0,0,0,0,0,0,0,0,0,0,0,0,0,0,0,0,0,0,0,0,0,0,0,0,0,0,0,0,0,0,0,0,0,0,0,0,0,0,0,0,0,0,0,0,0,0,0,0,0,0,0,0,0,0,0,0,0,0,0,0,0,0,0,0,0,0,0,0,0,0,0,0,0,0,0,0,0,0,0,0,0,0,0,0,0,0,0,0,0,0,0,0,0,0,0,0,0,0,0,0,0,0,0,0,0,0,0,0,0,0,0,0,0,0,0,0,0,0,0,0,0,0,0,0,0,0,0,0,0,0,0,0,0,0,0,0,0,0,0,0,0,0,0,0,0,0,0,0,0,0,0,0,0,23,2,1,2,1,0,2,0,0,2,0,0,0,0,0,3,2,0,3,0,18,8,0,0,1,0,0,1,0,0,0,0,0,0,0,1,0,1,0,7,0,0,0,0,0,0,0,0,0,0,0,0,0,0,0,0,0,0,0,0,0,0,0,0,0,0,0,0,0,0,0,0,0,0,0,0,0,0,0,0,0,0,0,0,11,2,1,1,1,0,1,0,0,0,1,0,0,2,1,0,2,0,8,0,0,4,0,0,0,0,0,0,0,0,0,1,0,0,1,0,0,0,0,3,0,0,0,0,0,0,0,0,0,0,0,0,0,0,0,0,0,0,0,0,8,2,1,0,0,0,6,0,0,1,0,0,9,0,0,1,0,0,0,0,0,0,2,3,0,0,,,,,,,,,,,,,,,,,,,,,,,,,,,0.086956522,0.043478261,0,0,0.130434783,0,0,0,,,,,,,0.181818182,0.090909091,0,0,0,0,,,,,,,,,,,,,,,,,,,,,,,,,,,,,,,,,,,,,,,,,,,,,,,,,,,,,,,,,,,,,,,,,,,,,,,,,,,,,,,,,,,,,,,,,,,,,,,,,,,,,,,,,,,,,0.333333333,,1,0,0.6,0.4,0,0,0,0.130434783,0,0.782608696,0.086956522,0,0,,1,0,0,1,0,0,0,0.125,0,0.875,0,0,,,,,,,,,,,,,,,,,,,,,,,,,,,,,0.5,,1,0,0.666666667,0.333333333,0,0,0,0.181818182,0,0.727272727,0.090909091,0,,,,,1,0,0,0,0,0,0,0.75,0.25,0,,,,,,,,,,0.25,0.125,0.347826087,0,0,0.260869565,0,0,0.391304348,,0.666666667,Sidi Gueye,Real Madrid,1338,4,FALSE
SPAIN,2024-2025,35852,16,1,3,1,0,1,0,0,0,0,1,0,0,0,0,0,0,0,0,0,1,0,0,0,0,1,0,0,0,0,0,0,0,0,0,0,0,0,0,0,0,0,0,0,0,0,0,0,0,0,0,0,0,0,0,0,0,0,0,0,0,0,0,0,0,0,0,0,0,0,0,0,0,0,0,0,0,0,0,0,0,0,0,0,0,0,0,0,0,0,0,0,0,0,0,0,0,0,0,0,0,0,0,0,0,0,0,0,0,1,3,1,0,1,0,0,0,0,0,1,0,0,1,0,0,1,0,0,0,0,0,0,0,0,0,0,0,0,0,0,0,0,0,0,0,0,0,0,0,0,0,0,0,0,0,0,0,0,0,0,0,0,0,11,7,2,2,2,0,1,1,0,0,1,1,0,1,2,3,2,1,4,1,5,3,0,0,2,0,0,1,1,0,0,0,0,1,0,2,0,2,0,1,0,0,0,0,0,0,0,0,0,0,0,0,0,0,0,0,0,0,0,0,0,0,0,0,0,0,0,0,0,0,0,0,0,0,0,0,0,0,0,0,0,0,0,0,5,4,2,0,2,0,0,0,0,0,0,1,0,2,0,0,2,1,2,0,0,3,3,0,0,0,0,0,0,1,0,0,1,0,1,0,1,0,0,2,0,1,1,3,1,0,0,0,0,0,0,0,0,0,0,0,0,0,0,0,8,3,0,2,1,0,1,2,1,0,0,0,2,2,1,0,0,0,2,1,1,1,4,4,0,0,3,1,0,0,0,1,,,,,,,,,,,,,3,1,0,0,,,,,0.636363636,0.181818182,0,0.090909091,0.272727273,0,0,0,,,,,,,0.8,0.4,0,1,0,0,1,,1,0,1,0,0,0,0,0,0,0,0,1,0,0,1,0,1,,1,0,1,0,0,0,0,0,0,0,0,1,0,0,1,0,,,,,,,,,,,,,,,,,,,,,,,,,,,,,,,,,,,,,,,,,,,,,,,,,,,,,,,,,,,,,,,,,,,,,,,,,0.666666667,0,0.75,0.25,0.6,0.4,0.090909091,0,0.090909091,0.363636364,0.090909091,0.454545455,0,0.090909091,0,0,0.5,0.5,0,1,0,0,0,0.666666667,0,0.333333333,0,0.333333333,,,,,,,,,,,,,,,,,,,,,,,,,,,,,1,,1,0,1,0,0,0,0,0.4,0.2,0.4,0,0,,,,,1,0,0.333333333,0,0.333333333,0,0,0.666666667,0,0,3,1,1,,,0,,,0,0.375,0,0.727272727,2,1,0.090909091,1,0.5,0.181818182,2.083333333,1,DJ Stephens,CB UCAM Murcia,1334,16,FALSE
SPAIN,2024-2025,59102,17,0,0,0,0,0,0,0,0,0,0,0,0,0,0,0,0,0,0,0,0,0,0,0,0,0,0,0,0,0,0,0,0,0,0,0,0,0,0,0,0,0,0,0,0,0,0,0,0,0,0,0,0,0,0,0,0,0,0,0,0,0,0,0,0,0,0,0,0,0,0,0,0,0,0,0,0,0,0,0,0,0,0,0,0,0,0,0,0,0,0,0,0,0,0,0,0,0,0,0,0,0,0,0,0,0,0,0,0,0,0,0,0,0,0,0,0,0,0,0,0,0,0,0,0,0,0,0,0,0,0,0,0,0,0,0,0,0,0,0,0,0,0,0,0,0,0,0,0,0,0,0,0,0,0,0,0,0,0,0,0,0,0,37,4,2,7,2,0,7,0,0,0,1,0,0,0,0,2,7,0,9,0,28,1,0,0,0,0,0,0,0,0,0,0,0,0,0,0,0,0,0,1,0,0,0,0,0,0,0,0,0,0,0,0,0,0,0,0,0,0,0,0,0,0,0,1,0,0,1,0,0,1,0,0,0,0,0,1,0,1,0,1,0,0,0,0,25,2,1,2,1,0,2,0,0,0,0,0,0,1,2,0,3,0,22,0,0,10,2,1,4,1,0,4,0,0,0,0,0,0,1,4,0,5,0,5,0,0,0,0,0,0,0,0,0,0,0,0,0,0,0,0,0,0,0,0,17,4,2,2,0,0,9,0,0,2,0,0,11,0,0,3,0,0,0,0,0,0,4,9,0,0,,,,,,,,,,,,,,,,,,,,,,,,,,,0.108108108,0.054054054,0,0,0.054054054,0,0,0,,,,0,0,0,0.08,0.04,0,0.2,0.1,0,,,,,,,,,,,,,,,,,,,,,,,,,,,,,,,,,,,,,,,,,,,,,,,,,,,,,,,,,,,,,,,,,,,,,,,,,,,,,,,,,,,,,,,,,,,,,,,,,,,,,,,,,,,,,0.222222222,,1,0,0.222222222,0.777777778,0,0,0,0.243243243,0,0.756756757,0,0.027027027,,,,,,,0,0,0,0,0,1,0,0,,,,,,,,,,,,,,,0,,1,0,0,1,0,0,0,1,0,0,0,1,0.333333333,,1,0,0.333333333,0.666666667,0,0,0,0.12,0,0.88,0,0,0.2,,1,0,0.2,0.8,0,0,0,0.5,0,0.5,0,0,,,,,,,,,,0.235294118,0.117647059,0.459459459,0,0,0.243243243,0,0,0.297297297,,0.444444444,Michael Ruzic,Club Joventut Badalona,1336,17,FALSE
SPAIN,2024-2025,34905,12,5,4,2,2,2,0,2,0,1,1,2,0,0,0,0,0,0,0,0,2,3,0,0,0,4,0,0,0,0,0,0,0,0,0,0,0,0,0,0,0,0,0,0,0,0,0,0,0,0,0,0,0,0,0,4,2,1,2,1,0,2,0,0,1,0,0,2,1,3,0,3,0,0,0,0,0,0,0,0,0,0,0,0,0,0,0,0,0,0,0,0,0,0,0,0,0,0,0,0,0,0,0,0,0,0,0,0,0,1,2,1,0,1,0,0,0,0,0,1,0,0,1,0,0,1,0,0,0,0,0,0,0,0,0,0,0,0,0,0,0,0,0,0,0,0,0,0,0,0,0,0,0,0,0,0,0,0,0,0,0,0,0,2,0,0,0,0,0,0,0,0,0,0,0,0,0,0,0,0,0,0,0,2,1,0,0,0,0,0,0,0,0,0,0,0,0,0,0,0,0,0,1,0,0,0,0,0,0,0,0,0,0,0,0,0,0,0,0,0,0,0,0,0,0,0,0,0,0,0,0,0,0,0,0,0,0,0,0,0,0,0,0,0,0,0,0,1,0,0,0,0,0,0,0,0,0,0,0,0,0,0,0,0,0,1,0,0,0,0,0,0,0,0,0,0,0,0,0,0,0,0,0,0,0,0,0,0,0,3,4,2,0,0,1,0,0,0,0,0,0,2,0,0,2,0,0,2,0,0,0,0,0,0,0,0,0,0,0,0,0,0,0,0,0,4,4,0,0,0,0,0,0,0.8,0.4,0.2,0,0,0.4,0.5,0.25,0.25,0,,,,,,,,,2,1,0,0,,,,,0,0,0,0,0,0,0,0,,,,,,,0,0,0,,,,0.5,,1,0,0.4,0.6,0,0,0,0,0,0,0,0.8,0,0,0.2,0.4,1,,1,0,1,0,0,0,0,0,0,0,0,1,0,0,1,0,,,,,,,,,,,,,,,,,,,0.333333333,,1,0,0.25,0.75,0,0,0,0,0,0,0,0.75,0,0,0,0.5,,,,,,,,,,,,,,,,,,,,,,,,,,,,,,,,,,,,,,,,,,,0,0,0,0,0,1,0,0,,,,,,,0,0,0,0,0,1,0,0,,,,,,,,,,,,,,,,,,,,,,,,,,,,,,,,,,,0,0,0,0,0,1,0,0,,,,,,,,,,,,,,,1.333333333,0.666666667,0.6,,,0,0,0,0.4,0,0,1,,,0,,,0,1,,Henri Drell,Lenovo Tenerife,1333,12,FALSE
SPAIN,2024-2025,59293,16,0,0,0,0,0,0,0,0,0,0,0,0,0,0,0,0,0,0,0,0,0,0,0,0,0,0,0,0,0,0,0,0,0,0,0,0,0,0,0,0,0,0,0,0,0,0,0,0,0,0,0,0,0,0,0,0,0,0,0,0,0,0,0,0,0,0,0,0,0,0,0,0,0,0,0,0,0,0,0,0,0,0,0,0,0,0,0,0,0,0,0,0,0,0,0,0,0,0,0,0,0,0,0,0,0,0,0,0,0,0,0,0,0,0,0,0,0,0,0,0,0,0,0,0,0,0,0,0,0,0,0,0,0,0,0,0,0,0,0,0,0,0,0,0,0,0,0,0,0,0,0,0,0,0,0,0,0,0,0,0,0,0,22,3,0,2,0,0,0,2,1,0,0,1,0,1,3,1,3,2,2,1,16,6,0,0,0,0,0,0,0,0,1,0,1,0,0,1,0,0,1,4,0,0,0,0,0,0,0,0,0,0,0,0,0,0,0,0,0,0,0,0,0,0,0,0,0,0,0,0,0,0,0,0,0,0,0,0,0,0,0,0,0,0,0,0,7,3,0,1,0,0,0,1,1,0,0,1,0,1,1,1,1,0,5,0,1,9,0,0,1,0,0,0,1,0,0,0,1,0,0,1,1,1,0,7,0,0,0,0,0,0,0,0,0,0,0,0,0,0,0,0,0,0,0,0,11,0,0,2,0,0,5,3,0,0,1,0,6,0,0,0,0,1,0,0,0,0,0,2,0,0,,,,,,,,,,,,,,,,,,,,,,,,,,,0.136363636,0,0.045454545,0.045454545,0.045454545,0,0,0.166666667,,,,,,,0.428571429,0,0,0,0,0,,,,,,,,,,,,,,,,,,,,,,,,,,,,,,,,,,,,,,,,,,,,,,,,,,,,,,,,,,,,,,,,,,,,,,,,,,,,,,,,,,,,,,,,,,,,,,,,,,,,,,,,,,,,,,0,0,1,0.25,0.75,0.090909091,0,0.045454545,0.090909091,0.045454545,0.727272727,0,0,,,,,0,1,0,0,0,0,0.166666667,0.666666667,0,0,,,,,,,,,,,,,,,,,,,,,,,,,,,,,,0,0,1,0.5,0.5,0.142857143,0,0.142857143,0.142857143,0,0.714285714,0,0,,0,0,1,0,1,0.111111111,0,0,0.111111111,0,0.777777778,0,0,,,,,,,,,,0,0,0.5,0.6,0,0.227272727,0,0,0.272727273,,0,Edgar Vicedo,Coviran Granada,1319,16,FALSE
SPAIN,2024-2025,35806,33,202,133,24,57,19,5,49,8,24,18,3,26,14,12,9,17,93,35,58,66,81,56,15,41,81,37,0,0,0,0,0,0,0,0,0,0,0,0,0,0,0,0,0,0,0,0,0,0,0,0,0,0,0,0,35,19,4,10,2,2,9,1,3,3,3,16,1,10,13,9,14,7,0,2,1,2,1,2,7,6,10,1,0,0,0,0,0,0,0,0,0,0,1,0,0,0,1,0,0,0,0,0,0,0,0,1,0,1,131,94,15,33,15,0,30,3,20,18,14,61,2,47,51,37,48,24,0,10,10,6,14,9,28,22,39,35,20,5,14,2,3,10,4,3,3,1,15,0,9,17,9,19,6,0,2,1,1,2,4,5,7,8,10,3,1,2,0,1,0,2,0,1,0,0,0,0,1,2,2,1,3,0,5,3,0,0,1,0,0,0,1,0,0,1,0,0,1,1,0,1,0,1,0,0,0,0,0,0,0,0,0,0,0,0,0,0,0,0,0,0,0,0,0,0,0,0,0,0,0,0,0,0,0,0,0,0,0,0,0,0,0,0,0,0,0,0,2,0,0,0,0,0,0,0,0,0,0,0,0,0,0,0,0,0,2,0,0,5,3,1,1,0,1,0,1,0,0,0,1,0,1,1,1,2,0,2,0,0,107,61,15,30,7,13,29,21,4,10,3,3,66,51,5,17,16,8,5,0,0,2,0,0,0,0,0,0,0,0,5,3,1,0,0,0,53,81,27,16,3,3,0,0,0.658415842,0.118811881,0.118811881,0.128712871,0.277227723,0.326732673,0.542857143,0.114285714,0.085714286,0.085714286,,,,,0,0,0,0,0.717557252,0.114503817,0.13740458,0.152671756,0.571428571,0.142857143,0.085714286,0.085714286,0.3,0.1,0,0,0.2,0,0,0,,,,,,,0,0,0,0.6,0.2,0,0.279411765,0.384615385,0.839506173,0.160493827,0.448979592,0.551020408,0.277227723,0.069306931,0.059405941,0.044554455,0.084158416,0.173267327,0.287128713,0.400990099,0.183168317,0,0.089108911,0.014851485,0.333333333,0,0.9375,0.0625,0.479591837,0.520408163,0.282442748,0.076335878,0.076335878,0.045801527,0.106870229,0.167938931,0.297709924,0.366412214,0.183206107,0,0.106870229,0.015267176,0.166666667,0.428571429,0.631578947,0.368421053,0.346153846,0.653846154,0.257142857,0.057142857,0.028571429,0.028571429,0.057142857,0.2,0.228571429,0.542857143,0.171428571,0,0.028571429,0,0.181818182,0.666666667,0.785714286,0.214285714,0.434782609,0.565217391,0.257142857,0.057142857,0.028571429,0.057142857,0.028571429,0.171428571,0.285714286,0.4,0.2,0,0.085714286,0.028571429,,,,,,,1,0,0,0,0,0,1,0,0,0,0,0,,,,,,,,,,,,,,,,,,,,0.333333333,0,1,0.5,0.5,0.1,0,0,0.3,0,0.5,0.1,0,,0,0,1,0.5,0.5,0,0,0,0.333333333,0,0.333333333,0.333333333,0,,,,,,,,,,,,,,,,,,,,,,,,,,,,,,,,,,,0,0,0,0,0,1,0,0,,0.5,0,1,0.5,0.5,0.2,0,0,0.4,0,0.4,0,0,0.570093458,0.140186916,0.52970297,0.724137931,0.137931034,0.143564356,0.772727273,0.075757576,0.326732673,0,0,0.5,,,0,0.6,0.2,0.5,0.742894057,1,Retin Obasohan,BAXI Manresa,1330,33,FALSE
SPAIN,2024-2025,59259,29,2,2,0,0,0,0,0,0,1,1,0,1,1,0,0,1,1,0,1,2,1,1,0,1,0,0,0,0,0,0,0,0,0,0,0,0,0,0,0,0,0,0,0,0,0,0,0,0,0,0,0,0,0,0,1,0,0,0,0,0,0,0,0,1,1,0,0,1,1,0,0,0,0,0,0,0,0,0,0,0,0,0,0,0,0,0,0,0,0,0,0,0,0,0,0,0,0,0,0,0,0,0,0,0,0,0,0,0,1,2,0,0,0,0,0,0,1,0,0,1,0,1,0,1,0,0,0,1,0,0,1,0,1,0,1,0,0,0,0,0,0,0,0,0,0,0,0,0,0,0,0,0,0,0,0,0,0,0,0,0,0,0,111,45,20,18,17,3,16,2,4,2,1,1,1,0,8,23,22,7,38,1,60,19,4,2,3,2,0,3,0,0,0,1,0,1,3,3,0,5,0,13,0,0,1,2,1,0,1,0,0,0,0,0,0,0,0,1,0,0,1,0,0,0,0,0,0,0,0,0,0,0,0,0,0,0,0,0,0,0,0,0,0,0,0,0,56,27,12,7,11,1,5,2,1,4,1,7,0,14,11,6,19,1,26,1,0,34,12,5,8,3,2,8,0,0,0,0,1,0,5,8,1,13,0,20,0,0,0,0,0,0,0,0,0,0,0,0,0,0,2,2,0,0,1,1,86,35,16,16,0,4,12,8,3,1,1,0,13,2,1,1,0,0,0,0,0,0,43,38,0,0,1,0,0.5,0.5,0.5,1,0,0,1,0,,,,,,,,,2,0,0,1,,,,,0.405405405,0.18018018,0.036036036,0.009009009,0.207207207,0.210526316,0.105263158,0,2,1,0,,,,0.482142857,0.214285714,0.071428571,0.352941176,0.147058824,0,,,,,0.666666667,0.333333333,0.5,0.5,0,0,0.5,0,0.5,0,0,0,0.5,0,,,,,1,0,1,1,0,0,1,0,1,0,0,0,0,0,,,,,,,,,,,,,,,,,,,,,,,0.5,0.5,0,0,0,0,0,0,0,0,0,0,1,0,,,,,,,,,,,,,,,,,,,,,,,,,,,,,,,,,,,,,0.515151515,0.6,0.868421053,0.131578947,0.511111111,0.488888889,0.063063063,0.009009009,0,0.342342342,0.009009009,0.540540541,0.018018018,0.009009009,0.4,,1,0,0.5,0.5,0,0,0,0.263157895,0,0.684210526,0.052631579,0.052631579,1,,1,0,1,0,0,0,0,1,0,0,0,0,,,,,,,,,,,,,,,0.6875,0.333333333,0.842105263,0.157894737,0.56,0.44,0.107142857,0.017857143,0,0.339285714,0.017857143,0.464285714,0.017857143,0,0.272727273,1,0.846153846,0.153846154,0.384615385,0.615384615,0.029411765,0,0,0.382352941,0,0.588235294,0,0,,,0,,,0,1,0,1,0.406976744,0.186046512,0.774774775,0.666666667,0.25,0.108108108,0.153846154,0.076923077,0.117117117,,1.131578947,Nemanja Radovic,CB UCAM Murcia,1334,29,FALSE
SPAIN,2024-2025,59109,24,43,21,2,8,2,0,8,0,7,2,1,6,3,3,2,4,29,12,17,10,15,14,3,11,10,15,0,0,0,0,0,0,0,0,0,0,0,0,0,0,0,0,0,0,0,0,0,0,0,0,0,0,0,0,12,6,0,6,0,0,6,0,2,1,0,5,0,2,7,2,6,3,0,0,2,0,2,0,2,3,2,0,0,0,0,0,0,0,0,0,0,0,0,0,0,0,0,0,0,0,0,0,0,0,0,0,0,0,24,11,1,1,1,0,1,0,3,3,2,20,1,6,4,11,2,9,0,2,1,2,1,3,8,8,12,7,4,1,1,1,0,1,0,1,3,0,4,0,2,4,1,2,3,0,1,0,0,1,0,1,1,3,1,0,0,0,0,0,0,0,0,0,0,0,0,0,0,0,0,0,0,0,1,0,0,0,0,0,0,0,0,0,0,0,0,0,0,0,0,0,0,0,0,0,0,0,0,0,0,0,0,0,0,0,0,0,0,0,0,0,0,0,0,0,0,0,0,0,0,0,0,0,0,0,0,0,0,0,0,0,0,0,0,0,0,0,1,0,0,0,0,0,0,0,0,0,0,0,0,0,0,0,0,0,1,0,0,0,0,0,0,0,0,0,0,0,0,0,0,0,0,0,0,0,0,0,0,0,24,6,1,5,1,6,7,6,0,1,2,1,12,9,1,2,3,0,0,0,0,0,0,0,0,0,0,0,0,0,1,0,0,0,0,0,4,10,2,2,0,0,0,0,0.488372093,0.046511628,0.162790698,0.139534884,0.325581395,0.23255814,0.5,0,0.083333333,0.166666667,,,,,,,,,0.458333333,0.041666667,0.125,0.125,0.571428571,0.142857143,0.428571429,0.142857143,0,0,0,0,0,,,,,,,,,,0,0,0,,,,0.2,,1,0,0.4,0.6,0.325581395,0.069767442,0.069767442,0.046511628,0.093023256,0.279069767,0.395348837,0.23255814,0.348837209,0,0.046511628,0.023255814,0.5,,1,0,0.6,0.4,0.458333333,0.083333333,0.041666667,0.083333333,0.041666667,0.333333333,0.5,0.083333333,0.375,0,0.083333333,0.041666667,0.5,,1,0,0.333333333,0.666666667,0.142857143,0.142857143,0,0,0.142857143,0.142857143,0.428571429,0.285714286,0.428571429,0,0,0,0,,1,0,0.222222222,0.777777778,0.166666667,0,0.166666667,0,0.166666667,0.25,0.166666667,0.5,0.25,0,0,0,,,,,,,,,,,,,,,,,,,,,,,,,,,,,,,,,,,,,,,,,,,0,0,0,0,0,1,0,0,,,,,,,,,,,,,,,,,,,,,,,,,,,,,,,,,,,,,,,,,,,,,,,,,0,0,0,0,0,1,0,0,,,,,,,,,,,,,,,0.25,0.041666667,0.558139535,0.857142857,0,0.162790698,0.75,0.083333333,0.279069767,,,0,,,0,0,0,1,0.551470588,,Erik Quintela,Leche Rio Breogan,1322,24,FALSE
SPAIN,2024-2025,59194,32,4,0,0,1,0,0,1,0,1,1,0,0,0,0,0,0,2,2,0,1,2,2,2,0,1,0,0,0,0,0,0,0,0,0,0,0,0,0,0,0,0,0,0,0,0,0,0,0,0,0,0,0,0,0,0,0,0,0,0,0,0,0,0,0,0,0,0,0,0,0,0,0,0,0,0,0,0,0,0,0,0,0,0,0,0,0,0,0,0,0,0,0,0,0,0,0,0,0,0,0,0,0,0,0,0,0,0,0,4,0,0,1,0,0,1,0,0,1,1,2,0,1,2,2,1,0,0,0,0,0,0,2,0,2,0,0,0,0,0,0,0,0,0,0,0,0,0,0,0,0,0,0,0,0,0,0,0,0,0,0,0,0,50,13,4,6,4,0,4,2,3,0,0,2,1,1,5,6,9,4,10,1,33,22,11,3,2,3,0,2,0,2,1,0,3,0,5,3,2,5,1,14,1,1,0,0,0,0,0,0,0,0,0,0,0,0,0,0,0,0,0,0,0,0,0,0,0,0,0,0,0,0,0,0,0,0,0,0,0,0,0,0,0,0,0,0,11,2,1,1,1,0,0,1,0,2,0,1,0,1,3,1,2,0,6,0,0,17,0,0,3,0,0,2,1,0,0,0,1,0,0,3,1,3,0,13,0,0,2,0,0,1,0,1,1,0,0,0,0,0,1,0,0,0,0,0,29,6,3,4,0,1,5,2,1,0,0,1,16,5,0,2,2,1,0,1,0,0,8,10,0,0,0,0,0.25,0,0.5,0.25,,,,,,,,,,,,,0,0,0.25,0,,,,,0.26,0.08,0.06,0.04,0.12,0.5,0.136363636,0.045454545,,,,,,,0.181818182,0.090909091,0.181818182,0,0,0,0,,1,0,0.333333333,0.666666667,0.5,0,0,0,0,0.5,0,0.25,0,0,0.25,0,0,,1,0,0.333333333,0.666666667,0.5,0,0,0,0,0.5,0,0.25,0,0,0.25,0,,,,,,,,,,,,,,,,,,,,,,,,,,,,,,,,,,,,,,,,,,,,,,,,,,,,,,,,,,,,,,,,,,,,,,,,,0.5,0,0.8,0.2,0.4,0.6,0.08,0.02,0.02,0.2,0.02,0.66,0,0,0.6,,1,0,0.625,0.375,0.090909091,0.045454545,0.045454545,0.227272727,0.045454545,0.636363636,0,0,,,,,,,,,,,,,,,,,,,,,,,,,,,,,1,0,0.5,0.5,0.25,0.75,0.090909091,0,0,0.181818182,0,0.545454545,0,0,0,0,0.666666667,0.333333333,0,1,0.058823529,0,0,0.176470588,0,0.764705882,0,0,0,0,0.5,0,0,0.25,0,0,0.25,0.206896552,0.103448276,0.58,0.4,0.2,0.1,0.3125,0,0.32,0,0.8,Melvin Ejim,Malaga,1339,32,FALSE
SPAIN,2024-2025,58880,40,81,57,7,12,6,1,6,6,7,2,1,17,10,7,11,6,58,37,21,26,19,38,23,15,19,20,0,1,0,0,0,0,0,0,0,0,0,0,1,0,0,0,1,0,0,0,0,0,0,0,1,0,1,0,19,18,3,4,2,1,1,3,4,0,0,12,0,7,4,7,7,5,0,1,3,1,3,3,4,8,4,1,0,0,0,0,0,0,0,0,0,0,1,0,0,0,1,0,0,0,0,0,0,0,0,1,0,1,57,35,3,8,3,0,5,3,12,7,1,43,1,16,15,28,11,15,0,8,4,9,3,18,10,27,16,3,4,1,0,1,0,0,0,1,0,1,1,0,3,0,1,1,0,0,1,0,1,0,1,0,1,0,48,18,4,8,1,3,0,8,0,1,0,3,2,1,8,8,8,7,12,1,27,14,6,2,4,0,2,0,4,0,0,1,0,0,3,4,0,6,0,7,0,0,0,0,0,0,0,0,0,0,0,0,0,0,0,0,0,0,0,0,0,0,0,0,0,0,0,0,0,0,0,0,0,0,0,0,0,0,0,0,0,0,0,0,21,12,2,3,1,1,0,3,3,0,0,4,0,5,3,4,5,0,12,2,1,13,0,0,1,0,0,0,1,0,0,0,4,0,0,1,3,1,1,8,0,0,42,28,4,6,8,5,10,4,0,1,2,0,29,25,3,5,7,2,40,18,4,7,3,0,2,0,0,0,0,0,6,0,0,1,0,0,15,19,2,1,11,12,0,0,0.703703704,0.086419753,0.086419753,0.209876543,0.469135802,0.320987654,0.947368421,0.157894737,0,0.210526316,0,0,0,0,0,0,0,0,0.614035088,0.052631579,0.122807018,0.210526316,1.333333333,0.333333333,0,0.333333333,0.375,0.083333333,0,0.0625,0.166666667,0.428571429,0.142857143,0,,,,,,,0.571428571,0.095238095,0,0,0,0,0.5,0.142857143,0.631578947,0.368421053,0.577777778,0.422222222,0.469135802,0.12345679,0.086419753,0.135802469,0.074074074,0.456790123,0.259259259,0.234567901,0.24691358,0,0.024691358,0.012345679,0.375,0,0.727272727,0.272727273,0.516129032,0.483870968,0.49122807,0.140350877,0.070175439,0.157894737,0.052631579,0.473684211,0.280701754,0.192982456,0.263157895,0,0.01754386,0.01754386,1,,1,0,1,0,0.333333333,0.333333333,0,0.333333333,0,0.333333333,0,0.333333333,0,0,0.333333333,0,0.666666667,0.25,0.428571429,0.571428571,0.636363636,0.363636364,0.368421053,0.052631579,0.157894737,0.052631579,0.157894737,0.421052632,0.210526316,0.368421053,0.263157895,0,0,0,,,,,,,1,0,0,0,0,0,1,0,0,0,0,0,,,,,,,1,0,0,0,0,1,0,0,0,0,0,0,1,0.272727273,0.083333333,0.916666667,0.5,0.5,0.145833333,0.041666667,0.020833333,0.25,0.020833333,0.5625,0.020833333,0,,0.333333333,0,1,0.428571429,0.571428571,0,0,0,0.428571429,0,0.5,0.071428571,0,,,,,,,,,,,,,,,,,,,,,,,,,,,,,1,0.25,0.2,0.8,0.625,0.375,0.19047619,0.095238095,0.047619048,0.238095238,0,0.571428571,0,0,,0,0,1,0,1,0.230769231,0,0,0.076923077,0.076923077,0.615384615,0,0,0.666666667,0.095238095,0.518518519,0.4,0,0.12345679,0.862068966,0.103448276,0.358024691,0.45,0.1,0.833333333,0,0,0.041666667,0,0,0.125,0.804828974,0.916666667,Tyler Kalinosky,Malaga,1339,40,FALSE
SPAIN,2024-2025,59297,5,0,0,0,0,0,0,0,0,0,0,0,0,0,0,0,0,0,0,0,0,0,0,0,0,0,0,0,0,0,0,0,0,0,0,0,0,0,0,0,0,0,0,0,0,0,0,0,0,0,0,0,0,0,0,0,0,0,0,0,0,0,0,0,0,0,0,0,0,0,0,0,0,0,0,0,0,0,0,0,0,0,0,0,0,0,0,0,0,0,0,0,0,0,0,0,0,0,0,0,0,0,0,0,0,0,0,0,0,0,0,0,0,0,0,0,0,0,0,0,0,0,0,0,0,0,0,0,0,0,0,0,0,0,0,0,0,0,0,0,0,0,0,0,0,0,0,0,0,0,0,0,0,0,0,0,0,0,0,0,0,0,0,1,0,0,1,0,0,1,0,0,0,0,0,0,0,0,0,1,0,1,0,0,0,0,0,0,0,0,0,0,0,0,0,0,0,0,0,0,0,0,0,0,0,0,0,0,0,0,0,0,0,0,0,0,0,0,0,0,0,0,0,0,0,0,0,0,0,0,0,0,0,0,0,0,0,0,0,0,0,0,0,0,0,0,0,1,0,0,1,0,0,1,0,0,0,0,0,0,0,1,0,1,0,0,0,0,0,0,0,0,0,0,0,0,0,0,0,0,0,0,0,0,0,0,0,0,0,0,0,0,0,0,0,0,0,0,0,0,0,0,0,0,0,0,0,0,0,0,0,0,0,1,0,0,1,0,0,0,0,0,0,0,0,0,0,0,0,0,1,0,0,,,,,,,,,,,,,,,,,,,,,,,,,,,0,0,0,0,0,,,,,,,,,,0,0,0,,,,,,,,,,,,,,,,,,,,,,,,,,,,,,,,,,,,,,,,,,,,,,,,,,,,,,,,,,,,,,,,,,,,,,,,,,,,,,,,,,,,,,,,,,,,,,,,,,,,,,,,,,,,,,,,0,,1,0,0,1,0,0,0,1,0,0,0,0,,,,,,,,,,,,,,,,,,,,,,,,,,,,,,,,,,,,,,,,,,,0,,1,0,0,1,0,0,0,1,0,0,0,0,,,,,,,,,,,,,,,,,,,,,,,,,,0,0,0,1,,,0,,0,Omar Thiam,Leyma Coruna,1321,5,FALSE
SPAIN,2024-2025,59300,6,0,0,0,0,0,0,0,0,0,0,0,0,0,0,0,0,0,0,0,0,0,0,0,0,0,0,0,0,0,0,0,0,0,0,0,0,0,0,0,0,0,0,0,0,0,0,0,0,0,0,0,0,0,0,0,0,0,0,0,0,0,0,0,0,0,0,0,0,0,0,0,0,0,0,0,0,0,0,0,0,0,0,0,0,0,0,0,0,0,0,0,0,0,0,0,0,0,0,0,0,0,0,0,0,0,0,0,0,0,0,0,0,0,0,0,0,0,0,0,0,0,0,0,0,0,0,0,0,0,0,0,0,0,0,0,0,0,0,0,0,0,0,0,0,0,0,0,0,0,0,0,0,0,0,0,0,0,0,0,0,0,0,14,0,0,1,0,0,1,0,0,0,0,0,0,0,0,0,1,0,1,0,13,2,0,0,0,0,0,0,0,0,0,0,0,0,0,0,0,0,0,2,0,0,0,0,0,0,0,0,0,0,0,0,0,0,0,0,0,0,0,0,0,0,0,0,0,0,0,0,0,0,0,0,0,0,0,0,0,0,0,0,0,0,0,0,5,0,0,0,0,0,0,0,0,0,0,0,0,0,0,0,0,0,5,0,0,7,0,0,1,0,0,1,0,0,0,0,0,0,0,1,0,1,0,6,0,0,0,0,0,0,0,0,0,0,0,0,0,0,0,0,0,0,0,0,12,0,0,1,0,0,1,0,0,0,0,0,1,0,0,0,0,0,0,0,0,0,0,1,0,0,,,,,,,,,,,,,,,,,,,,,,,,,,,0,0,0,0,0,0,0,0,,,,,,,0,0,0,0,0,0,,,,,,,,,,,,,,,,,,,,,,,,,,,,,,,,,,,,,,,,,,,,,,,,,,,,,,,,,,,,,,,,,,,,,,,,,,,,,,,,,,,,,,,,,,,,,,,,,,,,,,,,,,,,,0,,1,0,0,1,0,0,0,0.071428571,0,0.928571429,0,0,,,,,,,0,0,0,0,0,1,0,0,,,,,,,,,,,,,,,,,,,,,,,,,,,,,,,,,,,0,0,0,0,0,1,0,0,0,,1,0,0,1,0,0,0,0.142857143,0,0.857142857,0,0,,,,,,,,,,0,0,0.857142857,0,0,0.071428571,0,0,0.071428571,,0,Ondrej Hustak,BAXI Manresa,1330,6,FALSE
SPAIN,2024-2025,59115,39,10,14,5,2,4,1,2,0,1,0,0,1,0,1,0,1,2,1,1,6,3,1,0,1,7,1,0,0,0,0,0,0,0,0,0,0,0,0,0,0,0,0,0,0,0,0,0,0,0,0,0,0,0,0,4,7,2,0,2,0,0,0,1,1,0,1,0,3,1,1,2,0,0,0,1,0,1,0,1,0,1,0,0,0,0,0,0,0,0,0,0,0,0,0,0,0,0,0,0,0,0,0,0,0,0,0,0,0,4,4,2,1,2,0,1,0,0,0,0,1,0,2,1,0,3,1,0,0,0,0,0,0,0,1,0,2,3,1,1,0,1,1,0,0,0,0,0,0,1,1,0,2,0,0,0,0,0,0,0,0,0,0,25,0,0,1,0,0,1,0,0,0,0,0,0,0,1,0,1,1,1,0,23,7,0,0,1,0,0,1,0,0,0,0,0,0,0,1,0,1,0,6,0,0,1,0,0,0,0,0,0,0,0,0,0,1,0,0,0,1,0,0,0,0,0,0,0,0,0,0,0,0,0,0,0,0,0,0,0,0,0,0,0,0,0,0,10,0,0,0,0,0,0,0,0,0,0,0,0,0,0,0,0,0,10,0,0,7,0,0,0,0,0,0,0,0,0,0,0,0,0,0,0,0,0,7,0,0,6,9,3,2,1,0,0,0,0,0,0,0,4,5,2,0,0,1,22,0,0,1,0,0,1,0,0,0,0,0,2,0,0,0,0,0,11,7,0,0,0,1,0,0,1.4,0.5,0.1,0.1,0.1,0.6,1.75,0.5,0.25,0.25,,,,,,,,,1,0.5,0,0,1.5,0.5,0,0,0,0,0,0,0,0,0,0,0,0,0,,,,0,0,0,0,0,0,0.666666667,1,0.857142857,0.142857143,0.666666667,0.333333333,0.1,0,0.1,0,0.1,0.1,0.1,0.7,0.1,0,0,0,0.666666667,,1,0,0.666666667,0.333333333,0,0,0,0,0,0.25,0,0.75,0.25,0,0,0,0,1,0.5,0.5,0.5,0.5,0,0,0,0,0,0,0,1,0,0,0,0,1,,1,0,0.75,0.25,0.25,0,0.25,0,0.25,0,0.25,0.5,0,0,0,0,,,,,,,,,,,,,,,,,,,,,,,,,,,,,,,,,,,,,0,,1,0,0,1,0.04,0,0,0.04,0,0.92,0,0,0,,1,0,0,1,0,0,0,0.142857143,0,0.857142857,0,0,,,,,,,1,0,0,0,0,0,0,0,,,,,,,,,,,,,,,,,,,,,0,0,0,0,0,1,0,0,,,,,,,0,0,0,0,0,1,0,0,1.5,0.5,0.6,,,0,1.25,0.5,0.4,0,0,0.88,0,0,0.04,0,0,0.08,1.571428571,0,Thomas Scrubb,Lenovo Tenerife,1333,39,FALSE
SPAIN,2024-2025,59239,11,1,0,0,0,0,0,0,0,1,0,0,0,0,0,0,0,1,1,0,0,1,0,0,0,0,1,0,0,0,0,0,0,0,0,0,0,0,0,0,0,0,0,0,0,0,0,0,0,0,0,0,0,0,0,0,0,0,0,0,0,0,0,0,0,0,0,0,0,0,0,0,0,0,0,0,0,0,0,0,0,0,0,0,0,0,0,0,0,0,0,0,0,0,0,0,0,0,0,0,0,0,0,0,0,0,0,0,0,0,0,0,0,0,0,0,0,0,0,0,0,0,0,0,0,0,0,0,0,0,0,0,0,0,0,0,1,0,0,0,0,0,0,0,0,1,0,1,0,0,1,0,0,1,0,0,0,0,0,0,0,1,0,25,0,0,2,0,0,1,1,1,0,0,0,0,0,2,0,3,2,2,0,20,8,0,0,0,0,0,0,0,0,1,0,1,0,0,1,1,0,0,6,0,0,0,0,0,0,0,0,0,0,0,0,0,0,0,0,0,0,0,0,0,0,0,0,0,0,0,0,0,0,0,0,0,0,0,0,0,0,0,0,0,0,0,0,9,0,0,2,0,0,1,1,0,0,0,1,0,0,2,1,2,0,6,0,0,8,0,0,0,0,0,0,0,0,0,0,0,0,0,0,0,0,0,8,0,0,0,0,0,0,0,0,0,0,0,0,0,0,1,0,0,0,0,1,14,0,0,1,0,0,2,0,0,1,0,0,9,0,0,0,0,1,0,0,0,0,0,2,0,0,0,0,1,0,0,0,,,,,,,,,,,,,,,,,0,0,1,0,0,0,0.04,0,0,0,0,0.125,,,,,,,0,0,0,0,0,0,,,,,0,1,0,0,0,0,0,1,0,0,1,0,0,0,,,,,,,,,,,,,,,,,,,,,,,0,1,0,0,0,0,0,1,0,0,1,0,0,0,,,,,,,,,,,,,,,,,,,,,,,,,,,,,,,,,,,,,,,,,,,,,,,,,,,,,,,0,0,0.5,0.5,0,1,0.08,0,0,0.08,0,0.8,0,0,,,,,0,1,0.125,0,0,0,0,0.75,0,0,,,,,,,,,,,,,,,,,,,,,,,,,,,,,0,0,0.5,0.5,0,1,0.111111111,0,0,0.222222222,0,0.666666667,0,0,,,,,,,0,0,0,0,0,1,0,0,,,0,,,0,0,0,1,0,0,0.56,0,0,0.08,0,0,0.36,,0,Andrejs Grazulis,Club Joventut Badalona,1336,11,FALSE
SPAIN,2024-2025,59112,33,11,6,2,5,0,2,3,2,1,0,0,0,0,0,0,0,4,2,2,2,6,2,1,1,7,2,0,0,0,0,0,0,0,0,0,0,0,0,0,0,0,0,0,0,0,0,0,0,0,0,0,0,0,0,1,0,0,0,0,0,0,0,0,0,0,1,0,0,0,1,0,0,0,0,0,0,0,0,1,0,1,0,0,0,0,0,0,0,0,0,0,0,0,0,0,0,0,0,0,0,0,0,0,0,0,0,0,0,7,3,1,3,0,1,2,1,0,1,0,3,0,1,4,1,4,2,0,0,0,0,0,1,0,2,1,3,3,1,2,0,1,1,1,0,0,0,0,0,1,2,0,3,0,0,0,0,0,0,0,0,0,0,20,0,0,3,0,0,0,3,0,0,0,0,0,0,1,0,3,1,3,0,16,7,0,0,2,0,0,0,2,0,0,0,0,0,0,2,0,2,0,5,0,0,0,0,0,0,0,0,0,0,0,0,0,0,0,0,0,0,0,0,0,0,0,0,0,0,0,0,0,0,0,0,0,0,0,0,0,0,0,0,0,0,0,0,5,0,0,0,0,0,0,0,0,0,0,1,0,0,0,1,0,0,4,0,0,7,0,0,1,0,0,0,1,0,0,0,0,0,0,1,0,1,0,6,0,0,8,6,2,3,0,0,0,0,0,0,0,0,3,0,0,2,0,1,12,0,0,2,0,0,3,0,0,0,0,0,5,0,0,1,0,0,6,7,0,0,0,3,0,0,0.545454545,0.181818182,0.090909091,0,0.181818182,0.181818182,0,0,0,0,,,,,,,,,0.428571429,0.142857143,0.142857143,0,1,0.333333333,0,0,0,0,0,0,0,0,0,0,,,,,,,0,0,0,0,0,0,0,0.5,0.428571429,0.571428571,0.25,0.75,0.181818182,0,0,0,0,0.181818182,0.181818182,0.636363636,0.181818182,0,0,0,0,0.5,0.5,0.5,0.2,0.8,0.142857143,0,0,0,0,0.285714286,0.142857143,0.571428571,0.285714286,0,0,0,0,0.5,0.333333333,0.666666667,0.333333333,0.666666667,0,0,0,0,0,0,0,1,0,0,0,0,,,,,,,1,0,0,0,0,0,1,0,0,0,0,0,,,,,,,,,,,,,,,,,,,,,,,,,,,,,,,,,,,,,,0,0,1,0,1,0.05,0,0,0.15,0,0.8,0,0,,0,0,1,0,1,0,0,0,0.285714286,0,0.714285714,0,0,,,,,,,,,,,,,,,,,,,,,,,,,,,,,,,,,,,0.2,0,0,0,0,0.8,0,0,,0,0,1,0,1,0,0,0,0.142857143,0,0.857142857,0,0,0.75,0.25,0.727272727,,,0,0,0,0.272727273,0,0,0.6,0,0,0.15,0,0,0.25,0.857142857,0,Joan Sastre,Lenovo Tenerife,1333,33,FALSE
SPAIN,2024-2025,35009,36,370,306,48,61,38,10,41,20,25,16,4,72,35,37,26,46,245,112,133,132,86,154,56,98,109,91,0,0,0,0,0,0,0,0,0,0,0,0,0,0,0,0,0,0,0,0,0,0,0,0,0,0,0,0,56,46,8,11,5,3,5,6,10,2,2,35,1,19,13,22,19,13,0,6,4,3,7,8,14,18,17,1,0,0,0,0,0,0,0,0,0,0,1,0,0,0,0,0,1,0,0,0,0,0,0,0,1,0,198,175,25,26,23,2,21,5,44,15,12,136,3,78,41,87,51,49,0,21,23,16,28,33,54,61,75,115,85,15,24,10,5,15,9,18,8,2,73,0,35,32,45,39,28,0,8,10,7,11,15,30,32,41,24,6,1,2,0,1,1,1,0,0,0,1,0,1,3,2,2,2,3,1,18,14,3,0,1,0,0,0,1,1,0,0,2,0,1,1,1,1,1,11,0,1,0,0,0,0,0,0,0,0,0,0,0,0,0,0,0,0,0,0,0,0,0,0,0,0,0,0,0,0,0,0,0,0,0,0,0,0,0,0,0,0,0,0,2,0,0,0,0,0,0,0,0,0,0,0,0,0,0,0,0,0,2,0,0,7,3,1,1,0,1,1,0,0,0,0,1,0,1,1,1,2,0,4,0,0,253,201,32,46,47,20,46,38,5,7,9,1,71,67,11,8,16,4,15,6,1,1,1,0,4,0,0,1,0,0,5,0,0,0,0,0,106,109,26,19,3,3,0,0,0.827027027,0.12972973,0.067567568,0.194594595,0.416216216,0.356756757,0.821428571,0.142857143,0.035714286,0.178571429,,,,,0,0,0,0,0.883838384,0.126262626,0.075757576,0.222222222,0.739130435,0.130434783,0.069565217,0.156521739,0.25,0.041666667,0,0.041666667,0.083333333,0.214285714,0,0,,,,,,,0,0,0,0.428571429,0.142857143,0,0.481012658,0.333333333,0.724770642,0.275229358,0.605504587,0.394495413,0.416216216,0.094594595,0.1,0.07027027,0.124324324,0.302702703,0.359459459,0.294594595,0.245945946,0,0.043243243,0.010810811,0.522727273,0.285714286,0.862745098,0.137254902,0.655462185,0.344537815,0.439393939,0.106060606,0.116161616,0.080808081,0.141414141,0.308080808,0.378787879,0.257575758,0.247474747,0,0.060606061,0.015151515,0.4,0.357142857,0.641025641,0.358974359,0.52238806,0.47761194,0.391304348,0.069565217,0.086956522,0.060869565,0.095652174,0.27826087,0.356521739,0.339130435,0.243478261,0,0.017391304,0,0.5,0.333333333,0.526315789,0.473684211,0.59375,0.40625,0.392857143,0.107142857,0.071428571,0.053571429,0.125,0.321428571,0.303571429,0.339285714,0.232142857,0,0.035714286,0.017857143,,,,,,,0,0,0,0,0,1,0,0,1,0,0,0,,,,,,,,,,,,,,,,,,,0,0.5,0.333333333,0.666666667,0.5,0.5,0.083333333,0,0.041666667,0.125,0.041666667,0.75,0,0,,0,0,1,0.5,0.5,0.071428571,0,0.071428571,0.071428571,0.071428571,0.785714286,0,0,,,,,,,,,,,,,,,,,,,,,,,,,,,,,,,,,,,0,0,0,0,0,1,0,0,0,1,0.5,0.5,0.5,0.5,0.142857143,0,0,0.285714286,0,0.571428571,0,0,0.794466403,0.126482213,0.683783784,0.826086957,0.108695652,0.124324324,0.943661972,0.154929577,0.191891892,0.4,0.066666667,0.625,0,0,0.166666667,0,0,0.208333333,1.037861176,1,Tomas Satoransky,BC Barcelona,1340,36,FALSE
SPAIN,2024-2025,59138,34,0,0,0,0,0,0,0,0,0,0,0,0,0,0,0,0,0,0,0,0,0,0,0,0,0,0,0,0,0,0,0,0,0,0,0,0,0,0,0,0,0,0,0,0,0,0,0,0,0,0,0,0,0,0,0,0,0,0,0,0,0,0,0,0,0,0,0,0,0,0,0,0,0,0,0,0,0,0,0,0,0,0,0,0,0,0,0,0,0,0,0,0,0,0,0,0,0,0,0,0,0,0,0,0,0,0,0,0,0,0,0,0,0,0,0,0,0,0,0,0,0,0,0,0,0,0,0,0,0,0,0,0,0,0,0,0,0,0,0,0,0,0,0,0,0,0,0,0,0,0,0,0,0,0,0,0,0,0,0,0,0,0,278,61,24,2,24,0,2,0,8,14,0,5,2,3,17,38,10,11,26,6,224,29,4,2,0,2,0,0,0,0,0,2,0,0,3,0,0,2,0,26,0,0,3,0,0,0,0,0,0,0,0,0,0,1,0,0,0,1,0,0,2,0,0,3,2,1,0,1,0,0,0,0,0,0,0,0,1,0,0,1,0,2,0,0,147,51,19,1,19,0,1,0,5,8,10,14,0,31,9,9,20,5,104,2,3,91,4,2,0,2,0,0,0,0,0,2,2,0,3,0,1,2,1,86,0,0,0,0,0,0,0,0,0,0,0,0,0,0,0,0,0,0,0,0,186,45,17,2,4,5,31,6,3,0,0,1,61,10,4,0,1,2,0,0,0,0,48,26,0,0,,,,,,,,,,,,,,,,,,,,,,,,,,,0.21942446,0.086330935,0.028776978,0.017985612,0.136690647,0.137931034,0.068965517,0,0,0,0,0.666666667,0.333333333,0,0.346938776,0.129251701,0.054421769,0.043956044,0.021978022,0,,,,,,,,,,,,,,,,,,,,,,,,,,,,,,,,,,,,,,,,,,,,,,,,,,,,,,,,,,,,,,,,,,,,,,,,,,,,,,,,,,,,,,,,,,,,,,,,,,,,,,,,,,,,,0.923076923,,1,0,0.791666667,0.208333333,0.039568345,0.007194245,0.010791367,0.09352518,0.021582734,0.805755396,0.050359712,0,1,,1,0,1,0,0,0,0,0.068965517,0,0.896551724,0.068965517,0,,,,,,,0.333333333,0,0,0,0,0.666666667,0,0,1,,1,0,1,0,0,0,0,0.333333333,0,0.666666667,0,0,0.95,,1,0,0.775,0.225,0.06122449,0.013605442,0.020408163,0.136054422,0.034013605,0.707482993,0.068027211,0,1,,1,0,1,0,0.010989011,0,0,0.021978022,0.010989011,0.945054945,0.021978022,0,,,,,,,,,,0.241935484,0.091397849,0.669064748,0.193548387,0.096774194,0.111510791,0.163934426,0.06557377,0.21942446,,1.846153846,Khalifa Diop,Bitci Baskonia,1326,34,FALSE
SPAIN,2024-2025,35523,9,48,41,12,9,5,7,5,4,6,1,0,4,3,1,3,1,23,12,11,17,15,15,8,7,21,8,0,0,0,0,0,0,0,0,0,0,0,0,0,0,0,0,0,0,0,0,0,0,0,0,0,0,0,0,4,6,2,1,0,2,1,0,0,1,0,0,0,2,2,0,3,0,0,0,0,0,0,0,0,0,0,0,0,0,0,0,0,0,0,0,0,0,0,0,0,0,0,0,0,0,0,0,0,0,0,0,0,0,35,21,6,8,5,1,4,4,3,4,1,19,0,10,12,13,14,6,0,2,1,2,1,7,6,9,10,9,14,4,0,0,4,0,0,1,1,0,4,0,5,1,2,4,2,0,1,0,1,0,1,1,3,1,2,0,0,0,0,0,0,0,0,0,0,0,0,0,0,0,0,0,0,0,2,0,0,0,0,0,0,0,0,0,0,0,0,0,0,0,0,0,0,0,0,0,0,0,0,0,0,0,0,0,0,0,0,0,0,0,0,0,0,0,0,0,0,0,0,0,0,0,0,0,0,0,0,0,0,0,0,0,0,0,0,0,0,0,1,0,0,0,0,0,0,0,0,0,0,0,0,0,0,0,0,0,1,0,0,1,0,0,0,0,0,0,0,0,0,0,0,0,0,0,0,0,0,1,0,0,24,24,6,3,3,3,4,3,1,2,0,0,20,14,5,4,1,3,0,0,0,0,0,0,1,0,0,0,0,0,1,0,0,0,0,0,31,21,2,1,0,0,0,0,0.854166667,0.25,0.125,0.083333333,0.3125,0.354166667,1.5,0.5,0.25,0,,,,,,,,,0.6,0.171428571,0.114285714,0.085714286,1.555555556,0.444444444,0.111111111,0.111111111,0,0,0,0,0,,,,,,,,,,0,0,0,0,0,0,0.5,0.636363636,0.476190476,0.523809524,0.53125,0.46875,0.3125,0.0625,0.020833333,0.0625,0.020833333,0.25,0.229166667,0.4375,0.166666667,0,0.020833333,0,0.555555556,0.2,0.642857143,0.357142857,0.454545455,0.545454545,0.371428571,0.057142857,0.028571429,0.057142857,0.028571429,0.257142857,0.285714286,0.4,0.171428571,0,0.028571429,0,,1,0,1,0.833333333,0.166666667,0.222222222,0.111111111,0,0.111111111,0,0.333333333,0.111111111,0.444444444,0.222222222,0,0,0,0,1,0.333333333,0.666666667,0.5,0.5,0,0,0,0,0,0,0,0.75,0,0,0,0,,,,,,,,,,,,,,,,,,,,,,,,,,,,,,,,,,,,,,,,,,,0,0,0,0,0,1,0,0,,,,,,,,,,,,,,,,,,,,,,,,,,,,,,,,,,,,,,,,,,,,,,,,,0,0,0,0,0,1,0,0,,,,,,,0,0,0,0,0,1,0,0,1,0.25,0.5,0.75,0.25,0.083333333,0.7,0.25,0.416666667,,,0,0,0,0.5,0,0,0.5,1.462522852,,Malcom Cazalon,Bilbao Basket,1335,9,FALSE
SPAIN,2024-2025,59276,26,69,49,6,15,3,3,9,6,9,3,2,11,3,8,4,7,43,16,27,20,24,28,7,21,21,15,0,0,0,0,0,0,0,0,0,0,0,0,0,0,0,0,0,0,0,0,0,0,0,0,0,0,0,0,14,8,2,3,1,1,1,2,1,1,0,8,0,3,4,5,5,3,0,0,1,0,1,2,3,5,3,0,0,0,0,0,0,0,0,0,0,0,0,0,0,0,0,0,0,0,0,0,0,0,0,0,0,0,41,29,3,8,1,2,7,1,7,7,1,27,2,11,15,18,11,9,0,2,5,3,4,4,14,8,19,14,12,1,4,1,0,1,3,3,1,2,8,0,6,5,5,5,3,0,1,2,1,2,1,4,3,5,5,3,0,0,0,0,0,0,1,0,0,1,0,1,2,1,1,2,0,0,2,1,3,0,0,0,0,0,0,1,0,0,1,0,1,0,1,0,0,0,0,1,0,0,0,0,0,0,0,0,0,0,0,0,0,0,0,0,0,0,0,0,0,0,0,0,0,0,0,0,0,0,0,0,0,0,0,0,0,0,0,0,0,0,2,0,0,0,0,0,0,0,0,0,0,1,0,0,0,1,0,0,1,0,0,2,0,0,0,0,0,0,0,0,1,0,0,0,0,1,0,0,0,1,0,0,51,31,4,11,8,8,6,8,1,1,1,0,12,10,1,3,2,1,3,3,0,0,1,0,1,0,0,0,0,1,1,0,0,0,0,0,15,21,4,4,0,0,0,0,0.710144928,0.086956522,0.130434783,0.15942029,0.405797101,0.289855072,0.571428571,0.142857143,0.071428571,0.071428571,,,,,,,,,0.707317073,0.073170732,0.170731707,0.170731707,0.857142857,0.071428571,0.071428571,0.214285714,0.6,0,0.2,0.2,0.2,3,0,0,,,,,,,0,0,0,0,0,0.5,0.25,0.333333333,0.571428571,0.428571429,0.454545455,0.545454545,0.405797101,0.043478261,0.115942029,0.057971014,0.101449275,0.231884058,0.391304348,0.304347826,0.217391304,0,0.043478261,0.028985507,0.125,0.666666667,0.727272727,0.272727273,0.423076923,0.576923077,0.43902439,0.048780488,0.12195122,0.073170732,0.097560976,0.195121951,0.463414634,0.268292683,0.219512195,0,0.024390244,0.048780488,0.5,0,0.4,0.6,0.545454545,0.454545455,0.357142857,0.071428571,0.142857143,0.071428571,0.142857143,0.214285714,0.357142857,0.357142857,0.214285714,0,0.142857143,0,0.5,0.333333333,0.4,0.6,0.428571429,0.571428571,0.357142857,0,0.071428571,0,0.071428571,0.357142857,0.214285714,0.357142857,0.214285714,0,0,0,,,,,,,,,,,,,,,,,,,,,,,,,,,,,,,,,,,,,,,,,0.5,0.5,0.4,0,0.2,0,0,0.4,0,0,,,,,1,0,1,0,1,0,0,0,0,0,,,,,,,,,,,,,,,,,,,,,,,,,,,,,,,,,,,0.5,0,0,0,0,0.5,0,0,,,,,0,1,0,0,0,0,0,0.5,0,0,0.607843137,0.078431373,0.739130435,1.333333333,0.166666667,0.086956522,0.833333333,0.083333333,0.173913043,1,0,0.6,0,0,0.2,0,0,0.2,0.834797891,,Edin Atic,Leche Rio Breogan,1322,26,FALSE
SPAIN,2024-2025,2492,33,198,135,26,39,22,4,24,15,25,18,4,21,10,11,7,14,103,39,64,62,64,67,16,51,65,36,0,2,0,0,0,0,0,0,0,0,0,0,2,0,0,0,1,0,1,0,0,0,0,0,0,1,1,1,32,21,4,11,4,0,4,7,4,1,2,15,0,9,12,12,15,3,0,2,2,1,3,1,11,4,11,0,0,0,0,0,0,0,0,0,0,0,0,0,0,0,0,0,0,0,0,0,0,0,0,0,0,0,140,100,20,20,17,3,15,5,16,19,13,78,3,47,39,49,40,29,0,8,8,6,10,13,36,31,47,24,14,2,8,1,1,5,3,1,5,3,8,1,6,13,5,10,3,0,0,1,0,1,2,3,3,5,16,2,1,0,1,0,0,0,0,0,0,0,0,0,0,1,0,0,1,0,15,7,0,0,0,0,0,0,0,0,0,0,0,0,0,0,0,0,0,7,0,0,0,0,0,0,0,0,0,0,0,0,0,0,0,0,0,0,0,0,0,0,0,0,0,0,0,0,0,0,0,0,0,0,0,0,0,0,0,0,0,0,0,0,5,0,0,0,0,0,0,0,0,0,0,0,0,0,0,0,0,0,5,0,0,4,2,1,0,1,0,0,0,0,0,0,0,0,1,0,0,1,0,3,0,0,140,107,19,33,19,14,40,21,5,2,2,7,18,7,2,4,0,4,7,0,0,0,0,0,3,0,0,0,0,0,6,2,1,0,0,0,56,65,29,26,2,1,0,0,0.681818182,0.131313131,0.126262626,0.106060606,0.338383838,0.313131313,0.65625,0.125,0.03125,0.125,0,0,0,0,,,,,0.714285714,0.142857143,0.135714286,0.114285714,0.583333333,0.083333333,0.208333333,0.041666667,0.125,0.0625,0,0,0.0625,0,0,0,,,,,,,0,0,0,0.5,0.25,0,0.47826087,0.210526316,0.707692308,0.292307692,0.492063492,0.507936508,0.338383838,0.050505051,0.055555556,0.035353535,0.070707071,0.196969697,0.323232323,0.328282828,0.181818182,0,0.090909091,0.02020202,0.53125,0.375,0.8,0.2,0.546511628,0.453488372,0.35,0.057142857,0.057142857,0.042857143,0.071428571,0.221428571,0.335714286,0.285714286,0.207142857,0,0.092857143,0.021428571,0.166666667,0.25,0.6,0.4,0.315789474,0.684210526,0.208333333,0,0.041666667,0,0.041666667,0.125,0.208333333,0.416666667,0.125,0,0.125,0.041666667,0.5,0,0.533333333,0.466666667,0.428571429,0.571428571,0.375,0.0625,0.0625,0.03125,0.09375,0.125,0.34375,0.46875,0.09375,0,0.0625,0,,,,,,,,,,,,,,,,,,,,,,,,,0.5,0,0,0,0,0.5,0.5,0,0.5,0,0,0,1,,1,0,1,0,0,0,0,0.0625,0,0.9375,0,0,,,,,,,0,0,0,0,0,1,0,0,,,,,,,,,,,,,,,,,,,,,,,,,,,,,,,,,,,0,0,0,0,0,1,0,0,1,,1,0,1,0,0,0,0,0.25,0,0.75,0,0,0.764285714,0.135714286,0.707070707,0.525,0.125,0.202020202,0.388888889,0.111111111,0.090909091,0,0,0.4375,0,0,0.1875,0.333333333,0.166666667,0.375,1.054526749,2,Mario Saint-Supery,BAXI Manresa,1330,33,FALSE
SPAIN,2024-2025,24268,33,517,396,72,89,67,5,69,20,51,31,7,90,56,34,41,49,321,127,194,183,140,192,64,128,161,129,0,5,0,0,0,0,0,0,0,0,2,0,5,0,0,2,2,0,3,0,0,0,0,0,0,2,1,4,101,83,17,21,16,1,9,12,16,10,6,57,1,37,31,36,38,21,0,8,8,6,10,10,26,23,34,3,0,0,1,0,0,1,0,0,0,0,2,0,0,1,1,1,1,0,0,0,0,0,0,1,1,1,272,226,35,39,34,1,37,2,59,27,16,177,3,105,66,111,74,66,0,35,24,29,30,40,71,71,106,136,87,20,28,17,3,22,6,15,12,9,80,3,41,40,42,48,38,0,13,2,6,9,14,28,31,49,11,2,1,0,1,0,0,0,0,0,0,0,0,0,2,1,0,2,1,0,8,3,0,0,0,0,0,0,0,0,0,0,0,0,0,0,0,0,0,3,0,0,0,0,0,0,0,0,0,0,0,0,0,0,0,0,0,0,0,0,0,0,0,0,0,0,0,0,0,0,0,0,0,0,0,0,0,0,0,0,0,0,0,0,3,0,0,0,0,0,0,0,0,0,0,1,0,0,0,1,0,0,2,0,0,5,2,1,0,1,0,0,0,0,0,0,1,0,1,0,1,1,0,3,0,0,342,282,49,61,66,31,71,47,10,8,10,6,104,67,13,20,14,14,8,2,1,0,0,0,1,0,0,0,0,0,2,0,0,0,0,0,149,161,42,33,2,1,0,0,0.765957447,0.13926499,0.098646035,0.174081238,0.371373308,0.353965184,0.821782178,0.168316832,0.099009901,0.158415842,0,0,0.4,0,0,0,0,0,0.830882353,0.128676471,0.099264706,0.216911765,0.639705882,0.147058824,0.088235294,0.110294118,0.181818182,0.090909091,0,0,0.090909091,0,0,0,,,,,,,0,0,0,0.4,0.2,0,0.492647059,0.2,0.844720497,0.155279503,0.566563467,0.433436533,0.371373308,0.108317215,0.065764023,0.079303675,0.094777563,0.245647969,0.375241779,0.311411992,0.249516441,0,0.059961315,0.013539652,0.478873239,0.333333333,0.959459459,0.040540541,0.614035088,0.385964912,0.408088235,0.128676471,0.088235294,0.106617647,0.110294118,0.261029412,0.389705882,0.272058824,0.242647059,0,0.058823529,0.011029412,0.435897436,0.333333333,0.8125,0.1875,0.50617284,0.49382716,0.308823529,0.095588235,0.014705882,0.044117647,0.066176471,0.227941176,0.360294118,0.352941176,0.279411765,0,0.066176471,0.022058824,0.64,0.076923077,0.657894737,0.342105263,0.544117647,0.455882353,0.356435644,0.079207921,0.079207921,0.059405941,0.099009901,0.227722772,0.336633663,0.376237624,0.207920792,0,0.059405941,0.00990099,0,,1,0,0,1,0.333333333,0,0,0,0,0.333333333,0.333333333,0.333333333,0.333333333,0,0,0,,,,,0,1,0.4,0,0,0,0,0.2,0.8,0,0.6,0,0,0,1,,1,0,1,0,0.181818182,0,0,0.090909091,0,0.727272727,0,0,,,,,,,0,0,0,0,0,1,0,0,,,,,,,,,,,,,,,,,,,,,,,,,,,,,,,,,,,0.333333333,0,0,0,0,0.666666667,0,0,1,,1,0,1,0,0.2,0,0,0.2,0,0.6,0,0,0.824561404,0.143274854,0.661508704,0.661971831,0.14084507,0.137330754,0.644230769,0.125,0.201160542,0.25,0.125,0.727272727,0,0,0.090909091,0,0,0.181818182,1.014040562,2,Trent Forrest,Bitci Baskonia,1326,33,FALSE
SPAIN,2024-2025,59236,27,203,186,23,25,19,4,20,5,27,5,6,54,30,24,29,25,144,60,84,81,52,106,45,61,48,38,0,0,0,0,0,0,0,0,0,0,0,0,0,0,0,0,0,0,0,0,0,0,0,0,0,0,0,0,31,23,3,5,2,1,3,2,7,3,0,23,0,10,8,13,8,10,0,5,2,3,4,4,9,9,14,0,0,0,0,0,0,0,0,0,0,0,0,0,0,0,0,0,0,0,0,0,0,0,0,0,0,0,133,128,12,11,12,0,11,0,41,19,4,102,3,56,30,78,23,24,0,21,20,21,20,30,48,39,63,39,35,8,9,5,3,6,3,6,5,1,19,3,15,14,15,17,4,0,4,2,5,1,11,4,12,7,8,3,1,1,0,1,0,1,1,0,0,0,0,0,1,1,2,0,2,1,5,2,0,0,0,0,0,0,0,0,0,0,0,0,0,0,0,0,0,2,0,0,0,0,0,0,0,0,0,0,0,0,0,0,0,0,0,0,0,0,0,0,0,0,0,0,0,0,0,0,0,0,0,0,0,0,0,0,0,0,0,0,0,0,3,0,0,1,0,0,0,1,0,0,0,0,0,0,1,0,1,0,2,0,0,3,3,1,0,0,1,0,0,0,1,0,1,0,1,1,0,1,1,1,0,0,138,141,17,17,41,16,31,24,2,4,8,6,34,21,4,4,5,5,6,0,0,1,0,1,2,3,1,0,0,0,0,0,0,0,0,0,50,48,7,4,3,2,0,0,0.916256158,0.113300493,0.133004926,0.266009852,0.522167488,0.399014778,0.741935484,0.096774194,0.096774194,0.225806452,,,,,,,,,0.962406015,0.090225564,0.142857143,0.308270677,0.897435897,0.205128205,0.128205128,0.153846154,0.375,0.125,0.125,0,0.125,0,0,0,,,,,,,0,0,0,1,0.333333333,0.333333333,0.487179487,0.444444444,0.8125,0.1875,0.609022556,0.390977444,0.522167488,0.147783251,0.118226601,0.142857143,0.123152709,0.295566502,0.413793103,0.236453202,0.187192118,0,0.024630542,0.02955665,0.52173913,,1,0,0.651162791,0.348837209,0.586466165,0.157894737,0.15037594,0.157894737,0.15037594,0.293233083,0.473684211,0.172932331,0.180451128,0,0.030075188,0.022556391,0.454545455,0.5,0.647058824,0.352941176,0.517241379,0.482758621,0.384615385,0.102564103,0.051282051,0.128205128,0.025641026,0.307692308,0.179487179,0.435897436,0.102564103,0,0.025641026,0.076923077,0.4,0.333333333,0.625,0.375,0.555555556,0.444444444,0.419354839,0.161290323,0.064516129,0.096774194,0.129032258,0.290322581,0.451612903,0.258064516,0.322580645,0,0,0,,,,,,,,,,,,,,,,,,,,,,,,,,,,,,,,,,,,,,0.5,0,1,0.333333333,0.666666667,0,0,0,0.25,0.125,0.625,0,0,,,,,,,0,0,0,0,0,1,0,0,,,,,,,,,,,,,,,,,,,,,,,,,,,,,,0,0,1,0,1,0,0,0,0.333333333,0,0.666666667,0,0,,1,0,1,0.5,0.5,0,0,0,0.333333333,0.333333333,0.333333333,0,0,1.02173913,0.123188406,0.679802956,0.774193548,0.064516129,0.15270936,0.617647059,0.117647059,0.167487685,0,0,0.75,1.5,0.5,0.25,,,0,1.057165231,1.5,Stefan Jovic,Valencia BC,1325,27,FALSE
SPAIN,2024-2025,59196,34,0,0,0,0,0,0,0,0,0,0,0,0,0,0,0,0,0,0,0,0,0,0,0,0,0,0,0,0,0,0,0,0,0,0,0,0,0,0,0,0,0,0,0,0,0,0,0,0,0,0,0,0,0,0,0,0,0,0,0,0,0,0,0,0,0,0,0,0,0,0,0,0,0,0,0,0,0,0,0,0,0,0,0,0,0,0,0,0,0,0,0,0,0,0,0,0,0,0,0,0,0,0,0,0,0,0,0,0,0,0,0,0,0,0,0,0,0,0,0,0,0,0,0,0,0,0,0,0,0,0,0,0,0,0,0,0,0,0,0,0,0,0,0,0,0,0,0,0,0,0,0,0,0,0,0,0,0,0,0,0,0,0,345,91,41,9,41,0,9,0,3,20,1,3,0,3,7,59,12,7,50,0,272,42,4,2,1,2,0,1,0,0,0,3,0,0,5,1,0,3,0,36,0,0,1,0,0,0,0,0,0,0,0,0,0,0,0,0,0,0,0,0,1,0,0,4,0,0,0,0,0,0,0,0,0,0,1,0,0,0,1,0,0,3,0,0,166,53,22,4,22,0,4,0,3,3,12,6,1,34,7,6,26,0,124,0,3,129,34,17,4,17,0,4,0,0,0,5,0,0,20,4,0,21,0,105,0,0,0,0,0,0,0,0,0,0,0,0,0,0,0,0,0,0,0,0,215,63,27,5,3,2,37,10,5,1,0,1,93,18,9,3,0,0,0,0,0,0,82,50,0,0,,,,,,,,,,,,,,,,,,,,,,,,,,,0.263768116,0.11884058,0.008695652,0.008695652,0.171014493,0.095238095,0.047619048,0,0,0,0,0,0,0,0.319277108,0.13253012,0.018072289,0.263565891,0.131782946,0,,,,,,,,,,,,,,,,,,,,,,,,,,,,,,,,,,,,,,,,,,,,,,,,,,,,,,,,,,,,,,,,,,,,,,,,,,,,,,,,,,,,,,,,,,,,,,,,,,,,,,,,,,,,,0.82,,1,0,0.830985915,0.169014085,0.020289855,0,0.008695652,0.144927536,0,0.788405797,0.057971014,0.002898551,0.666666667,,1,0,0.833333333,0.166666667,0,0,0,0.071428571,0,0.857142857,0.071428571,0,,,,,,,0,0,0,0,0,1,0,0,,,,,,,0.25,0,0,0,0,0.75,0,0,0.846153846,,1,0,0.829268293,0.170731707,0.036144578,0,0.018072289,0.156626506,0,0.746987952,0.072289157,0.006024096,0.80952381,,1,0,0.833333333,0.166666667,0,0,0,0.162790698,0,0.813953488,0.03875969,0,,,,,,,,,,0.293023256,0.125581395,0.623188406,0.27027027,0.135135135,0.107246377,0.193548387,0.096774194,0.269565217,,1.64,Atouman Diagne,Leyma Coruna,1321,34,FALSE
SPAIN,2024-2025,35386,43,0,0,0,0,0,0,0,0,0,0,0,0,0,0,0,0,0,0,0,0,0,0,0,0,0,0,0,0,0,0,0,0,0,0,0,0,0,0,0,0,0,0,0,0,0,0,0,0,0,0,0,0,0,0,0,0,0,0,0,0,0,0,0,0,0,0,0,0,0,0,0,0,0,0,0,0,0,0,0,0,0,0,0,0,0,0,0,0,0,0,0,0,0,0,0,0,0,0,0,0,0,0,0,0,0,0,0,0,0,0,0,0,0,0,0,0,0,0,0,0,0,0,0,0,0,0,0,0,0,0,0,0,0,0,0,0,0,0,0,0,0,0,0,0,0,0,0,0,0,0,0,0,0,0,0,0,0,0,0,0,0,0,564,206,68,46,46,22,13,33,3,16,2,20,12,8,42,100,49,35,114,7,394,97,14,6,1,6,0,0,1,1,0,3,2,0,10,1,1,7,1,85,1,0,1,0,0,0,0,0,0,0,0,0,0,0,0,0,0,0,0,0,1,0,0,2,0,0,0,0,0,0,0,0,0,0,1,0,0,0,0,0,1,1,0,0,237,104,34,16,28,6,6,10,13,2,9,29,1,53,18,24,50,5,151,9,4,226,88,28,29,12,16,7,22,6,1,4,10,1,37,30,10,57,0,155,2,4,0,0,0,0,0,0,0,0,0,0,0,0,0,0,0,0,0,0,331,121,41,27,10,2,84,39,11,8,6,1,149,46,16,11,4,0,0,0,0,0,158,114,0,0,,,,,,,,,,,,,,,,,,,,,,,,,,,0.365248227,0.120567376,0.005319149,0.035460993,0.177304965,0.144329897,0.06185567,0,0,0,0,0,0,0,0.438818565,0.143459916,0.008438819,0.389380531,0.123893805,0.004424779,,,,,,,,,,,,,,,,,,,,,,,,,,,,,,,,,,,,,,,,,,,,,,,,,,,,,,,,,,,,,,,,,,,,,,,,,,,,,,,,,,,,,,,,,,,,,,,,,,,,,,,,,,,,,0.779661017,0.4,0.51754386,0.48245614,0.67114094,0.32885906,0.062056738,0.021276596,0.014184397,0.20212766,0.012411348,0.69858156,0.028368794,0.003546099,1,0,0.857142857,0.142857143,0.909090909,0.090909091,0.010309278,0.010309278,0,0.072164948,0.010309278,0.87628866,0.030927835,0,,,,,,,0,0,0,0,0,1,0,0,,,,,,,0,0,0,0,0.5,0.5,0,0,0.823529412,0.375,0.68,0.32,0.746478873,0.253521127,0.101265823,0.037974684,0.016877637,0.210970464,0.021097046,0.637130802,0.037974684,0.004219409,0.631578947,0.421052632,0.333333333,0.666666667,0.552238806,0.447761194,0.044247788,0.008849558,0.017699115,0.252212389,0,0.685840708,0.017699115,0.004424779,,,,,,,,,,0.365558912,0.123867069,0.586879433,0.464285714,0.130952381,0.14893617,0.308724832,0.10738255,0.264184397,,1.385964912,Matthew Costello,Valencia BC,1325,43,FALSE
SPAIN,2024-2025,59208,20,44,25,6,14,6,0,2,12,5,0,0,6,5,1,3,3,22,10,12,12,19,15,6,9,20,7,0,1,2,0,0,0,0,0,0,1,0,0,1,0,1,0,1,0,0,0,1,0,0,1,0,1,0,1,10,4,0,4,0,0,1,3,2,0,0,6,0,2,4,5,4,1,0,2,0,2,0,3,2,4,2,0,0,0,0,0,0,0,0,0,0,0,0,0,0,0,0,0,0,0,0,0,0,0,0,0,0,0,22,12,4,6,4,0,1,5,2,5,0,10,0,6,11,5,10,5,0,2,0,1,1,2,3,4,6,11,7,2,4,2,0,0,4,1,0,0,5,0,3,4,4,6,1,0,0,1,0,1,1,3,2,3,2,0,0,0,0,0,0,0,0,0,0,0,0,0,0,0,0,0,0,0,2,0,0,0,0,0,0,0,0,0,0,0,0,0,0,0,0,0,0,0,0,0,0,0,0,0,0,0,0,0,0,0,0,0,0,0,0,0,0,0,0,0,0,0,0,0,0,0,0,0,0,0,0,0,0,0,0,0,0,0,0,0,0,0,2,0,0,0,0,0,0,0,0,0,0,0,0,0,0,0,0,0,2,0,0,0,0,0,0,0,0,0,0,0,0,0,0,0,0,0,0,0,0,0,0,0,31,23,6,6,5,5,5,2,0,1,1,0,8,0,0,7,0,0,1,0,0,0,0,0,1,0,0,0,0,0,0,0,0,0,0,0,12,20,0,0,0,0,0,0,0.568181818,0.136363636,0.113636364,0.136363636,0.340909091,0.272727273,0.4,0,0,0.2,2,0,0,1,,,,,0.545454545,0.181818182,0.227272727,0.090909091,0.636363636,0.181818182,0,0.090909091,0,0,0,0,0,,,,,,,,,,0,0,0,,,,0.75,0,0.4,0.6,0.387096774,0.612903226,0.340909091,0.113636364,0.022727273,0.068181818,0.068181818,0.227272727,0.272727273,0.454545455,0.159090909,0,0,0,0.8,0,0.5,0.5,0.352941176,0.647058824,0.227272727,0.090909091,0,0.045454545,0.045454545,0.181818182,0.272727273,0.454545455,0.227272727,0,0,0,1,0,0.333333333,0.666666667,0.428571429,0.571428571,0.363636364,0,0.090909091,0,0.090909091,0.181818182,0.272727273,0.545454545,0.090909091,0,0,0,0,0,0.25,0.75,0.333333333,0.666666667,0.5,0.2,0,0.2,0,0.4,0.2,0.4,0.1,0,0,0,,,,,,,,,,,,,,,,,,,,,,,1,0,1,1,0,0,1,0,1,0,0,0,0,0,,,,,,,0,0,0,0,0,1,0,0,,,,,,,,,,,,,,,,,,,,,,,,,,,,,,,,,,,,,,,,,,,,,,,,,0,0,0,0,0,1,0,0,,,,,,,,,,,,,,,0.741935484,0.193548387,0.704545455,0.4,0,0.113636364,0,0,0.181818182,0,0,0.5,0,0,0.5,,,0,0.6,,Joaquin Nazar Rodriguez Olivera,Casademont Zaragoza,1331,20,FALSE
SPAIN,2024-2025,11643,23,292,236,46,75,24,22,40,35,24,13,8,40,21,19,14,26,155,68,87,97,99,90,32,58,121,65,0,2,0,0,0,0,0,0,0,0,1,0,1,0,0,1,0,0,1,0,0,0,0,0,0,0,0,1,51,15,4,15,1,3,10,5,2,3,0,31,1,6,18,16,19,15,0,2,0,2,0,8,8,17,14,1,2,0,0,0,0,0,0,0,0,1,0,0,1,0,0,0,0,0,0,0,0,0,0,0,0,0,204,185,32,50,17,15,26,24,34,18,12,110,7,76,68,64,82,46,0,17,17,12,22,22,42,47,63,34,34,10,10,6,4,4,6,4,2,0,13,0,14,12,10,20,3,0,2,2,0,4,2,8,4,9,5,0,0,0,0,0,0,0,0,0,0,0,0,0,0,0,0,0,0,0,5,2,0,0,0,0,0,0,0,0,0,0,0,0,0,0,0,0,0,2,0,0,0,0,0,0,0,0,0,0,0,0,0,0,0,0,0,0,0,0,0,0,0,0,0,0,0,0,0,0,0,0,0,0,0,0,0,0,0,0,0,0,0,0,3,0,0,0,0,0,0,0,0,0,0,0,0,0,0,0,0,0,3,0,0,0,0,0,0,0,0,0,0,0,0,0,0,0,0,0,0,0,0,0,0,0,221,182,35,59,29,16,31,27,6,6,5,0,40,27,5,10,6,8,4,0,0,0,0,0,1,0,0,0,0,0,0,0,0,0,0,0,114,121,26,23,0,0,0,0,0.808219178,0.157534247,0.082191781,0.136986301,0.308219178,0.332191781,0.294117647,0.078431373,0.058823529,0.039215686,0,0,0.5,0,2,0,0,0,0.906862745,0.156862745,0.088235294,0.166666667,1,0.294117647,0.058823529,0.117647059,0,0,0,0,0,0,0,0,,,,,,,0,0,0,,,,0.375,0.385964912,0.52892562,0.47107438,0.494897959,0.505102041,0.308219178,0.071917808,0.065068493,0.047945205,0.089041096,0.232876712,0.297945205,0.414383562,0.22260274,0,0.044520548,0.02739726,0.395348837,0.384615385,0.524390244,0.475609756,0.527777778,0.472222222,0.31372549,0.083333333,0.083333333,0.058823529,0.107843137,0.230392157,0.308823529,0.401960784,0.225490196,0,0.058823529,0.034313725,0.6,0.4,0.5,0.5,0.538461538,0.461538462,0.294117647,0.058823529,0.058823529,0,0.117647059,0.117647059,0.264705882,0.588235294,0.088235294,0,0,0,0.090909091,0.375,0.578947368,0.421052632,0.25,0.75,0.31372549,0.039215686,0,0.039215686,0,0.333333333,0.274509804,0.37254902,0.294117647,0,0,0.019607843,,,,,1,0,0,0,0,0,0,0,0,0,0,0,1,0,,,,,0,1,0,0,0,0,0,0,0.5,0,0.5,0,0,0,,,,,,,0,0,0,0,0,1,0,0,,,,,,,0,0,0,0,0,1,0,0,,,,,,,,,,,,,,,,,,,,,,,,,,,,,,,,,,,0,0,0,0,0,1,0,0,,,,,,,,,,,,,,,0.823529412,0.158371041,0.756849315,0.870967742,0.193548387,0.106164384,0.675,0.125,0.136986301,0,0,0.8,0,0,0.2,,,0,1.034430686,,Dae Dae Grant,Leche Rio Breogan,1322,23,FALSE
SPAIN,2024-2025,28032,5,0,0,0,0,0,0,0,0,0,0,0,0,0,0,0,0,0,0,0,0,0,0,0,0,0,0,0,0,0,0,0,0,0,0,0,0,0,0,0,0,0,0,0,0,0,0,0,0,0,0,0,0,0,0,0,0,0,0,0,0,0,0,0,0,0,0,0,0,0,0,0,0,0,0,0,0,0,0,0,0,0,0,0,0,0,0,0,0,0,0,0,0,0,0,0,0,0,0,0,0,0,0,0,0,0,0,0,0,0,0,0,0,0,0,0,0,0,0,0,0,0,0,0,0,0,0,0,0,0,0,0,0,0,0,0,0,0,0,0,0,0,0,0,0,0,0,0,0,0,0,0,0,0,0,0,0,0,0,0,0,0,0,31,9,3,5,3,0,5,0,0,0,2,1,0,1,1,4,5,1,8,0,22,5,2,1,1,1,0,1,0,0,0,0,0,0,1,1,0,2,0,3,0,0,0,0,0,0,0,0,0,0,0,0,0,0,0,0,0,0,0,0,0,0,0,0,0,0,0,0,0,0,0,0,0,0,0,0,0,0,0,0,0,0,0,0,12,2,1,2,1,0,2,0,0,0,0,0,1,1,2,0,3,0,9,0,0,14,5,1,2,1,0,2,0,1,0,0,1,1,2,2,1,3,0,10,0,1,0,0,0,0,0,0,0,0,0,0,0,0,0,0,0,0,0,0,18,6,3,4,0,0,3,3,0,0,1,0,10,0,0,1,0,0,0,0,0,0,6,8,0,0,,,,,,,,,,,,,,,,,,,,,,,,,,,0.290322581,0.096774194,0,0.032258065,0.129032258,0.4,0.2,0,,,,,,,0.166666667,0.083333333,0,0.357142857,0.071428571,0,,,,,,,,,,,,,,,,,,,,,,,,,,,,,,,,,,,,,,,,,,,,,,,,,,,,,,,,,,,,,,,,,,,,,,,,,,,,,,,,,,,,,,,,,,,,,,,,,,,,,,,,,,,,,0.375,,1,0,0.444444444,0.555555556,0.032258065,0,0.032258065,0.258064516,0,0.709677419,0,0.064516129,0.5,,1,0,0.5,0.5,0,0,0,0.4,0,0.6,0,0,,,,,,,,,,,,,,,,,,,,,,,,,,,,,0.333333333,,1,0,0.333333333,0.666666667,0,0,0,0.25,0,0.75,0,0.083333333,0.333333333,,1,0,0.5,0.5,0.071428571,0,0.071428571,0.214285714,0,0.714285714,0,0.071428571,,,,,,,,,,0.333333333,0.166666667,0.580645161,1,0,0.096774194,0,0,0.322580645,,0.75,Ethan Happ,Valencia BC,1325,5,FALSE
SPAIN,2024-2025,59289,17,0,0,0,0,0,0,0,0,0,0,0,0,0,0,0,0,0,0,0,0,0,0,0,0,0,0,0,0,0,0,0,0,0,0,0,0,0,0,0,0,0,0,0,0,0,0,0,0,0,0,0,0,0,0,0,0,0,0,0,0,0,0,0,0,0,0,0,0,0,0,0,0,0,0,0,0,0,0,0,0,0,0,0,0,0,0,0,0,0,0,0,0,0,0,0,0,0,0,0,0,0,0,0,0,0,0,0,0,0,0,0,0,0,0,0,0,0,0,0,0,0,0,0,0,0,0,0,0,0,0,0,0,0,0,0,0,0,0,0,0,0,0,0,0,0,0,0,0,0,0,0,0,0,0,0,0,0,0,0,0,0,0,148,43,17,13,17,0,7,6,4,4,0,4,3,1,12,25,17,9,30,3,100,19,2,0,1,0,0,0,1,1,0,1,2,0,2,1,2,1,0,15,1,0,0,0,0,0,0,0,0,0,0,0,0,0,0,0,0,0,0,0,0,0,0,5,4,2,0,2,0,0,0,0,1,0,1,0,2,1,0,2,1,2,0,0,58,33,13,5,13,0,2,3,3,1,0,5,0,16,6,5,18,0,34,2,1,66,4,2,7,2,0,5,2,0,2,3,4,0,5,9,2,9,2,49,0,0,0,0,0,0,0,0,0,0,0,0,0,0,0,0,0,0,0,0,89,23,8,8,3,1,22,8,4,3,0,1,37,12,5,2,1,2,0,0,0,0,34,30,0,0,,,,,,,,,,,,,,,,,,,,,,,,,,,0.290540541,0.114864865,0.027027027,0.027027027,0.168918919,0.105263158,0,0,,,,0.8,0.4,0.2,0.568965517,0.224137931,0.017241379,0.060606061,0.03030303,0.03030303,,,,,,,,,,,,,,,,,,,,,,,,,,,,,,,,,,,,,,,,,,,,,,,,,,,,,,,,,,,,,,,,,,,,,,,,,,,,,,,,,,,,,,,,,,,,,,,,,,,,,,,,,,,,,0.708333333,0,0.8,0.2,0.595238095,0.404761905,0.060810811,0.02027027,0.006756757,0.202702703,0.02027027,0.675675676,0.027027027,0,,0,0,1,0.666666667,0.333333333,0.105263158,0.052631579,0,0.052631579,0,0.789473684,0.052631579,0,,,,,,,,,,,,,,,1,,1,0,0.666666667,0.333333333,0,0,0,0.4,0.2,0.4,0,0,0.866666667,0,0.833333333,0.166666667,0.727272727,0.272727273,0.086206897,0.034482759,0.017241379,0.310344828,0,0.586206897,0,0,0.285714286,0,0.777777778,0.222222222,0.357142857,0.642857143,0.03030303,0,0,0.136363636,0.03030303,0.742424242,0.045454545,0,,,,,,,,,,0.258426966,0.08988764,0.601351351,0.363636364,0.181818182,0.148648649,0.324324324,0.135135135,0.25,,1.133333333,Marko Todorovic,CB UCAM Murcia,1334,17,FALSE
SPAIN,2024-2025,35091,30,4,0,0,2,0,0,1,1,1,0,0,0,0,0,0,0,1,1,0,0,3,1,1,0,2,0,0,0,0,0,0,0,0,0,0,0,0,0,0,0,0,0,0,0,0,0,0,0,0,0,0,0,0,0,2,0,0,1,0,0,1,0,0,1,0,0,0,0,2,0,1,0,0,0,0,0,0,0,0,0,0,0,0,0,0,0,0,0,0,0,0,0,0,0,0,0,0,0,0,0,0,0,0,0,0,0,0,0,0,0,0,0,0,0,0,0,0,0,0,0,0,0,0,0,0,0,0,0,0,0,0,0,0,0,0,2,0,0,1,0,0,0,1,0,0,0,1,0,0,1,1,1,0,0,0,0,0,0,1,0,1,0,145,56,22,16,16,6,12,4,6,7,3,2,0,2,5,29,22,3,38,2,93,32,14,5,6,4,1,3,3,1,1,0,3,0,6,7,2,11,1,18,0,1,0,0,0,0,0,0,0,0,0,0,0,0,0,0,0,0,0,0,0,0,0,0,0,0,0,0,0,0,0,0,0,0,0,0,0,0,0,0,0,0,0,0,78,32,13,7,10,3,7,0,1,3,4,1,2,17,10,1,20,0,51,0,1,35,10,4,3,2,2,2,1,0,2,3,1,1,6,5,0,7,1,24,0,0,2,0,0,0,0,1,0,0,0,0,0,0,2,0,0,2,0,0,68,32,11,7,2,3,19,2,1,3,0,0,58,22,10,6,0,3,0,2,0,0,50,38,0,0,0,0,0.25,0,0.25,0,0,0,0.5,0,,,,,,,,,,,,,0,0,0,0,0.386206897,0.151724138,0.04137931,0.013793103,0.2,0.4375,0.15625,0.03125,,,,,,,0.41025641,0.166666667,0.038461538,0.285714286,0.114285714,0.057142857,0,0,0.5,0.5,0,1,0.25,0,0,0,0,0.25,0,0.5,0,0,0,0,,,,,,,,,,,,,,,,,,,,0,0,1,0,1,0.5,0,0,0,0,0.5,0,0.5,0,0,0,0,0,,1,0,0,1,0,0,0,0,0,0,0,0.5,0,0,0,0,,,,,,,,,,,,,,,,,,,,,,,,,,,,,,,,,,,,,0.571428571,0.6,0.736842105,0.263157895,0.568627451,0.431372549,0.020689655,0,0.013793103,0.262068966,0.013793103,0.64137931,0.048275862,0.020689655,0.571428571,0.25,0.636363636,0.363636364,0.461538462,0.538461538,0.0625,0,0.03125,0.34375,0.03125,0.5625,0,0,,,,,,,,,,,,,,,,,,,,,,,,,,,,,0.588235294,1,0.85,0.15,0.62962963,0.37037037,0.012820513,0,0.012820513,0.256410256,0,0.653846154,0.051282051,0.025641026,0.5,0.666666667,0.571428571,0.428571429,0.545454545,0.454545455,0,0,0,0.2,0.028571429,0.685714286,0.085714286,0.028571429,0,0,0.5,,,0,0,0,0.5,0.470588235,0.161764706,0.468965517,0.105263158,0.052631579,0.131034483,0.379310345,0.172413793,0.4,0,1.315789474,Sekou Doumbouya,BC MoraBanc Andorra,1332,30,FALSE
SPAIN,2024-2025,35529,5,1,2,0,0,0,0,0,0,0,0,0,1,1,0,1,0,1,1,0,1,0,1,1,0,0,0,0,0,0,0,0,0,0,0,0,0,0,0,0,0,0,0,0,0,0,0,0,0,0,0,0,0,0,0,0,0,0,0,0,0,0,0,0,0,0,0,0,0,0,0,0,0,0,0,0,0,0,0,0,0,0,0,0,0,0,0,0,0,0,0,0,0,0,0,0,0,0,0,0,0,0,0,0,0,0,0,0,0,1,2,0,0,0,0,0,0,1,0,0,1,0,1,0,1,0,0,0,1,0,1,0,1,0,1,0,0,0,0,0,0,0,0,0,0,0,0,0,0,0,0,0,0,0,0,0,0,0,0,0,0,0,0,2,0,0,0,0,0,0,0,0,0,0,0,0,0,0,0,0,0,0,0,2,1,0,0,0,0,0,0,0,0,0,0,0,0,0,0,0,0,0,1,0,0,0,0,0,0,0,0,0,0,0,0,0,0,0,0,0,0,0,0,0,0,0,0,0,0,0,0,0,0,0,0,0,0,0,0,0,0,0,0,0,0,0,0,0,0,0,0,0,0,0,0,0,0,0,0,0,0,0,0,0,0,0,0,0,1,0,0,0,0,0,0,0,0,0,0,0,0,0,0,0,0,0,1,0,0,0,0,0,0,0,0,0,0,0,0,0,0,1,2,0,0,1,0,1,0,0,0,0,0,1,0,0,0,0,0,0,0,0,0,0,0,0,0,0,0,0,0,0,0,2,0,0,1,1,1,,,,,,,,,,,,,2,0,0,1,,,,,0,0,0,0,0,0,0,0,,,,,,,,,,0,0,0,,,,,1,0,1,1,0,1,0,1,0,0,0,0,0,0,,,,,1,0,1,1,0,1,0,1,0,0,0,0,0,0,,,,,,,,,,,,,,,,,,,,,,,,,,,,,,,,,,,,,,,,,,,,,,,,,,,,,,,,,,,,,,,,,,,,,,,,,,,,,,,0,0,0,0,0,1,0,0,,,,,,,0,0,0,0,0,1,0,0,,,,,,,,,,,,,,,,,,,,,,,,,,,,,,,,,,,,,,,,,,,,,,,,,0,0,0,0,0,1,0,0,,,0,,,0,2,0,1,0,0,0.5,0,0,0.5,,,0,,,Pavel Savkov,Bitci Baskonia,1326,5,FALSE
SPAIN,2024-2025,59274,10,8,3,0,4,0,0,2,2,2,1,0,1,1,0,0,1,3,1,2,2,6,1,0,1,4,2,0,0,0,0,0,0,0,0,0,0,0,0,0,0,0,0,0,0,0,0,0,0,0,0,0,0,0,0,1,0,0,1,0,0,1,0,0,0,0,0,0,0,1,0,1,0,0,0,0,0,0,0,0,0,0,0,0,0,0,0,0,0,0,0,0,0,0,0,0,0,0,0,0,0,0,0,0,0,0,0,0,0,5,3,0,2,0,0,1,1,1,1,1,2,0,2,3,1,2,1,0,1,0,0,1,0,1,0,2,2,0,0,1,0,0,0,1,0,1,0,1,0,0,2,0,1,1,0,0,0,0,0,0,0,1,0,5,0,0,0,0,0,0,0,0,0,0,0,0,0,0,0,0,0,0,0,5,2,0,0,0,0,0,0,0,0,0,0,0,0,0,0,0,0,0,2,0,0,0,0,0,0,0,0,0,0,0,0,0,0,0,0,0,0,0,0,0,0,0,0,0,0,0,0,0,0,0,0,0,0,0,0,0,0,0,0,0,0,0,0,1,0,0,0,0,0,0,0,0,0,0,0,0,0,0,0,0,0,1,0,0,2,0,0,0,0,0,0,0,0,0,0,0,0,0,0,0,0,0,2,0,0,5,2,0,3,1,1,2,0,0,1,0,1,1,1,0,0,0,0,2,0,0,0,0,0,1,0,0,0,0,0,2,0,0,0,0,0,0,4,2,1,0,0,0,0,0.375,0,0.25,0.125,0.125,0.25,0,0,0,0,,,,,,,,,0.6,0,0.2,0.2,0,0,0.5,0,0,0,0,0,0,0,0,0,,,,,,,0,0,0,0,0,0,0,0,0.5,0.5,0.25,0.75,0.125,0.125,0,0,0.125,0.125,0.25,0.5,0.25,0,0.125,0,0,0,0.5,0.5,0.4,0.6,0.2,0.2,0,0,0.2,0,0.4,0.4,0.2,0,0.2,0,,0,0,1,0,1,0,0,0,0,0,0.5,0,0.5,0.5,0,0,0,0,,1,0,0,1,0,0,0,0,0,0,0,1,0,0,0,0,,,,,,,,,,,,,,,,,,,,,,,,,,,,,,,,,,,,,,,,,,,0,0,0,0,0,1,0,0,,,,,,,0,0,0,0,0,1,0,0,,,,,,,,,,,,,,,,,,,,,,,,,,,,,,,,,,,0,0,0,0,0,1,0,0,,,,,,,0,0,0,0,0,1,0,0,0.4,0,0.625,0,0,0.25,1,0,0.125,0,0,0.4,0,0,0.2,0,0,0.4,0.204918033,,Riccardo Visconti,Coviran Granada,1319,10,FALSE
SPAIN,2024-2025,59193,33,221,147,27,50,23,4,34,16,26,13,9,30,15,15,12,18,126,44,82,67,76,78,20,58,77,48,0,1,2,0,0,0,0,0,0,0,0,1,0,0,1,0,0,0,0,0,0,0,0,0,0,0,0,0,56,41,6,13,5,1,8,5,11,6,2,35,2,18,19,24,19,11,0,5,6,3,8,4,20,10,25,1,0,0,0,0,0,0,0,0,1,0,1,0,0,1,0,0,1,0,0,0,0,0,0,0,0,1,110,76,14,20,13,1,16,4,15,14,8,66,4,35,34,39,34,27,0,8,7,8,7,13,26,26,40,53,28,7,17,5,2,10,7,4,5,2,24,3,13,22,15,24,9,0,2,2,1,3,3,12,8,16,7,2,1,0,1,0,0,0,0,0,0,0,0,0,2,1,0,0,1,2,4,1,0,0,0,0,0,0,0,0,0,0,0,0,0,0,0,0,0,1,0,0,0,0,0,0,0,0,0,0,0,0,0,0,0,0,0,0,0,0,0,0,0,0,0,0,0,0,0,0,0,0,0,0,0,0,0,0,0,0,0,0,0,0,2,2,1,0,1,0,0,0,0,0,0,1,0,1,0,0,1,1,0,0,0,4,0,0,0,0,0,0,0,0,0,0,1,0,0,0,0,0,1,3,0,0,125,82,14,27,16,18,40,23,7,8,3,4,56,42,6,15,11,4,4,2,1,0,0,0,0,0,0,0,0,0,3,0,0,0,0,0,58,76,21,14,2,1,0,0,0.665158371,0.122171946,0.117647059,0.135746606,0.352941176,0.303167421,0.732142857,0.107142857,0.107142857,0.196428571,2,0,0,0,0,0,1,0,0.690909091,0.127272727,0.127272727,0.136363636,0.528301887,0.132075472,0.094339623,0.075471698,0.285714286,0.142857143,0,0,0.142857143,0,0,0,,,,,,,1,0.5,0,0,0,0,0.403508772,0.2,0.74025974,0.25974026,0.468531469,0.531468531,0.352941176,0.067873303,0.067873303,0.054298643,0.081447964,0.199095023,0.371040724,0.34841629,0.21719457,0,0.058823529,0.040723982,0.448275862,0.2,0.852941176,0.147058824,0.507246377,0.492753623,0.354545455,0.072727273,0.063636364,0.072727273,0.063636364,0.236363636,0.363636364,0.309090909,0.245454545,0,0.072727273,0.036363636,0.333333333,0.222222222,0.625,0.375,0.371428571,0.628571429,0.283018868,0.037735849,0.037735849,0.018867925,0.056603774,0.150943396,0.301886792,0.452830189,0.169811321,0,0.037735849,0.056603774,0.384615385,0.166666667,0.684210526,0.315789474,0.486486486,0.513513514,0.428571429,0.089285714,0.107142857,0.053571429,0.142857143,0.178571429,0.446428571,0.339285714,0.196428571,0,0.035714286,0.035714286,,,,,0,1,0,0,0,0,0,0,1,0,1,0,0,0,,,,,1,0,0,0,0,0,0,0,0,0,0,0,1,0,1,,1,0,1,0,0,0,0,0.142857143,0.285714286,0.571428571,0,0,,,,,,,0,0,0,0,0,1,0,0,,,,,,,,,,,,,,,,,,,,,,,,,,,,,1,,1,0,1,0,0,0,0,0.5,0.5,0,0,0,,,,,,,0,0,0,0,0.25,0.75,0,0,0.656,0.112,0.56561086,0.575,0.175,0.180995475,0.75,0.107142857,0.253393665,0.5,0.25,0.571428571,,,0,0,0,0.428571429,0.844673862,2,Oriol Pauli,ICG Forca Lleida,1323,33,FALSE
SPAIN,2024-2025,25300,35,461,383,84,84,72,12,66,18,38,34,6,70,41,29,27,43,256,115,141,180,122,150,46,104,168,106,0,0,0,0,0,0,0,0,0,0,0,0,0,0,0,0,0,0,0,0,0,0,0,0,0,0,0,0,56,50,13,18,11,2,11,7,8,2,2,21,3,23,20,10,31,11,0,4,4,2,6,3,7,11,10,3,2,1,0,1,0,0,0,0,0,0,2,0,1,0,2,1,0,0,0,0,0,0,2,0,2,0,316,247,48,54,41,7,45,9,50,29,20,189,3,115,83,112,102,77,0,30,20,22,28,34,78,84,105,86,84,22,12,19,3,10,2,12,7,12,44,0,41,19,26,34,18,0,7,5,3,9,7,19,18,26,1,2,1,0,1,0,0,0,0,1,0,0,0,0,0,1,0,0,1,0,0,1,2,1,0,1,0,0,0,0,0,1,0,0,1,0,0,1,0,0,0,0,0,0,0,0,0,0,0,0,0,0,0,0,0,0,0,0,0,0,0,0,0,0,0,0,0,0,0,0,0,0,0,0,0,0,0,0,0,0,0,0,0,0,0,0,0,0,0,0,0,0,0,0,0,0,0,0,0,0,0,0,0,0,0,0,0,0,0,0,0,0,0,0,0,0,0,0,0,0,0,0,0,0,0,0,371,311,68,61,56,33,31,20,4,4,5,3,59,52,12,19,9,2,1,2,1,0,0,0,0,0,0,0,0,0,0,0,0,0,0,0,180,168,49,34,2,1,0,0,0.830802603,0.182212581,0.082429501,0.151843818,0.32537961,0.390455531,0.892857143,0.232142857,0.035714286,0.142857143,,,,,0.666666667,0.333333333,0,0,0.78164557,0.151898734,0.091772152,0.158227848,0.976744186,0.255813953,0.081395349,0.139534884,2,1,0,0,1,2,1,0,,,,,,,,,,,,,0.52173913,0.4,0.821428571,0.178571429,0.59602649,0.40397351,0.32537961,0.088937093,0.062906725,0.05856833,0.093275488,0.249457701,0.305856833,0.364425163,0.229934924,0,0.073752711,0.013015184,0.476744186,0.4375,0.843137255,0.156862745,0.580808081,0.419191919,0.35443038,0.094936709,0.063291139,0.069620253,0.088607595,0.265822785,0.332278481,0.32278481,0.243670886,0,0.063291139,0.009493671,0.655172414,0.6,0.852941176,0.147058824,0.683333333,0.316666667,0.302325581,0.081395349,0.058139535,0.034883721,0.104651163,0.209302326,0.302325581,0.395348837,0.209302326,0,0.139534884,0,0.5,0.222222222,0.709677419,0.290322581,0.534883721,0.465116279,0.178571429,0.071428571,0.071428571,0.035714286,0.107142857,0.196428571,0.178571429,0.553571429,0.196428571,0,0.035714286,0.053571429,1,,1,0,1,0,0.666666667,0,0,0,0,0.666666667,0,0.333333333,0,0,0,0,,,,,,,,,,,,,,,,,,,1,,1,0,1,0,0,0,0,1,0,0,1,0,1,,1,0,1,0,0,0,0,1,0,0,1,0,,,,,,,,,,,,,,,,,,,,,,,,,,,,,,,,,,,,,,,,,,,,,,,,,,,,,,,,,0.838274933,0.18328841,0.804772234,0.64516129,0.129032258,0.067245119,0.881355932,0.203389831,0.127982646,2,1,1,,,0,,,0,1.128930154,2,Devon Dotson,Club Joventut Badalona,1336,35,FALSE
SPAIN,2024-2025,25271,32,35,29,8,11,6,2,9,2,2,3,4,4,3,1,2,2,15,7,8,13,13,9,4,5,19,6,0,0,0,0,0,0,0,0,0,0,0,0,0,0,0,0,0,0,0,0,0,0,0,0,0,0,0,0,8,4,1,2,1,0,1,1,1,0,0,5,1,2,2,4,3,1,0,1,0,1,0,2,2,3,2,0,0,0,0,0,0,0,0,0,0,0,0,0,0,0,0,0,0,0,0,0,0,0,0,0,0,0,25,20,6,9,4,2,8,1,2,2,3,9,3,9,11,4,15,5,0,2,0,1,1,2,2,4,5,2,5,1,0,1,0,0,0,1,0,0,1,0,2,0,1,1,0,0,0,1,0,1,0,1,0,1,20,8,1,1,1,0,0,1,0,0,0,2,0,2,3,3,1,3,2,0,15,5,5,1,0,1,0,0,0,1,0,0,1,0,2,0,1,1,0,3,0,1,0,0,0,0,0,0,0,0,0,0,0,0,0,0,0,0,0,0,0,0,0,0,0,0,0,0,0,0,0,0,0,0,0,0,0,0,0,0,0,0,0,0,5,3,0,0,0,0,0,0,1,0,0,1,0,1,0,1,0,0,4,0,1,10,0,0,1,0,0,0,1,0,0,0,1,0,0,1,1,1,0,8,0,0,17,17,4,4,3,1,7,7,2,2,1,0,11,5,2,5,0,1,11,0,0,0,0,0,6,6,0,0,2,0,3,2,1,1,0,0,18,19,4,2,2,2,0,0,0.828571429,0.228571429,0.057142857,0.114285714,0.257142857,0.371428571,0.5,0.125,0,0.125,,,,,,,,,0.8,0.24,0.08,0.08,2.5,0.5,0,0.5,0.4,0.05,0,0.1,0.15,1,0.2,0,,,,,,,0.6,0,0,0,0,0,0.4,0.5,0.789473684,0.210526316,0.5,0.5,0.257142857,0.085714286,0.028571429,0.057142857,0.057142857,0.2,0.228571429,0.542857143,0.171428571,0,0.085714286,0.114285714,0.333333333,0.666666667,0.8,0.2,0.45,0.55,0.16,0.08,0,0.04,0.04,0.16,0.2,0.6,0.2,0,0.12,0.12,1,,1,0,1,0,0.5,0,0.5,0,0.5,0,0.5,0.5,0,0,0,0,0.5,0,0.666666667,0.333333333,0.5,0.5,0.5,0.125,0,0.125,0,0.375,0.25,0.375,0.125,0,0,0.125,,,,,,,,,,,,,,,,,,,,,,,,,,,,,,,,,,,,,1,0,0.5,0.5,0.75,0.25,0.15,0,0.1,0.1,0,0.75,0,0,1,,1,0,1,0,0.2,0,0.2,0.2,0,0.6,0,0,,,,,,,,,,,,,,,,,,,,,,,,,,,,,,,,,1,0,0.2,0,0.2,0,0,0.8,0,0,,0,0,1,0,1,0.1,0,0,0.1,0,0.8,0,0,1,0.235294118,0.485714286,1,0.285714286,0.2,0.454545455,0.181818182,0.314285714,0,0,0.55,1,0,0.3,0.666666667,0.333333333,0.15,0.963391137,1,Elias Valtonen,Coviran Granada,1319,32,FALSE
SPAIN,2024-2025,59218,30,107,56,11,40,9,2,25,15,15,5,5,11,5,6,3,8,46,15,31,26,55,29,9,20,51,17,0,0,0,0,0,0,0,0,0,0,0,0,0,0,0,0,0,0,0,0,0,0,0,0,0,0,0,0,15,9,3,6,3,0,6,0,1,3,0,4,3,4,9,2,9,2,0,0,1,0,1,0,2,1,3,0,0,0,0,0,0,0,0,0,0,0,0,0,0,0,0,0,0,0,0,0,0,0,0,0,0,0,71,41,8,25,6,2,15,10,8,8,4,32,2,19,33,20,33,12,0,4,4,3,5,8,12,13,19,21,6,0,9,0,0,4,5,2,4,1,10,0,3,13,7,9,3,0,1,1,0,2,1,6,1,9,12,0,0,2,0,0,0,2,0,0,0,0,0,0,2,0,2,2,2,0,8,8,0,0,1,0,0,0,1,0,0,0,2,0,0,1,2,1,0,5,0,0,0,0,0,0,0,0,0,0,0,0,0,0,0,0,0,0,0,0,0,0,0,0,0,0,0,0,0,0,0,0,0,0,0,0,0,0,0,0,0,0,0,0,4,0,0,1,0,0,0,1,0,0,0,0,0,0,1,0,1,0,3,0,0,0,0,0,0,0,0,0,0,0,0,0,0,0,0,0,0,0,0,0,0,0,79,52,9,28,11,12,10,0,0,4,0,1,18,4,2,8,0,2,8,0,0,1,0,0,3,0,0,0,0,0,1,0,0,1,0,0,24,51,5,4,0,2,0,0,0.523364486,0.102803738,0.140186916,0.102803738,0.271028037,0.242990654,0.6,0.2,0.2,0.066666667,,,,,,,,,0.577464789,0.112676056,0.112676056,0.112676056,0.285714286,0,0.19047619,0.095238095,0,0,0,0,0,0,0,0,,,,,,,0,0,0,,,,0.264705882,0.117647059,0.666666667,0.333333333,0.320987654,0.679012346,0.271028037,0.046728972,0.056074766,0.028037383,0.074766355,0.140186916,0.289719626,0.476635514,0.158878505,0,0.046728972,0.046728972,0.285714286,0.166666667,0.636363636,0.363636364,0.365384615,0.634615385,0.281690141,0.056338028,0.056338028,0.042253521,0.070422535,0.183098592,0.267605634,0.464788732,0.169014085,0,0.056338028,0.028169014,0,0,0.444444444,0.555555556,0.1875,0.8125,0.333333333,0.047619048,0.047619048,0,0.095238095,0.047619048,0.428571429,0.428571429,0.142857143,0,0.047619048,0,0.333333333,,1,0,0.307692308,0.692307692,0.133333333,0,0.066666667,0,0.066666667,0.066666667,0.2,0.6,0.133333333,0,0,0.2,,,,,,,,,,,,,,,,,,,,,,,,,,,,,,,,,,,,,,0,0,1,0,1,0.166666667,0,0,0.166666667,0,0.666666667,0,0,,0,0,1,0,1,0.25,0,0,0.125,0,0.625,0,0,,,,,,,,,,,,,,,,,,,,,,,,,,,,,,0,0,1,0,1,0,0,0,0.25,0,0.75,0,0,,,,,,,,,,,,,,,0.658227848,0.113924051,0.738317757,0,0,0.093457944,0.222222222,0.111111111,0.168224299,0,0,0.666666667,0,0,0.25,0,0,0.083333333,0.526315789,0,Lluis Costa,Lenovo Tenerife,1333,30,FALSE
SPAIN,2024-2025,35281,33,346,276,55,97,42,13,55,42,30,24,8,46,22,24,19,27,164,72,92,122,127,104,32,72,152,60,0,1,0,0,0,0,0,0,0,0,1,0,1,0,0,1,0,0,1,0,0,0,0,0,0,0,0,1,49,37,8,16,4,4,4,12,4,6,5,19,2,17,22,7,24,12,0,2,2,3,1,4,3,12,7,1,0,0,1,0,0,1,0,0,0,0,0,0,0,1,0,1,0,0,0,0,0,0,0,0,0,0,255,209,41,64,34,7,45,19,38,23,16,128,6,93,87,87,105,41,0,19,19,14,24,25,62,52,76,40,30,6,16,4,2,5,11,4,0,3,16,0,12,16,10,22,6,0,1,3,2,2,3,7,8,8,19,5,2,3,1,1,1,2,0,0,0,0,0,0,0,2,3,0,5,0,14,4,0,0,2,0,0,0,2,0,0,0,0,0,0,2,0,2,0,2,0,0,0,0,0,0,0,0,0,0,0,0,0,0,0,0,0,0,0,0,0,0,0,0,0,0,0,0,0,0,0,0,0,0,0,0,0,0,0,0,0,0,0,0,9,3,1,0,0,1,0,0,0,0,0,0,0,1,0,0,1,0,8,0,0,6,2,1,1,1,0,1,0,0,0,0,0,0,1,1,0,2,0,4,0,0,221,178,31,63,32,20,53,39,10,17,5,1,72,59,14,17,9,9,8,2,1,1,0,0,7,0,0,2,0,0,4,3,1,0,0,0,123,152,46,37,5,5,0,0,0.797687861,0.158959538,0.086705202,0.132947977,0.300578035,0.352601156,0.755102041,0.163265306,0.12244898,0.081632653,0,0,1,0,0,0,0,0,0.819607843,0.160784314,0.090196078,0.149019608,0.75,0.15,0,0.1,0.263157895,0.105263158,0,0,0.105263158,0,0,0,,,,,,,0.333333333,0.111111111,0,0.333333333,0.166666667,0,0.432989691,0.236363636,0.638157895,0.361842105,0.489959839,0.510040161,0.300578035,0.063583815,0.069364162,0.054913295,0.078034682,0.208092486,0.265895954,0.439306358,0.173410405,0,0.069364162,0.023121387,0.430379747,0.269230769,0.752380952,0.247619048,0.516666667,0.483333333,0.341176471,0.074509804,0.074509804,0.054901961,0.094117647,0.203921569,0.298039216,0.411764706,0.160784314,0,0.062745098,0.023529412,0.444444444,0.153846154,0.409090909,0.590909091,0.428571429,0.571428571,0.25,0.025,0.075,0.05,0.05,0.2,0.2,0.55,0.15,0,0.075,0,0.5,0.25,0.333333333,0.666666667,0.435897436,0.564102564,0.142857143,0.040816327,0.040816327,0.06122449,0.020408163,0.244897959,0.142857143,0.489795918,0.244897959,0,0.102040816,0.040816327,0,,1,0,0,1,0,0,0,0,0,0,0,1,0,0,0,0,,,,,0,1,0,0,0,0,0,0,1,0,1,0,0,0,0.5,0.333333333,0.4,0.6,0.4,0.6,0,0,0,0.263157895,0,0.736842105,0,0,,0,0,1,0,1,0,0,0,0.5,0,0.5,0,0,,,,,,,,,,,,,,,,,,,,,,,,,,,,,,1,0,1,1,0,0,0,0,0.111111111,0,0.888888889,0,0,0.5,,1,0,0.5,0.5,0,0,0,0.333333333,0,0.666666667,0,0,0.805429864,0.140271493,0.638728324,0.735849057,0.188679245,0.153179191,0.819444444,0.194444444,0.208092486,0.25,0.125,0.421052632,0,0,0.368421053,0.75,0.25,0.210526316,0.928936368,1,Ikenna Iroegbu,Basquet Girona,1315,33,FALSE
SPAIN,2024-2025,24276,30,4,5,1,2,1,0,2,0,0,0,0,1,0,1,0,1,1,0,1,2,2,1,0,1,3,0,0,0,0,0,0,0,0,0,0,0,0,0,0,0,0,0,0,0,0,0,0,0,0,0,0,0,0,0,0,0,0,0,0,0,0,0,0,0,0,0,0,0,0,0,0,0,0,0,0,0,0,0,0,0,0,0,0,0,0,0,0,0,0,0,0,0,0,0,0,0,0,0,0,0,0,0,0,0,0,0,0,0,4,5,1,2,1,0,2,0,1,0,0,1,0,2,2,1,3,0,0,0,1,0,1,0,1,0,1,0,0,0,0,0,0,0,0,0,0,0,0,0,0,0,0,0,0,0,0,0,0,0,0,0,0,0,101,28,6,10,4,2,9,1,3,2,0,5,1,4,10,12,13,8,16,2,72,30,5,1,2,1,0,2,0,1,2,0,3,0,2,4,2,3,1,22,0,1,0,0,0,0,0,0,0,0,0,0,0,0,0,0,0,0,0,0,0,0,0,0,0,0,0,0,0,0,0,0,0,0,0,0,0,0,0,0,0,0,0,0,47,12,3,5,2,1,5,0,2,1,2,5,0,6,6,4,8,1,33,1,1,24,11,2,3,1,1,2,1,2,0,0,2,0,4,3,2,5,0,17,0,2,3,5,1,1,1,0,0,0,0,0,0,0,1,0,0,1,0,0,45,6,0,5,2,1,15,10,3,0,1,1,41,12,3,5,2,1,2,3,0,0,14,16,0,0,1.25,0.25,0,0.25,0.25,0.5,,,,,,,,,,,,,1.25,0.25,0,0.25,,,,,0.277227723,0.059405941,0.02970297,0.04950495,0.118811881,0.166666667,0.033333333,0.066666667,,,,,,,0.255319149,0.063829787,0.021276596,0.458333333,0.083333333,0,0.333333333,,1,0,0.5,0.5,0.25,0,0.25,0,0.25,0,0.25,0.75,0,0,0,0,0.333333333,,1,0,0.5,0.5,0.25,0,0.25,0,0.25,0,0.25,0.75,0,0,0,0,,,,,,,,,,,,,,,,,,,,,,,,,,,,,,,,,,,,,,,,,,,,,,,,,,,,,,,,,,,,,,,,,,,,,,,,,0.307692308,0.666666667,0.8125,0.1875,0.48,0.52,0.079207921,0.00990099,0.03960396,0.158415842,0.01980198,0.712871287,0.01980198,0,0.333333333,,1,0,0.333333333,0.666666667,0.066666667,0,0.033333333,0.1,0.033333333,0.733333333,0,0,,,,,,,,,,,,,,,,,,,,,,,,,,,,,0.285714286,1,0.875,0.125,0.5,0.5,0.085106383,0.021276596,0.021276596,0.170212766,0.021276596,0.70212766,0.042553191,0,0.333333333,0.5,0.6,0.4,0.571428571,0.428571429,0.083333333,0,0.083333333,0.208333333,0,0.708333333,0,0,1.666666667,0.333333333,0.75,,,0,0,0,0.25,0.133333333,0,0.445544554,0.666666667,0.2,0.148514851,0.292682927,0.073170732,0.405940594,0.666666667,0.875,Nikos Chougkaz,BC MoraBanc Andorra,1332,30,FALSE
SPAIN,2024-2025,58484,14,1,0,0,0,0,0,0,0,0,0,0,0,0,0,0,0,1,1,0,0,0,0,0,0,0,1,0,0,0,0,0,0,0,0,0,0,0,0,0,0,0,0,0,0,0,0,0,0,0,0,0,0,0,0,0,0,0,0,0,0,0,0,0,0,0,0,0,0,0,0,0,0,0,0,0,0,0,0,0,0,0,0,0,0,0,0,0,0,0,0,0,0,0,0,0,0,0,0,0,0,0,0,0,0,0,0,0,0,1,0,0,0,0,0,0,0,0,0,0,1,0,0,0,0,0,1,0,0,0,0,0,0,0,1,0,0,0,0,0,0,0,0,0,0,0,0,0,0,0,0,0,0,0,0,0,0,0,0,0,0,0,0,206,42,21,2,21,0,2,0,3,13,0,0,0,0,0,27,5,0,23,0,174,25,2,1,0,1,0,0,0,0,2,1,0,0,2,2,0,1,0,21,0,0,0,0,0,0,0,0,0,0,0,0,0,0,0,0,0,0,0,0,0,0,0,2,2,1,0,1,0,0,0,0,0,0,0,0,1,0,0,1,0,1,0,0,91,18,9,1,9,0,1,0,0,1,7,0,0,14,2,0,10,0,75,0,0,86,20,10,1,10,0,1,0,0,0,5,0,0,10,1,0,11,0,75,0,0,1,0,0,0,0,0,0,0,0,0,0,0,0,0,0,0,0,0,140,22,11,1,0,3,15,4,2,0,0,0,51,16,8,1,0,0,0,0,0,0,42,23,0,0,0,0,0,0,0,0,,,,,,,,,,,,,0,0,0,0,,,,,0.203883495,0.101941748,0.014563107,0,0.131067961,0.08,0.04,0.08,,,,1,0.5,0,0.197802198,0.098901099,0.010989011,0.23255814,0.11627907,0,,,,,,,0,0,0,0,0,1,0,0,1,0,0,0,,,,,,,0,0,0,0,0,1,0,0,1,0,0,0,,,,,,,,,,,,,,,,,,,,,,,,,,,,,,,,,,,,,,,,,,,,,,,,,,,,,,,,,,,,,,,,,,,,,,,,,0.913043478,,1,0,0.84375,0.15625,0,0,0,0.111650485,0,0.844660194,0.063106796,0,1,,1,0,0.5,0.5,0,0,0,0.04,0,0.84,0.04,0,,,,,,,,,,,,,,,1,,1,0,1,0,0,0,0,0.5,0,0.5,0,0,0.9,,1,0,0.875,0.125,0,0,0,0.10989011,0,0.824175824,0.076923077,0,0.909090909,,1,0,0.909090909,0.090909091,0,0,0,0.127906977,0,0.872093023,0.058139535,0,0,0,1,,,0,,,0,0.157142857,0.078571429,0.67961165,0.266666667,0.133333333,0.072815534,0.31372549,0.156862745,0.247572816,,1.826086957,James Nnaji,Basquet Girona,1315,14,FALSE
SPAIN,2024-2025,28151,35,9,4,1,5,0,1,2,3,1,1,0,0,0,0,0,0,1,1,0,2,6,0,0,0,6,1,0,0,0,0,0,0,0,0,0,0,0,0,0,0,0,0,0,0,0,0,0,0,0,0,0,0,0,0,2,3,1,0,0,1,0,0,0,0,0,1,0,1,0,0,1,1,0,0,0,0,0,0,0,1,0,0,0,0,0,0,0,0,0,0,0,0,0,0,0,0,0,0,0,0,0,0,0,0,0,0,0,0,5,1,0,3,0,0,2,1,0,1,1,0,0,1,4,0,3,0,0,0,0,0,0,0,0,0,0,2,0,0,2,0,0,0,2,0,0,0,0,0,0,2,0,2,0,0,0,0,0,0,0,0,0,0,142,42,13,26,12,1,10,16,4,8,1,7,6,1,14,28,30,11,39,3,80,37,11,2,5,2,0,2,3,3,1,3,3,1,8,6,3,7,0,24,2,1,1,0,0,0,0,0,0,0,0,0,0,1,0,0,0,1,0,0,0,0,0,0,0,0,0,0,0,0,0,0,0,0,0,0,0,0,0,0,0,0,0,0,68,21,6,15,5,1,6,9,4,1,2,7,0,12,16,5,21,2,38,4,0,35,10,5,6,5,0,2,4,0,2,3,3,0,8,8,2,11,1,17,0,0,3,1,0,1,0,0,3,0,0,3,0,0,3,3,1,1,0,1,104,36,10,19,7,1,12,0,0,3,0,1,26,6,3,4,0,2,3,6,2,1,27,39,0,0,0.444444444,0.111111111,0.111111111,0,0,0.222222222,1.5,0.5,0,0,,,,,,,,,0.2,0,0.2,0,0,0,0,0,0.295774648,0.091549296,0.028169014,0.049295775,0.197183099,0.297297297,0.054054054,0.027027027,0,0,0,,,,0.308823529,0.088235294,0.014705882,0.285714286,0.142857143,0.057142857,0,0.25,0.333333333,0.666666667,0.25,0.75,0,0,0,0,0,0.111111111,0,0.666666667,0.111111111,0,0.111111111,0,0,0,0.666666667,0.333333333,0.2,0.8,0,0,0,0,0,0,0,0.6,0,0,0.2,0,,0,0,1,0,1,0,0,0,0,0,0,0,1,0,0,0,0,,1,0,1,1,0,0,0,0,0,0,0.5,0,0.5,0.5,0,0,0,,,,,,,,,,,,,,,,,,,,,,,,,,,,,,,,,,,,,0.545454545,0.058823529,0.564102564,0.435897436,0.482758621,0.517241379,0.077464789,0.042253521,0.007042254,0.274647887,0.021126761,0.563380282,0.056338028,0.007042254,0.5,0,0.571428571,0.428571429,0.571428571,0.428571429,0.081081081,0.054054054,0.027027027,0.189189189,0,0.648648649,0.081081081,0.027027027,,,,,,,1,0,0,0,0,0,0,0,,,,,,,,,,,,,,,0.454545455,0.1,0.523809524,0.476190476,0.428571429,0.571428571,0.073529412,0.058823529,0,0.308823529,0.029411765,0.558823529,0.029411765,0,0.714285714,0,0.636363636,0.363636364,0.5,0.5,0.057142857,0,0,0.314285714,0.028571429,0.485714286,0.085714286,0,0.333333333,0,0.333333333,0,0,0.333333333,1,0.333333333,0.333333333,0.346153846,0.096153846,0.732394366,0,0,0.084507042,0.230769231,0.115384615,0.183098592,0.581395349,0.692307692,Dylan Osetkowsky,Malaga,1339,35,FALSE
SPAIN,2024-2025,29113,14,98,84,20,13,16,4,8,5,14,17,0,9,7,2,3,6,48,19,29,42,27,23,7,16,33,25,0,1,0,0,0,0,0,0,0,0,1,0,1,0,0,1,0,0,1,0,0,0,0,0,0,0,0,1,15,13,4,2,4,0,2,0,1,3,4,8,0,6,5,2,6,6,0,1,0,0,1,0,2,3,5,0,0,0,0,0,0,0,0,0,0,0,0,0,0,0,0,0,0,0,0,0,0,0,0,0,0,0,68,57,11,8,8,3,5,3,8,10,10,35,0,29,18,19,19,16,0,6,2,3,5,6,13,13,22,13,12,4,3,3,1,1,2,0,0,2,4,0,6,3,2,7,2,0,0,0,0,0,1,1,3,1,8,0,0,1,0,0,1,0,0,0,0,0,0,0,0,0,1,0,1,0,7,2,0,0,0,0,0,0,0,0,0,0,0,0,0,0,0,0,0,2,0,0,0,0,0,0,0,0,0,0,0,0,0,0,0,0,0,0,0,0,0,0,0,0,0,0,0,0,0,0,0,0,0,0,0,0,0,0,0,0,0,0,0,0,4,0,0,1,0,0,1,0,0,0,0,0,0,0,1,0,1,0,3,0,0,2,0,0,0,0,0,0,0,0,0,0,0,0,0,0,0,0,0,2,0,0,50,43,11,8,4,8,24,15,4,3,1,4,24,26,5,2,4,2,3,0,0,0,0,0,2,0,0,0,0,0,3,0,0,1,0,0,44,33,25,20,0,1,0,0,0.857142857,0.204081633,0.142857143,0.091836735,0.234693878,0.428571429,0.866666667,0.266666667,0.2,0.066666667,0,0,1,0,,,,,0.838235294,0.161764706,0.147058824,0.117647059,0.923076923,0.307692308,0,0,0,0,0,0,0,0,0,0,,,,,,,0,0,0,0,0,0,0.666666667,0.444444444,0.727272727,0.272727273,0.608695652,0.391304348,0.234693878,0.071428571,0.020408163,0.030612245,0.06122449,0.193877551,0.295918367,0.336734694,0.255102041,0,0.173469388,0,0.615384615,0.5,0.684210526,0.315789474,0.617021277,0.382978723,0.279411765,0.088235294,0.029411765,0.044117647,0.073529412,0.191176471,0.323529412,0.279411765,0.235294118,0,0.147058824,0,0.75,0.333333333,0.571428571,0.428571429,0.666666667,0.333333333,0.153846154,0,0,0,0,0.230769231,0.076923077,0.538461538,0.153846154,0,0.153846154,0,0.666666667,,1,0,0.545454545,0.454545455,0.133333333,0.066666667,0,0,0.066666667,0.2,0.333333333,0.4,0.4,0,0.266666667,0,,,,,,,,,,,,,,,,,,,,,,,0,1,0,0,0,0,0,0,1,0,1,0,0,0,0,,1,0,0,1,0,0,0,0.125,0,0.875,0,0,,,,,,,0,0,0,0,0,1,0,0,,,,,,,,,,,,,,,,,,,,,,,,,,,,,0,,1,0,0,1,0,0,0,0.25,0,0.75,0,0,,,,,,,0,0,0,0,0,1,0,0,0.86,0.22,0.510204082,0.625,0.166666667,0.244897959,1.083333333,0.208333333,0.244897959,0,0,0.375,0,0,0.25,0,0,0.375,1.454545455,0,James Batemon,ICG Forca Lleida,1323,14,FALSE
SPAIN,2024-2025,32980,33,34,21,3,10,1,2,5,5,6,2,0,4,1,3,0,4,17,4,13,9,16,9,2,7,13,8,0,0,0,0,0,0,0,0,0,0,0,0,0,0,0,0,0,0,0,0,0,0,0,0,0,0,0,0,10,5,0,3,0,0,2,1,2,1,0,7,0,2,4,4,3,3,0,1,1,0,2,1,3,1,6,0,0,0,0,0,0,0,0,0,0,0,0,0,0,0,0,0,0,0,0,0,0,0,0,0,0,0,14,11,1,3,0,1,3,0,2,5,1,7,0,4,8,3,4,4,0,0,2,0,2,1,2,2,5,10,5,2,4,1,1,0,4,0,0,1,3,0,3,4,2,6,1,0,0,0,0,0,0,2,1,2,160,37,7,21,4,3,8,13,5,10,1,8,4,4,18,25,26,15,28,3,102,56,15,1,5,1,0,2,3,5,2,6,10,1,12,7,8,6,2,34,2,3,1,0,0,1,0,0,0,1,0,0,0,0,0,0,1,0,1,0,0,0,0,0,0,0,0,0,0,0,0,0,0,0,0,0,0,0,0,0,0,0,0,0,62,16,5,10,3,2,4,6,2,1,3,6,0,10,11,6,15,0,37,2,0,41,6,1,5,0,1,2,3,1,2,1,2,0,3,7,1,6,1,31,0,1,16,10,2,4,2,3,7,3,0,3,1,1,11,8,1,3,1,2,78,19,4,12,4,3,42,13,3,6,2,1,40,5,0,3,2,1,8,13,4,2,17,28,0,0,0.617647059,0.088235294,0.176470588,0.117647059,0.264705882,0.264705882,0.5,0,0.1,0.2,,,,,,,,,0.785714286,0.071428571,0.357142857,0.142857143,0.5,0.2,0,0,0.23125,0.04375,0.03125,0.05,0.15625,0.267857143,0.017857143,0.035714286,0,0,0,,,,0.258064516,0.080645161,0.016129032,0.146341463,0.024390244,0.048780488,0.166666667,0.285714286,0.461538462,0.538461538,0.36,0.64,0.264705882,0.029411765,0.088235294,0,0.117647059,0.117647059,0.382352941,0.382352941,0.235294118,0,0.058823529,0,0,1,0.75,0.25,0.333333333,0.666666667,0.214285714,0,0.142857143,0,0.142857143,0.142857143,0.357142857,0.285714286,0.285714286,0,0.071428571,0,1,0.2,0.166666667,0.833333333,0.428571429,0.571428571,0.2,0,0,0,0,0.1,0.2,0.6,0.1,0,0.1,0,0,0,0.666666667,0.333333333,0.333333333,0.666666667,0.4,0.1,0.1,0,0.2,0.1,0.6,0.3,0.3,0,0,0,,,,,,,,,,,,,,,,,,,,,,,,,,,,,,,,,,,,,0.333333333,0.1875,0.428571429,0.571428571,0.490196078,0.509803922,0.09375,0.025,0.025,0.175,0.01875,0.6375,0.0625,0.00625,0.333333333,0,0.5,0.5,0.631578947,0.368421053,0.142857143,0.035714286,0.053571429,0.107142857,0.035714286,0.607142857,0.107142857,0.017857143,,0,0,1,0,1,0,0,0,1,0,0,0,0,,,,,,,,,,,,,,,0.428571429,0.25,0.466666667,0.533333333,0.476190476,0.523809524,0.096774194,0.032258065,0,0.241935484,0,0.596774194,0.048387097,0,0,0.25,0.333333333,0.666666667,0.3,0.7,0.024390244,0,0.024390244,0.146341463,0.024390244,0.756097561,0.024390244,0,0.625,0.125,0.470588235,0.428571429,0,0.205882353,0.727272727,0.090909091,0.323529412,0.243589744,0.051282051,0.4875,0.30952381,0.071428571,0.2625,0.125,0,0.25,0.677506775,0.607142857,Chima Moneke,Bitci Baskonia,1326,33,FALSE
SPAIN,2024-2025,35400,20,116,65,13,30,11,2,17,13,18,5,1,12,5,7,3,9,62,26,36,30,48,25,7,18,43,37,0,2,0,0,0,0,0,0,0,0,1,0,2,0,0,1,1,0,1,0,0,0,0,0,0,1,0,2,23,9,2,8,1,1,3,5,1,3,1,9,0,4,11,2,10,7,0,0,1,0,1,1,1,6,3,1,0,0,1,0,0,1,0,0,0,0,0,0,0,1,0,1,0,0,0,0,0,0,0,0,0,0,81,50,10,18,10,0,11,7,10,13,4,46,0,24,31,20,28,26,0,5,5,3,7,5,15,17,29,9,6,1,3,0,1,2,1,1,1,0,5,1,2,4,2,4,3,0,0,1,0,1,1,1,3,2,11,0,0,1,0,0,1,0,0,0,0,0,0,0,1,0,1,1,1,0,9,2,0,0,0,0,0,0,0,0,0,0,0,0,0,0,0,0,0,2,0,0,0,0,0,0,0,0,0,0,0,0,0,0,0,0,0,0,0,0,0,0,0,0,0,0,0,0,0,0,0,0,0,0,0,0,0,0,0,0,0,0,0,0,6,0,0,1,0,0,1,0,0,0,0,0,0,0,1,0,1,0,5,0,0,3,0,0,0,0,0,0,0,0,0,0,1,0,0,0,1,0,0,2,0,0,68,45,9,15,7,13,16,7,1,7,2,1,32,13,3,8,3,4,7,0,0,1,0,0,2,0,0,0,0,0,2,0,0,0,0,0,28,43,6,6,0,1,0,0,0.560344828,0.112068966,0.155172414,0.103448276,0.215517241,0.25862069,0.391304348,0.086956522,0.130434783,0.043478261,0,0,0.5,0,0,0,0,0,0.617283951,0.12345679,0.160493827,0.12345679,0.666666667,0.111111111,0.111111111,0.111111111,0,0,0,0,0,0,0,0,,,,,,,0,0,0,0,0,0,0.392857143,0.133333333,0.651162791,0.348837209,0.384615385,0.615384615,0.215517241,0.043103448,0.060344828,0.025862069,0.077586207,0.224137931,0.310344828,0.370689655,0.318965517,0,0.043103448,0.00862069,0.476190476,0,0.75,0.25,0.436363636,0.563636364,0.24691358,0.061728395,0.061728395,0.037037037,0.086419753,0.209876543,0.358024691,0.345679012,0.320987654,0,0.049382716,0,0,0.5,0.5,0.5,0.333333333,0.666666667,0.222222222,0,0.111111111,0,0.111111111,0.333333333,0.222222222,0.444444444,0.333333333,0,0,0.111111111,0.25,0.166666667,0.4,0.6,0.266666667,0.733333333,0.086956522,0,0.043478261,0,0.043478261,0.260869565,0.130434783,0.434782609,0.304347826,0,0.043478261,0,0,,1,0,0,1,0,0,0,0,0,0,0,1,0,0,0,0,,,,,0,1,0.5,0,0,0,0,0,1,0,0.5,0,0,0,0,,1,0,0,1,0.090909091,0,0,0.090909091,0,0.818181818,0,0,,,,,,,0,0,0,0,0,1,0,0,,,,,,,,,,,,,,,,,,,,,,,,,,,,,0,,1,0,0,1,0,0,0,0.166666667,0,0.833333333,0,0,,,,,,,0.333333333,0,0,0,0,0.666666667,0,0,0.661764706,0.132352941,0.586206897,0.4375,0.0625,0.137931034,0.40625,0.09375,0.275862069,0,0,0.636363636,0,0,0.181818182,0,0,0.181818182,0.744960561,0,Gian Clavell Lopez,Coviran Granada,1319,20,FALSE
SPAIN,2024-2025,35023,39,18,20,4,7,4,0,5,2,0,2,2,3,1,2,1,2,5,2,3,9,7,4,1,3,11,1,0,0,0,0,0,0,0,0,0,0,0,0,0,0,0,0,0,0,0,0,0,0,0,0,0,0,0,0,2,3,0,0,0,0,0,0,1,0,0,2,0,1,0,2,0,0,0,0,1,0,1,0,2,0,2,0,0,0,0,0,0,0,0,0,0,0,0,0,0,0,0,0,0,0,0,0,0,0,0,0,0,0,14,14,4,6,4,0,5,1,1,0,2,2,2,7,6,1,10,1,0,1,0,0,1,0,1,1,1,2,3,0,1,0,0,0,1,1,0,0,1,0,1,1,1,1,0,0,0,1,1,0,1,0,1,0,25,13,4,3,2,2,1,2,0,1,0,1,0,1,3,6,3,3,7,0,14,9,6,1,2,0,1,1,1,1,0,1,3,0,3,2,3,3,0,2,0,1,0,0,0,0,0,0,0,0,0,0,0,0,0,0,0,0,0,0,0,0,0,0,0,0,0,0,0,0,0,0,0,0,0,0,0,0,0,0,0,0,0,0,8,7,3,1,2,1,0,1,0,0,0,0,0,3,1,0,4,0,4,0,0,8,0,0,0,0,0,0,0,0,0,0,0,0,0,0,0,0,0,8,0,0,1,0,0,1,0,0,4,5,1,2,1,0,13,15,3,4,2,0,15,10,3,1,1,0,3,0,0,1,0,0,7,3,1,1,0,0,8,11,4,4,10,7,0,0,1.111111111,0.222222222,0,0.166666667,0.222222222,0.5,1.5,0,0,0.5,,,,,,,,,1,0.285714286,0,0.071428571,1.5,0,0,0.5,0.52,0.16,0,0.04,0.24,0.666666667,0.111111111,0,,,,,,,0.875,0.375,0,0,0,0,0.444444444,0,0.818181818,0.181818182,0.5625,0.4375,0.222222222,0.055555556,0.111111111,0.055555556,0.111111111,0.111111111,0.166666667,0.611111111,0.055555556,0,0.111111111,0.111111111,0.444444444,0,0.9,0.1,0.538461538,0.461538462,0.071428571,0.071428571,0,0,0.071428571,0.071428571,0.071428571,0.714285714,0.071428571,0,0.142857143,0.142857143,,0,0,1,0.5,0.5,0.5,0,0.5,0.5,0,0.5,0,0.5,0,0,0,0,,,,,1,0,1,0,0.5,0,0.5,0,1,0,0,0,0,0,,,,,,,,,,,,,,,,,,,,,,,,,,,,,,,,,,,,,0.666666667,0.5,0.428571429,0.571428571,0.666666667,0.333333333,0.12,0,0.04,0.28,0,0.56,0.04,0,0,0.5,0.333333333,0.666666667,0.6,0.4,0.333333333,0,0.111111111,0.333333333,0,0.222222222,0.111111111,0,,,,,,,,,,,,,,,,,,,,,,,,,,,,,1,0.5,0.5,0.5,0.75,0.25,0,0,0,0.5,0,0.5,0,0,,,,,,,0,0,0,0,0,1,0,0,0,0,0.055555556,1.25,0.25,0.222222222,1.153846154,0.230769231,0.722222222,0.666666667,0.2,0.6,0,0,0.12,0.428571429,0.142857143,0.28,0.940438871,1.428571429,Semi Ojeleye,Valencia BC,1325,39,FALSE
SPAIN,2024-2025,28741,9,0,0,0,0,0,0,0,0,0,0,0,0,0,0,0,0,0,0,0,0,0,0,0,0,0,0,0,0,0,0,0,0,0,0,0,0,0,0,0,0,0,0,0,0,0,0,0,0,0,0,0,0,0,0,0,0,0,0,0,0,0,0,0,0,0,0,0,0,0,0,0,0,0,0,0,0,0,0,0,0,0,0,0,0,0,0,0,0,0,0,0,0,0,0,0,0,0,0,0,0,0,0,0,0,0,0,0,0,0,0,0,0,0,0,0,0,0,0,0,0,0,0,0,0,0,0,0,0,0,0,0,0,0,0,0,0,0,0,0,0,0,0,0,0,0,0,0,0,0,0,0,0,0,0,0,0,0,0,0,0,0,0,97,24,9,8,9,0,8,0,1,6,1,2,0,2,5,16,9,4,17,1,70,12,2,1,0,1,0,0,0,0,0,0,0,0,1,0,0,1,0,11,0,0,1,0,0,0,0,0,0,0,0,0,0,0,0,0,0,0,0,0,1,0,0,1,0,0,0,0,0,0,0,0,0,1,0,0,1,0,0,0,0,0,0,0,55,16,5,6,5,0,6,0,2,1,4,5,0,10,7,4,11,1,36,0,2,28,6,3,2,3,0,2,0,0,0,1,0,1,4,2,0,5,0,22,0,0,0,0,0,0,0,0,0,0,0,0,0,0,0,0,0,0,0,0,45,10,2,6,2,0,22,6,3,1,0,0,30,8,4,1,0,1,0,0,0,0,18,17,0,0,,,,,,,,,,,,,,,,,,,,,,,,,,,0.24742268,0.092783505,0.010309278,0.020618557,0.164948454,0.166666667,0.083333333,0,0,0,0,0,0,0,0.290909091,0.090909091,0.018181818,0.214285714,0.107142857,0,,,,,,,,,,,,,,,,,,,,,,,,,,,,,,,,,,,,,,,,,,,,,,,,,,,,,,,,,,,,,,,,,,,,,,,,,,,,,,,,,,,,,,,,,,,,,,,,,,,,,,,,,,,,,0.529411765,,1,0,0.64,0.36,0.041237113,0,0.020618557,0.175257732,0.010309278,0.721649485,0.06185567,0.010309278,1,,1,0,1,0,0,0,0,0.083333333,0,0.916666667,0,0,,,,,,,0,0,0,0,0,1,0,0,,,,,1,0,0,0,0,0,0,0,1,0,0.454545455,,1,0,0.588235294,0.411764706,0.072727273,0,0.036363636,0.2,0.018181818,0.654545455,0.072727273,0,0.6,,1,0,0.666666667,0.333333333,0,0,0,0.178571429,0,0.785714286,0.035714286,0.035714286,,,,,,,,,,0.222222222,0.044444444,0.463917526,0.272727273,0.136363636,0.226804124,0.266666667,0.133333333,0.309278351,,1.058823529,Demajeo Wiggins,ICG Forca Lleida,1323,9,FALSE
SPAIN,2024-2025,59241,28,0,0,0,0,0,0,0,0,0,0,0,0,0,0,0,0,0,0,0,0,0,0,0,0,0,0,0,0,0,0,0,0,0,0,0,0,0,0,0,0,0,0,0,0,0,0,0,0,0,0,0,0,0,0,0,0,0,0,0,0,0,0,0,0,0,0,0,0,0,0,0,0,0,0,0,0,0,0,0,0,0,0,0,0,0,0,0,0,0,0,0,0,0,0,0,0,0,0,0,0,0,0,0,0,0,0,0,0,0,0,0,0,0,0,0,0,0,0,0,0,0,0,0,0,0,0,0,0,0,0,0,0,0,0,0,0,0,0,0,0,0,0,0,0,0,0,0,0,0,0,0,0,0,0,0,0,0,0,0,0,0,0,336,88,26,27,26,0,27,0,4,12,1,15,9,6,26,51,31,25,53,1,244,47,13,5,2,5,0,2,0,1,2,1,2,0,7,4,2,7,0,35,0,1,0,0,0,0,0,0,0,0,0,0,0,0,0,0,0,0,0,0,0,0,0,4,0,0,0,0,0,0,0,0,1,0,1,0,0,1,0,0,1,3,0,0,127,48,14,14,14,0,14,0,9,1,7,15,0,29,15,15,28,0,77,7,2,153,25,6,11,6,0,11,0,5,0,4,8,1,14,11,8,17,0,125,2,3,0,0,0,0,0,0,0,0,0,0,0,0,0,0,0,0,0,0,197,59,17,20,10,2,51,8,2,4,2,0,88,21,7,3,3,2,0,0,0,0,52,53,0,0,,,,,,,,,,,,,,,,,,,,,,,,,,,0.261904762,0.077380952,0.011904762,0.044642857,0.151785714,0.276595745,0.106382979,0.042553191,,,,0,0,0.25,0.377952756,0.11023622,0.007874016,0.163398693,0.039215686,0,,,,,,,,,,,,,,,,,,,,,,,,,,,,,,,,,,,,,,,,,,,,,,,,,,,,,,,,,,,,,,,,,,,,,,,,,,,,,,,,,,,,,,,,,,,,,,,,,,,,,,,,,,,,,0.490566038,,1,0,0.62195122,0.37804878,0.074404762,0.026785714,0.017857143,0.157738095,0.00297619,0.726190476,0.035714286,0.00297619,0.714285714,,1,0,0.636363636,0.363636364,0.042553191,0,0.021276596,0.14893617,0,0.744680851,0.021276596,0,,,,,,,,,,,,,,,,,,,0,1,0,0,0,0,0.25,0.75,0,0,0.5,,1,0,0.659090909,0.340909091,0.118110236,0.05511811,0.015748031,0.220472441,0,0.606299213,0.05511811,0,0.352941176,,1,0,0.56,0.44,0.052287582,0.013071895,0.019607843,0.111111111,0,0.816993464,0.026143791,0.006535948,,,,,,,,,,0.299492386,0.086294416,0.586309524,0.156862745,0.039215686,0.151785714,0.238636364,0.079545455,0.261904762,,0.981132075,Bodian Massa,BAXI Manresa,1330,28,FALSE
SPAIN,2024-2025,59177,28,4,4,1,0,1,0,0,0,0,0,0,1,1,0,0,1,3,1,2,2,0,3,1,2,1,0,0,0,0,0,0,0,0,0,0,0,0,0,0,0,0,0,0,0,0,0,0,0,0,0,0,0,0,0,0,0,0,0,0,0,0,0,0,0,0,0,0,0,0,0,0,0,0,0,0,0,0,0,0,0,0,0,0,0,0,0,0,0,0,0,0,0,0,0,0,0,0,0,0,0,0,0,0,0,0,0,0,0,2,2,1,0,1,0,0,0,0,0,0,1,0,1,0,1,1,0,0,0,0,0,0,1,0,1,0,2,2,0,0,0,0,0,0,1,0,0,2,0,1,0,2,0,0,0,1,0,0,1,0,2,0,2,477,180,59,35,59,0,34,1,10,20,3,26,16,10,59,100,45,54,94,5,305,40,12,5,1,5,0,1,0,1,1,2,4,0,7,2,4,6,0,29,1,0,0,0,0,0,0,0,0,0,0,0,0,0,0,0,0,0,0,0,0,0,0,3,0,0,0,0,0,0,0,0,0,0,0,0,0,0,0,0,0,3,0,0,204,77,19,18,19,0,18,0,16,6,12,36,2,46,24,33,37,3,117,9,7,229,91,35,16,35,0,15,1,9,3,6,19,1,47,19,17,51,2,155,6,3,2,2,1,0,0,0,0,0,0,0,0,0,2,2,0,0,1,0,325,125,44,29,15,8,60,26,7,2,5,2,92,29,8,4,6,0,2,1,0,0,118,94,0,0,1,0.25,0,0.25,0.75,0.5,,,,,,,,,,,,,1,0.5,0,0,1,0,0,0.5,0.377358491,0.123689727,0.020964361,0.054507338,0.209643606,0.3,0.125,0.025,,,,0,0,0,0.37745098,0.093137255,0.029411765,0.397379913,0.152838428,0.013100437,1,,1,0,1,0,0.75,0.25,0,0,0.25,0.25,0.5,0.25,0,0,0,0,1,,1,0,1,0,0.5,0,0,0,0,0.5,0,0.5,0,0,0,0,,,,,1,0,1,0.5,0,0,0.5,0,1,0,0,0,0,0,,,,,,,,,,,,,,,,,,,,,,,,,,,,,,,,,,,,,,,,,,,,,,,,,,,,,,,0.634408602,0,0.989361702,0.010638298,0.689655172,0.310344828,0.113207547,0.033542977,0.020964361,0.19706499,0.01048218,0.639412998,0.041928721,0.006289308,0.833333333,,1,0,0.777777778,0.222222222,0.1,0.025,0,0.15,0,0.725,0.05,0,,,,,,,,,,,,,,,,,,,,,0,0,0,0,0,1,0,0,0.513513514,,1,0,0.657142857,0.342857143,0.161764706,0.044117647,0.034313725,0.181372549,0.014705882,0.573529412,0.058823529,0.009803922,0.7,0,0.980392157,0.019607843,0.712121212,0.287878788,0.074235808,0.026200873,0.013100437,0.222707424,0.008733624,0.676855895,0.026200873,0.004366812,1,0.5,0.5,,,0,1,0,0.5,0.384615385,0.135384615,0.681341719,0.433333333,0.116666667,0.125786164,0.315217391,0.086956522,0.192872117,2,1.255319149,Simon Birgander,CB UCAM Murcia,1334,28,FALSE
SPAIN,2024-2025,59238,30,94,62,11,10,4,7,3,7,9,1,0,14,10,4,7,7,72,40,32,25,19,42,18,24,21,30,0,0,0,0,0,0,0,0,0,0,0,0,0,0,0,0,0,0,0,0,0,0,0,0,0,0,0,0,6,2,0,1,0,0,1,0,1,1,0,4,0,1,2,1,1,3,0,1,0,1,0,1,0,4,0,1,0,0,0,0,0,0,0,0,0,0,1,0,0,0,0,0,1,0,0,0,0,0,0,0,1,0,81,52,8,8,3,5,2,6,13,8,1,65,0,21,16,40,16,25,0,9,4,6,7,17,23,34,31,6,8,3,1,1,2,0,1,0,0,0,2,0,3,1,1,4,1,0,0,0,0,0,0,1,1,1,14,0,0,1,0,0,1,0,1,0,0,0,0,0,3,0,2,2,1,1,10,6,0,0,1,0,0,1,0,0,0,0,1,0,0,1,1,1,0,4,0,0,0,0,0,0,0,0,0,0,0,0,0,0,0,0,0,0,0,0,0,0,0,0,0,0,0,0,0,0,0,0,0,0,0,0,0,0,0,0,0,0,0,0,4,0,0,0,0,0,0,0,0,1,0,2,0,0,1,1,0,1,2,0,0,4,0,0,0,0,0,0,0,0,0,0,0,0,0,0,0,0,0,4,0,0,47,31,5,2,8,4,20,13,1,2,4,1,27,18,5,6,2,4,10,0,0,1,0,1,3,0,0,0,0,0,1,0,0,0,0,0,29,21,1,1,0,1,0,0,0.659574468,0.117021277,0.095744681,0.14893617,0.446808511,0.265957447,0.333333333,0,0.166666667,0.166666667,,,,,0,0,0,0,0.641975309,0.098765432,0.098765432,0.160493827,1.333333333,0.5,0,0,0,0,0.071428571,0,0,0,0,0,,,,,,,0,0,0.25,0,0,0,0.571428571,0.5,0.333333333,0.666666667,0.568181818,0.431818182,0.446808511,0.106382979,0.042553191,0.074468085,0.074468085,0.425531915,0.340425532,0.223404255,0.319148936,0,0.010638298,0,0.6,0.454545455,0.3125,0.6875,0.567567568,0.432432432,0.49382716,0.111111111,0.049382716,0.074074074,0.086419753,0.419753086,0.382716049,0.197530864,0.308641975,0,0.012345679,0,1,0.666666667,0.25,0.75,0.75,0.25,0.166666667,0,0,0,0,0.166666667,0.166666667,0.666666667,0.166666667,0,0,0,0,,1,0,0.333333333,0.666666667,0.166666667,0.166666667,0,0.166666667,0,0.666666667,0,0.166666667,0.5,0,0,0,,,,,,,0,0,0,0,0,1,0,0,1,0,0,0,,,,,,,,,,,,,,,,,,,0,,1,0,0,1,0.142857143,0,0,0.071428571,0.071428571,0.714285714,0,0,0,,1,0,0,1,0.166666667,0,0,0.166666667,0,0.666666667,0,0,,,,,,,,,,,,,,,,,,,,,,,,,,,,,,,,,0,1,0.25,0,0,0,0.25,0.5,0,0,,,,,,,0,0,0,0,0,1,0,0,0.659574468,0.106382979,0.5,0.65,0.05,0.212765957,0.666666667,0.185185185,0.287234043,0,0,0.714285714,0,0,0.214285714,0,0,0.071428571,1.399253731,0,Pau Ribas,Club Joventut Badalona,1336,30,FALSE
SPAIN,2024-2025,59258,30,157,107,15,37,7,8,22,15,26,6,3,25,15,10,15,10,92,54,38,46,63,54,31,23,52,38,0,1,2,0,0,0,0,0,0,1,0,0,1,0,1,0,1,0,0,0,1,0,1,0,1,0,1,0,10,12,3,2,1,2,0,2,2,0,0,5,0,5,2,4,5,1,0,2,0,1,1,2,2,2,3,1,2,0,0,0,0,0,0,1,0,0,1,0,1,0,1,0,0,0,1,0,1,0,1,0,1,0,129,82,10,30,4,6,20,10,19,26,6,76,2,35,56,41,40,35,0,10,9,12,7,25,16,46,30,16,9,2,5,2,0,2,3,2,0,0,9,1,4,5,7,7,2,0,1,1,0,2,2,5,4,5,10,0,0,2,0,0,0,2,0,1,0,0,0,0,0,1,2,0,2,0,7,3,0,0,1,0,0,0,1,0,0,1,0,0,1,1,0,1,0,1,0,0,0,0,0,0,0,0,0,0,0,0,0,0,0,0,0,0,0,0,0,0,0,0,0,0,0,0,0,0,0,0,0,0,0,0,0,0,0,0,0,0,0,0,2,0,0,0,0,0,0,0,0,0,0,0,0,0,0,0,0,0,2,0,0,5,0,0,1,0,0,0,1,0,0,0,0,0,0,1,0,1,0,4,0,0,84,68,10,16,16,13,15,10,2,3,1,4,58,29,3,18,8,9,6,0,0,2,0,0,3,0,0,0,0,0,1,0,0,0,0,0,38,52,10,9,0,2,0,0,0.681528662,0.095541401,0.165605096,0.159235669,0.343949045,0.292993631,1.2,0.3,0,0.2,2,0,0,1,2,0,0,1,0.635658915,0.07751938,0.201550388,0.147286822,0.5625,0.125,0,0.125,0,0,0,0,0.1,0,0,0,,,,,,,0,0,0,0,0,0,0.24137931,0.347826087,0.557692308,0.442307692,0.422018349,0.577981651,0.343949045,0.095541401,0.063694268,0.095541401,0.063694268,0.343949045,0.242038217,0.331210191,0.242038217,0,0.038216561,0.01910828,0.166666667,0.375,0.6,0.4,0.384615385,0.615384615,0.317829457,0.07751938,0.069767442,0.093023256,0.054263566,0.356589147,0.23255814,0.310077519,0.271317829,0,0.046511628,0.015503876,0.5,0,0.571428571,0.428571429,0.444444444,0.555555556,0.4375,0.0625,0.0625,0,0.125,0.25,0.3125,0.4375,0.125,0,0,0.0625,1,0.5,0.2,0.8,0.714285714,0.285714286,0.4,0.2,0,0.1,0.1,0.2,0.3,0.5,0.1,0,0,0,,,,,1,0,1,1,0,1,0,1,0,0,0,0,0,0,,,,,1,0,1,1,0,1,0,1,0,0,0,0,0,0,,0,0,1,0.333333333,0.666666667,0,0,0,0.2,0,0.7,0.1,0,,0,0,1,0.5,0.5,0,0,0,0.333333333,0,0.333333333,0.333333333,0,,,,,,,,,,,,,,,,,,,,,,,,,,,,,,,,,,,0,0,0,0,0,1,0,0,,0,0,1,0,1,0,0,0,0.2,0,0.8,0,0,0.80952381,0.119047619,0.535031847,0.666666667,0.133333333,0.095541401,0.5,0.051724138,0.369426752,0,0,0.6,0,0,0.3,0,0,0.1,0.833333333,0,Kenny Hasbrouck,ICG Forca Lleida,1323,30,FALSE
SPAIN,2024-2025,59249,25,51,49,7,8,5,2,7,1,5,6,2,10,8,2,8,2,28,21,7,23,13,16,11,5,15,12,0,0,0,0,0,0,0,0,0,0,0,0,0,0,0,0,0,0,0,0,0,0,0,0,0,0,0,0,8,4,1,2,1,0,2,0,1,0,0,5,1,2,2,3,3,2,0,1,0,1,0,2,1,4,1,0,0,0,0,0,0,0,0,0,0,0,0,0,0,0,0,0,0,0,0,0,0,0,0,0,0,0,29,30,4,2,4,0,2,0,7,5,4,17,0,15,7,9,6,8,0,6,1,6,1,7,2,13,4,14,15,2,4,0,2,3,1,2,0,2,6,1,6,4,4,6,2,0,1,1,1,1,2,2,4,2,8,2,1,2,1,0,0,2,0,0,0,0,0,0,0,1,2,0,3,0,5,1,0,0,1,0,0,0,1,0,0,0,0,0,0,1,0,1,0,0,0,0,0,0,0,0,0,0,0,0,0,0,0,0,0,0,0,0,0,0,0,0,0,0,0,0,0,0,0,0,0,0,0,0,0,0,0,0,0,0,0,0,0,0,2,0,0,0,0,0,0,0,0,0,0,0,0,0,0,0,0,0,2,0,0,5,2,1,1,1,0,0,1,0,0,0,0,0,1,1,0,2,0,3,0,0,36,38,5,4,9,3,6,5,1,2,0,0,9,6,1,2,1,2,4,2,1,1,0,0,1,0,0,0,0,0,3,0,0,1,0,0,16,15,12,11,2,3,0,0,0.960784314,0.137254902,0.098039216,0.196078431,0.31372549,0.450980392,0.5,0.125,0,0.125,,,,,,,,,1.034482759,0.137931034,0.172413793,0.24137931,1.071428571,0.142857143,0,0.142857143,0.25,0.125,0,0,0.125,0,0,0,,,,,,,0,0,0,0.4,0.2,0,0.416666667,0.666666667,0.8,0.2,0.638888889,0.361111111,0.31372549,0.156862745,0.039215686,0.156862745,0.039215686,0.411764706,0.137254902,0.294117647,0.235294118,0,0.117647059,0.039215686,0.666666667,,1,0,0.681818182,0.318181818,0.310344828,0.206896552,0.034482759,0.206896552,0.034482759,0.448275862,0.137931034,0.206896552,0.275862069,0,0.137931034,0,0,0.666666667,0.5,0.5,0.6,0.4,0.285714286,0.071428571,0.071428571,0.071428571,0.071428571,0.285714286,0.142857143,0.428571429,0.142857143,0,0.142857143,0.071428571,0.333333333,,1,0,0.5,0.5,0.375,0.125,0,0.125,0,0.5,0.125,0.375,0.25,0,0,0.125,,,,,,,,,,,,,,,,,,,,,,,,,,,,,,,,,,,,,1,0,0.333333333,0.666666667,0.333333333,0.666666667,0,0,0,0.375,0,0.625,0,0,,0,0,1,0,1,0,0,0,1,0,0,0,0,,,,,,,,,,,,,,,,,,,,,,,,,,,,,,,,,,,0,0,0,0,0,1,0,0,1,0,0.5,0.5,0.5,0.5,0,0,0,0.4,0,0.6,0,0,1.055555556,0.138888889,0.705882353,0.833333333,0.166666667,0.117647059,0.666666667,0.111111111,0.176470588,0.5,0.25,0.5,0,0,0.125,0,0,0.375,1.331360947,0.666666667,Karl Olle V. Lundqvist Lundqvist,Leyma Coruna,1321,25,FALSE
SPAIN,2024-2025,58649,32,15,14,5,1,5,0,1,0,2,1,0,1,1,0,0,1,7,3,4,7,3,5,2,3,6,2,0,0,0,0,0,0,0,0,0,0,0,0,0,0,0,0,0,0,0,0,0,0,0,0,0,0,0,0,3,0,0,0,0,0,0,0,0,0,0,3,0,0,0,2,0,1,0,0,0,0,0,0,2,1,2,0,0,0,0,0,0,0,0,0,0,0,0,0,0,0,0,0,0,0,0,0,0,0,0,0,0,0,11,12,4,1,4,0,1,0,1,2,1,4,0,6,3,3,5,1,0,1,0,0,1,2,1,2,2,1,2,1,0,1,0,0,0,0,0,0,0,0,1,0,0,1,0,0,0,0,0,0,0,0,0,0,29,17,4,4,0,4,2,2,0,1,0,2,1,1,2,7,4,2,8,0,18,5,0,0,1,0,0,0,1,0,0,0,0,0,0,1,0,1,0,4,0,0,0,0,0,0,0,0,0,0,0,0,0,0,0,0,0,0,0,0,0,0,0,0,0,0,0,0,0,0,0,0,0,0,0,0,0,0,0,0,0,0,0,0,13,14,4,2,0,4,2,0,1,0,1,1,0,6,2,1,6,0,5,1,0,11,3,0,1,0,0,0,1,1,0,0,1,0,1,1,1,1,0,9,0,1,4,2,1,0,0,1,3,2,1,1,0,0,8,10,3,0,1,1,20,12,4,3,0,0,6,3,0,1,1,0,3,2,0,0,1,0,10,6,2,2,12,8,0,0,0.933333333,0.333333333,0.133333333,0.066666667,0.333333333,0.466666667,0,0,0,0,,,,,,,,,1.090909091,0.363636364,0.181818182,0.090909091,2,1,0,0,0.586206897,0.137931034,0,0.068965517,0.24137931,0,0,0,,,,,,,1.076923077,0.307692308,0,0.272727273,0,0,0.833333333,,1,0,0.7,0.3,0.333333333,0.066666667,0,0,0.066666667,0.2,0.266666667,0.4,0.133333333,0,0.066666667,0,0.8,,1,0,0.666666667,0.333333333,0.272727273,0.090909091,0,0,0.090909091,0.181818182,0.181818182,0.454545455,0.090909091,0,0.090909091,0,1,,1,0,1,0,0,0,0,0,0,0,0,1,0,0,0,0,,,,,,,0.666666667,0,0,0,0,0.333333333,0.666666667,0,0.333333333,0,0,0,,,,,,,,,,,,,,,,,,,,,,,,,,,,,,,,,,,,,0,0.666666667,0.25,0.75,0.636363636,0.363636364,0.068965517,0.034482759,0.034482759,0.275862069,0,0.620689655,0.034482759,0,,0,0,1,0,1,0,0,0,0.2,0,0.8,0,0,,,,,,,,,,,,,,,,,,,,,,,,,,,,,0,1,0.333333333,0.666666667,0.75,0.25,0.076923077,0.076923077,0,0.461538462,0,0.384615385,0.076923077,0,,0,0,1,0.5,0.5,0.090909091,0,0.090909091,0.090909091,0,0.818181818,0,0,0.5,0.25,0.266666667,0.666666667,0.333333333,0.2,1.25,0.375,0.533333333,0.6,0.2,0.689655172,0.5,0,0.206896552,0.666666667,0,0.103448276,1.744186047,1.5,Nikolaos Rogkavopoulos,Bitci Baskonia,1326,32,FALSE
SPAIN,2024-2025,35758,10,0,0,0,0,0,0,0,0,0,0,0,0,0,0,0,0,0,0,0,0,0,0,0,0,0,0,0,0,0,0,0,0,0,0,0,0,0,0,0,0,0,0,0,0,0,0,0,0,0,0,0,0,0,0,0,0,0,0,0,0,0,0,0,0,0,0,0,0,0,0,0,0,0,0,0,0,0,0,0,0,0,0,0,0,0,0,0,0,0,0,0,0,0,0,0,0,0,0,0,0,0,0,0,0,0,0,0,0,0,0,0,0,0,0,0,0,0,0,0,0,0,0,0,0,0,0,0,0,0,0,0,0,0,0,0,0,0,0,0,0,0,0,0,0,0,0,0,0,0,0,0,0,0,0,0,0,0,0,0,0,0,0,114,26,9,7,9,0,7,0,3,1,4,4,4,0,10,14,10,7,16,3,87,14,0,0,2,0,0,2,0,0,0,0,0,1,0,2,0,2,0,12,0,0,1,2,1,0,1,0,0,0,0,0,0,0,0,1,0,0,1,0,0,0,0,1,0,0,0,0,0,0,0,0,0,0,0,0,0,0,0,0,0,1,0,0,42,14,4,3,4,0,3,0,3,3,0,9,2,7,6,6,7,3,26,3,0,56,10,4,2,4,0,2,0,1,0,1,1,1,6,2,1,6,0,48,1,0,0,0,0,0,0,0,0,0,0,0,0,0,0,0,0,0,0,0,74,18,6,5,3,2,17,4,1,0,1,1,23,4,2,2,0,0,0,0,0,0,18,16,0,0,,,,,,,,,,,,,,,,,,,,,,,,,,,0.228070175,0.078947368,0.026315789,0.035087719,0.122807018,0,0,0,2,1,0,0,0,0,0.333333333,0.095238095,0.071428571,0.178571429,0.071428571,0,,,,,,,,,,,,,,,,,,,,,,,,,,,,,,,,,,,,,,,,,,,,,,,,,,,,,,,,,,,,,,,,,,,,,,,,,,,,,,,,,,,,,,,,,,,,,,,,,,,,,,,,,,,,,0.5625,,1,0,0.583333333,0.416666667,0.061403509,0.035087719,0,0.140350877,0.026315789,0.763157895,0.00877193,0.035087719,0,,1,0,0,1,0,0,0,0.142857143,0,0.857142857,0,0.071428571,1,,1,0,1,0,0,0,0,1,0,0,0,0,,,,,,,0,0,0,0,0,1,0,0,0.571428571,,1,0,0.538461538,0.461538462,0.142857143,0.071428571,0,0.166666667,0.071428571,0.619047619,0,0.047619048,0.666666667,,1,0,0.75,0.25,0.017857143,0.017857143,0,0.107142857,0,0.857142857,0.017857143,0.017857143,,,,,,,,,,0.243243243,0.081081081,0.649122807,0.235294118,0.058823529,0.149122807,0.173913043,0.086956522,0.201754386,,1.125,Derek Cooke Jr.,ICG Forca Lleida,1323,10,FALSE
SPAIN,2024-2025,59075,16,0,0,0,0,0,0,0,0,0,0,0,0,0,0,0,0,0,0,0,0,0,0,0,0,0,0,0,0,0,0,0,0,0,0,0,0,0,0,0,0,0,0,0,0,0,0,0,0,0,0,0,0,0,0,0,0,0,0,0,0,0,0,0,0,0,0,0,0,0,0,0,0,0,0,0,0,0,0,0,0,0,0,0,0,0,0,0,0,0,0,0,0,0,0,0,0,0,0,0,0,0,0,0,0,0,0,0,0,0,0,0,0,0,0,0,0,0,0,0,0,0,0,0,0,0,0,0,0,0,0,0,0,0,0,0,0,0,0,0,0,0,0,0,0,0,0,0,0,0,0,0,0,0,0,0,0,0,0,0,0,0,0,170,57,16,13,16,0,13,0,4,9,1,9,2,7,21,33,17,17,29,4,110,23,4,2,2,2,0,2,0,0,0,2,0,0,4,2,0,4,0,17,0,0,1,0,0,0,0,0,0,0,0,0,0,0,0,0,0,0,0,0,1,0,0,1,0,0,1,0,0,1,0,0,0,0,0,0,0,1,0,1,0,0,0,0,94,42,11,8,11,0,8,0,7,4,6,15,1,23,12,12,19,3,53,1,6,49,11,3,2,3,0,2,0,2,0,1,6,0,6,2,5,5,1,37,1,1,0,0,0,0,0,0,0,0,0,0,0,0,0,0,0,0,0,0,117,51,13,4,9,2,15,4,2,2,0,0,38,2,1,7,0,2,0,0,0,0,32,29,0,0,,,,,,,,,,,,,,,,,,,,,,,,,,,0.335294118,0.094117647,0.023529412,0.052941176,0.194117647,0.173913043,0.086956522,0,0,0,0,0,0,0,0.446808511,0.117021277,0.042553191,0.224489796,0.06122449,0,,,,,,,,,,,,,,,,,,,,,,,,,,,,,,,,,,,,,,,,,,,,,,,,,,,,,,,,,,,,,,,,,,,,,,,,,,,,,,,,,,,,,,,,,,,,,,,,,,,,,,,,,,,,,0.551724138,,1,0,0.66,0.34,0.1,0.011764706,0.041176471,0.170588235,0.023529412,0.647058824,0.052941176,0.005882353,0.5,,1,0,0.666666667,0.333333333,0,0,0,0.173913043,0,0.739130435,0.086956522,0,,,,,,,0,0,0,0,0,1,0,0,0,,1,0,0,1,0,0,0,1,0,0,0,0,0.578947368,,1,0,0.657142857,0.342857143,0.127659574,0.010638298,0.063829787,0.20212766,0.031914894,0.563829787,0.063829787,0.010638298,0.6,,1,0,0.75,0.25,0.102040816,0.020408163,0.020408163,0.102040816,0.020408163,0.755102041,0.020408163,0,,,,,,,,,,0.435897436,0.111111111,0.688235294,0.266666667,0.133333333,0.088235294,0.052631579,0.026315789,0.223529412,,1.103448276,Augusto Lima,Leyma Coruna,1321,16,FALSE
SPAIN,2024-2025,34898,21,6,9,3,0,3,0,0,0,1,2,0,0,0,0,0,0,2,0,2,4,1,1,0,1,3,1,0,0,0,0,0,0,0,0,0,0,0,0,0,0,0,0,0,0,0,0,0,0,0,0,0,0,0,0,0,0,0,0,0,0,0,0,0,0,0,0,0,0,0,0,0,0,0,0,0,0,0,0,0,0,0,0,0,0,0,0,0,0,0,0,0,0,0,0,0,0,0,0,0,0,0,0,0,0,0,0,0,0,3,4,1,0,1,0,0,0,0,0,1,1,0,2,0,1,1,0,0,0,0,0,0,0,1,0,1,3,5,2,0,2,0,0,0,0,1,1,1,0,2,1,0,2,1,0,0,0,0,0,0,0,0,1,129,41,15,15,10,5,7,8,2,1,1,2,0,2,8,18,17,5,30,3,88,21,7,2,1,2,0,1,0,1,0,0,2,0,3,1,2,3,0,16,0,1,1,0,0,0,0,0,0,0,0,0,0,1,0,0,0,1,0,0,0,0,0,1,0,0,1,0,0,0,1,0,0,0,0,0,0,1,0,1,0,0,0,0,61,21,8,9,6,2,4,5,1,2,0,2,1,9,11,2,17,0,40,0,1,45,13,5,4,2,3,2,2,0,0,1,3,0,6,4,0,9,3,32,0,0,2,0,0,0,0,1,3,7,2,0,0,0,1,2,1,0,0,0,83,25,9,10,1,1,18,7,3,2,0,1,28,9,3,3,1,0,6,3,3,3,35,30,0,0,1.5,0.5,0.166666667,0,0.166666667,0.666666667,,,,,,,,,,,,,1.333333333,0.333333333,0,0,1.666666667,0.666666667,0.333333333,0,0.317829457,0.11627907,0.015503876,0.015503876,0.139534884,0.333333333,0.095238095,0,0,0,0,0,0,0,0.344262295,0.131147541,0.032786885,0.288888889,0.111111111,0,1,,1,0,0.8,0.2,0.166666667,0,0,0,0,0,0.333333333,0.5,0.166666667,0,0.333333333,0,1,,1,0,1,0,0.333333333,0,0,0,0,0,0.333333333,0.333333333,0,0,0.333333333,0,1,,1,0,0.666666667,0.333333333,0,0,0,0,0,0,0.333333333,0.666666667,0.333333333,0,0.333333333,0,,,,,,,,,,,,,,,,,,,,,,,,,,,,,,,,,,,,,,,,,,,,,,,,,,,,,,,0.588235294,0.384615385,0.566666667,0.433333333,0.514285714,0.485714286,0.03875969,0,0.015503876,0.23255814,0.023255814,0.682170543,0.007751938,0.007751938,0.666666667,,1,0,0.75,0.25,0.095238095,0,0.047619048,0.142857143,0,0.761904762,0,0,,,,,,,1,0,0,0,0,0,0,0,,0,0,1,0,1,0,0,0,1,0,0,0,0,0.6,0.285714286,0.588235294,0.411764706,0.45,0.55,0.032786885,0,0.016393443,0.278688525,0,0.655737705,0,0.016393443,0.5,0.6,0.444444444,0.555555556,0.6,0.4,0,0,0,0.2,0.066666667,0.711111111,0.022222222,0,0,0,0.333333333,2.333333333,0.666666667,0.5,2,1,0.166666667,0.301204819,0.108433735,0.643410853,0.388888889,0.166666667,0.139534884,0.321428571,0.107142857,0.217054264,2.083333333,1.166666667,Luka Samanic,Bitci Baskonia,1326,21,FALSE
SPAIN,2024-2025,59244,32,3,3,1,0,1,0,0,0,1,2,0,0,0,0,0,0,0,0,0,3,1,0,0,0,1,0,0,0,0,0,0,0,0,0,0,0,0,0,0,0,0,0,0,0,0,0,0,0,0,0,0,0,0,0,0,0,0,0,0,0,0,0,0,0,0,0,0,0,0,0,0,0,0,0,0,0,0,0,0,0,0,0,0,0,0,0,0,0,0,0,0,0,0,0,0,0,0,0,0,0,0,0,0,0,0,0,0,0,2,1,0,0,0,0,0,0,0,1,2,0,0,2,1,0,0,0,0,0,0,0,0,0,0,0,0,1,2,1,0,1,0,0,0,0,0,0,0,0,1,0,0,1,0,0,0,0,0,0,0,0,0,0,437,108,44,35,42,2,33,2,7,11,5,7,3,4,17,59,42,12,79,5,329,54,8,4,4,4,0,4,0,0,0,1,1,1,5,4,1,8,0,44,0,0,2,2,0,0,0,0,0,0,1,1,0,1,0,1,1,1,0,0,0,1,0,2,0,0,1,0,0,1,0,0,1,0,0,0,0,2,0,1,0,0,0,0,197,67,25,16,24,1,15,1,6,3,7,13,3,36,19,10,41,3,136,2,4,181,31,15,14,14,1,13,1,0,2,3,2,1,17,16,0,29,2,148,0,0,0,0,0,0,0,0,1,2,1,0,0,0,2,1,0,0,0,1,254,56,22,20,4,3,59,19,9,6,0,1,124,33,13,9,3,3,2,1,2,1,90,78,0,0,1,0.333333333,0.333333333,0,0,1,,,,,,,,,,,,,0.5,0,0.5,0,2,1,0,0,0.247139588,0.100686499,0.016018307,0.016018307,0.135011442,0.148148148,0.074074074,0,1,0,0.5,0,0,0.5,0.340101523,0.126903553,0.015228426,0.171270718,0.082872928,0.011049724,1,,1,0,0.75,0.25,0,0,0,0,0,0,0,0.333333333,0,0,0.666666667,0,,,,,0.666666667,0.333333333,0,0,0,0,0,0,0,0,0,0,1,0,1,,1,0,1,0,0,0,0,0,0,0,0,1,0,0,0,0,,,,,,,,,,,,,,,,,,,,,,,,,,,,,,,,,,,,,,,,,,,,,,,,,,,,,,,0.56,0.5,0.949367089,0.050632911,0.584158416,0.415841584,0.027459954,0.006864989,0.009153318,0.180778032,0.011441648,0.752860412,0.025171625,0.011441648,0.5,,1,0,0.555555556,0.444444444,0.018518519,0,0,0.148148148,0,0.814814815,0.018518519,0.018518519,,,,,0.5,0.5,0.5,0.5,0,0,0,0,0,0,0,,1,0,0,1,0,0,0,0.5,0,0,0,0,0.615384615,0.5,0.951219512,0.048780488,0.654545455,0.345454545,0.050761421,0.010152284,0.020304569,0.208121827,0.015228426,0.69035533,0.035532995,0.015228426,0.518518519,0.5,0.931034483,0.068965517,0.515151515,0.484848485,0,0,0,0.160220994,0.011049724,0.817679558,0.016574586,0.005524862,,,0,2,1,0.333333333,0.5,0,0.666666667,0.220472441,0.086614173,0.581235698,0.322033898,0.152542373,0.135011442,0.266129032,0.10483871,0.28375286,1.595744681,1.153846154,Marvin Jones,Bilbao Basket,1335,32,FALSE
SPAIN,2024-2025,59261,7,0,0,0,0,0,0,0,0,0,0,0,0,0,0,0,0,0,0,0,0,0,0,0,0,0,0,0,0,0,0,0,0,0,0,0,0,0,0,0,0,0,0,0,0,0,0,0,0,0,0,0,0,0,0,0,0,0,0,0,0,0,0,0,0,0,0,0,0,0,0,0,0,0,0,0,0,0,0,0,0,0,0,0,0,0,0,0,0,0,0,0,0,0,0,0,0,0,0,0,0,0,0,0,0,0,0,0,0,0,0,0,0,0,0,0,0,0,0,0,0,0,0,0,0,0,0,0,0,0,0,0,0,0,0,0,0,0,0,0,0,0,0,0,0,0,0,0,0,0,0,0,0,0,0,0,0,0,0,0,0,0,0,3,0,0,0,0,0,0,0,0,0,0,0,0,0,0,0,0,0,0,0,3,0,0,0,0,0,0,0,0,0,0,0,0,0,0,0,0,0,0,0,0,0,0,0,0,0,0,0,0,0,0,0,0,0,0,0,0,0,0,0,0,0,0,0,0,0,0,0,0,0,0,0,0,0,0,0,0,0,0,0,0,0,0,0,3,0,0,0,0,0,0,0,0,0,0,0,0,0,0,0,0,0,3,0,0,0,0,0,0,0,0,0,0,0,0,0,0,0,0,0,0,0,0,0,0,0,0,0,0,0,0,0,0,0,0,0,0,0,0,0,0,0,0,0,3,0,0,0,0,0,0,0,0,0,0,0,0,0,0,0,0,0,0,0,0,0,0,0,0,0,,,,,,,,,,,,,,,,,,,,,,,,,,,0,0,0,0,0,,,,,,,,,,0,0,0,,,,,,,,,,,,,,,,,,,,,,,,,,,,,,,,,,,,,,,,,,,,,,,,,,,,,,,,,,,,,,,,,,,,,,,,,,,,,,,,,,,,,,,,,,,,,,,,,,,,,,,,,,,,,,,,,,,,,,0,0,0,0,0,1,0,0,,,,,,,,,,,,,,,,,,,,,,,,,,,,,,,,,,,,,,,,,,,,,,,,,0,0,0,0,0,1,0,0,,,,,,,,,,,,,,,,,,,,,,,,0,0,1,,,0,,,0,,,Angel Nunez,Leyma Coruna,1321,7,FALSE
SPAIN,2024-2025,59100,36,1,0,0,0,0,0,0,0,1,1,0,0,0,0,0,0,0,0,0,1,1,0,0,0,0,0,0,0,0,0,0,0,0,0,0,0,0,0,0,0,0,0,0,0,0,0,0,0,0,0,0,0,0,0,0,0,0,0,0,0,0,0,0,0,0,0,0,0,0,0,0,0,0,0,0,0,0,0,0,0,0,0,0,0,0,0,0,0,0,0,0,0,0,0,0,0,0,0,0,0,0,0,0,0,0,0,0,0,1,0,0,0,0,0,0,0,0,1,1,0,0,1,1,0,0,0,0,0,0,0,0,0,0,0,0,0,0,0,0,0,0,0,0,0,0,0,0,0,0,0,0,0,0,0,0,0,0,0,0,0,0,0,10,0,0,0,0,0,0,0,1,0,0,0,0,0,1,0,1,0,0,1,9,2,0,0,0,0,0,0,0,0,0,0,0,0,0,0,0,0,0,2,0,0,0,0,0,0,0,0,0,0,0,0,0,0,0,0,0,0,0,0,0,0,0,0,0,0,0,0,0,0,0,0,0,0,0,0,0,0,0,0,0,0,0,0,5,0,0,0,0,0,0,0,0,0,0,0,0,0,0,0,0,0,5,0,0,3,0,0,0,0,0,0,0,0,1,0,1,0,0,1,0,0,1,2,0,0,0,0,0,0,0,0,0,0,0,0,0,0,1,0,0,0,0,1,4,0,0,0,0,0,2,0,0,0,0,0,4,0,0,0,0,1,0,0,0,0,0,0,0,0,0,0,1,0,0,1,,,,,,,,,,,,,0,0,1,0,,,,,0,0,0.1,0,0,0,0,0,,,,,,,0,0,0,0,0,0.333333333,,,,,0.5,0.5,0,0,0,0,0,0,0,0,0,0,1,0,,,,,0.5,0.5,0,0,0,0,0,0,0,0,0,0,1,0,,,,,,,,,,,,,,,,,,,,,,,,,,,,,,,,,,,,,,,,,,,,,,,,,,,,,,,,,,,,,,,,,,,,,,,,,,,,,0,1,0,0,0,0,0.1,0.9,0,0,,,,,,,0,0,0,0,0,1,0,0,,,,,,,,,,,,,,,,,,,,,,,,,,,,,,,,,,,0,0,0,0,0,1,0,0,,,,,0,1,0,0,0,0,0.333333333,0.666666667,0,0,,,0,,,0,0,0,1,0,0,0.4,0,0,0.2,0,0,0.4,,,Yannick Kraag,Club Joventut Badalona,1336,36,FALSE
SPAIN,2024-2025,59167,34,15,7,0,7,0,0,4,3,0,0,2,3,2,1,1,2,8,3,5,3,7,8,3,5,7,0,0,0,0,0,0,0,0,0,0,0,0,0,0,0,0,0,0,0,0,0,0,0,0,0,0,0,0,0,5,3,0,3,0,0,1,2,1,0,0,2,1,1,3,2,3,0,0,0,1,0,1,0,2,0,2,0,0,0,0,0,0,0,0,0,0,0,0,0,0,0,0,0,0,0,0,0,0,0,0,0,0,0,7,4,0,2,0,0,2,0,2,0,0,5,0,2,2,5,2,0,0,2,0,1,1,3,2,3,2,3,0,0,2,0,0,1,1,0,0,0,1,1,0,2,1,2,0,0,0,0,0,0,0,1,0,1,14,2,0,0,0,0,0,0,2,1,0,1,1,0,1,2,2,1,0,0,11,6,2,0,0,0,0,0,0,1,2,1,1,0,2,2,1,0,0,3,1,0,0,0,0,0,0,0,0,0,0,0,0,0,0,0,0,0,0,0,0,0,0,0,0,0,0,0,0,0,0,0,0,0,0,0,0,0,0,0,0,0,0,0,1,0,0,0,0,0,0,0,0,0,0,0,0,0,0,0,0,0,1,0,0,7,0,0,0,0,0,0,0,0,0,0,0,0,0,0,0,0,0,7,0,0,9,2,0,5,1,0,2,3,0,0,1,0,4,2,0,2,1,0,10,2,0,0,1,1,2,0,0,0,0,1,2,0,0,0,0,0,0,7,0,0,0,0,0,0,0.466666667,0,0,0.2,0.533333333,0.2,0.6,0,0,0.2,,,,,,,,,0.571428571,0,0,0.285714286,0,0,0,0,0.142857143,0,0.142857143,0.071428571,0.142857143,0.333333333,0,0.333333333,,,,,,,0,0,0,0,0,0,0,0,0.571428571,0.428571429,0.3,0.7,0.533333333,0.133333333,0.066666667,0.066666667,0.133333333,0.2,0.333333333,0.466666667,0,0,0,0.133333333,0,,1,0,0.5,0.5,0.714285714,0.285714286,0,0.142857143,0.142857143,0.428571429,0.285714286,0.285714286,0,0,0,0,0,0,0.5,0.5,0,1,0.333333333,0,0,0,0,0,0.333333333,0.666666667,0,0,0,0.333333333,0,0,0.333333333,0.666666667,0.25,0.75,0.4,0,0.2,0,0.2,0,0.4,0.6,0,0,0,0.2,,,,,,,,,,,,,,,,,,,,,,,,,,,,,,,,,,,,,,,,,0.5,0.5,0.071428571,0.071428571,0,0,0,0.785714286,0.071428571,0,,,,,0.5,0.5,0.166666667,0.166666667,0,0,0,0.5,0.166666667,0,,,,,,,,,,,,,,,,,,,,,,,,,,,,,,,,,,,0,0,0,0,0,1,0,0,,,,,,,0,0,0,0,0,1,0,0,0.222222222,0,0.6,1.5,0,0.133333333,0.5,0,0.266666667,0.2,0,0.714285714,0,0,0.142857143,0,0,0.142857143,0,,Jose Francisco Ortega Soriano,BC MoraBanc Andorra,1332,34,FALSE
SPAIN,2024-2025,59206,34,22,15,0,3,0,0,3,0,5,0,0,6,3,3,3,3,19,8,11,6,8,11,5,6,3,8,0,0,0,0,0,0,0,0,0,0,0,0,0,0,0,0,0,0,0,0,0,0,0,0,0,0,0,0,2,0,0,0,0,0,0,0,0,0,0,2,0,0,0,1,0,1,0,0,0,0,0,0,1,1,1,1,0,0,1,0,0,1,0,0,0,0,0,0,0,1,0,1,0,0,0,0,0,0,0,0,0,0,18,12,0,2,0,0,2,0,5,5,0,16,0,5,7,9,2,7,0,3,2,3,2,5,4,7,9,1,3,0,0,0,0,0,0,1,0,0,1,0,1,0,1,0,0,0,0,1,0,1,0,1,0,1,11,0,0,1,0,0,1,0,1,0,0,0,0,0,1,0,2,0,1,1,9,5,0,0,0,0,0,0,0,0,1,0,1,0,0,1,0,0,1,4,0,0,0,0,0,0,0,0,0,0,0,0,0,0,0,0,0,0,0,0,0,0,0,0,0,0,0,0,0,0,0,0,0,0,0,0,0,0,0,0,0,0,0,0,1,0,0,0,0,0,0,0,0,0,0,0,0,0,0,0,0,0,1,0,0,4,0,0,1,0,0,1,0,0,0,0,0,0,0,1,0,1,0,3,0,0,13,7,0,2,3,3,2,0,0,1,0,0,7,8,0,0,3,2,6,0,0,1,0,1,3,0,0,0,0,0,2,0,0,0,0,0,0,3,0,0,0,1,0,0,0.681818182,0,0.227272727,0.272727273,0.5,0.272727273,0,0,0,0,,,,,0,0,0,0,0.666666667,0,0.277777778,0.277777778,3,0,0,1,0,0,0.090909091,0,0,0,0,0.2,,,,,,,0,0,0,0,0,0,0,,1,0,0.428571429,0.571428571,0.5,0.136363636,0.136363636,0.136363636,0.136363636,0.363636364,0.5,0.136363636,0.363636364,0,0,0,0,,1,0,0.416666667,0.583333333,0.5,0.166666667,0.111111111,0.166666667,0.111111111,0.388888889,0.5,0.111111111,0.388888889,0,0,0,,,,,1,0,1,0,1,0,1,0,1,0,0,0,0,0,,,,,,,0.5,0,0,0,0,0.5,0.5,0,0.5,0,0,0,0,,1,0,0,1,0,0,0,0,0,0,0,1,0,0,0,0,,,,,,,,,,,,,,,,,,,0,,1,0,0,1,0,0,0,0.090909091,0.090909091,0.818181818,0,0,,,,,0,1,0,0,0,0,0.2,0.8,0,0,,,,,,,,,,,,,,,,,,,,,,,,,,,,,,,,,,,0,0,0,0,0,1,0,0,0,,1,0,0,1,0,0,0,0.25,0,0.75,0,0,0.538461538,0,0.590909091,0,0,0.090909091,1.142857143,0,0.318181818,0,0,0.545454545,0,0,0.272727273,0,0,0.181818182,0,0,Miguel Gonzalez,Casademont Zaragoza,1331,34,FALSE
SPAIN,2024-2025,24864,19,203,170,41,47,32,9,34,13,15,8,3,31,18,13,12,19,107,49,58,78,62,67,25,42,88,40,0,1,0,0,0,0,0,0,0,0,0,0,1,0,0,0,0,0,1,0,0,0,0,0,0,0,1,0,36,26,7,16,5,2,13,3,3,1,2,12,2,11,17,7,23,5,0,1,2,0,3,2,5,6,6,0,0,0,0,0,0,0,0,0,0,0,0,0,0,0,0,0,0,0,0,0,0,0,0,0,0,0,129,110,23,21,20,3,16,5,24,14,5,79,1,51,35,50,44,29,0,13,11,9,15,18,32,33,46,37,34,11,10,7,4,5,5,4,0,1,15,0,16,10,10,21,5,0,4,0,3,1,5,5,9,6,4,0,0,1,0,0,0,1,0,0,0,0,0,0,1,0,1,0,1,1,2,0,0,0,0,0,0,0,0,0,0,0,0,0,0,0,0,0,0,0,0,0,0,0,0,0,0,0,0,0,0,0,0,0,0,0,0,0,0,0,0,0,0,0,0,0,0,0,0,0,0,0,0,0,0,0,0,0,0,0,0,0,0,0,2,0,0,0,0,0,0,0,0,0,0,0,0,0,0,0,0,0,2,0,0,2,0,0,1,0,0,0,1,0,0,0,1,0,0,1,0,1,1,0,0,0,127,103,27,31,18,10,35,30,5,8,6,1,41,37,9,8,7,4,2,0,0,0,0,0,1,0,0,0,0,0,1,0,0,1,0,0,91,88,8,4,0,1,0,0,0.837438424,0.201970443,0.073891626,0.15270936,0.330049261,0.384236453,0.722222222,0.194444444,0.027777778,0.083333333,0,0,0,0,,,,,0.852713178,0.178294574,0.108527132,0.186046512,0.918918919,0.297297297,0,0.108108108,0,0,0,0,0,,,,,,,,,,0,0,0,0,0,0,0.484848485,0.409090909,0.75,0.25,0.557142857,0.442857143,0.330049261,0.088669951,0.064039409,0.0591133,0.093596059,0.24137931,0.285714286,0.433497537,0.197044335,0,0.039408867,0.014778325,0.555555556,0.375,0.818181818,0.181818182,0.593023256,0.406976744,0.387596899,0.100775194,0.085271318,0.069767442,0.11627907,0.255813953,0.356589147,0.341085271,0.224806202,0,0.03875969,0.007751938,0.583333333,0.444444444,0.571428571,0.428571429,0.615384615,0.384615385,0.27027027,0.108108108,0,0.081081081,0.027027027,0.243243243,0.162162162,0.567567568,0.135135135,0,0.027027027,0,0.277777778,0.4,0.782608696,0.217391304,0.392857143,0.607142857,0.194444444,0.027777778,0.055555556,0,0.083333333,0.166666667,0.166666667,0.638888889,0.138888889,0,0.055555556,0.055555556,,,,,,,,,,,,,,,,,,,,,,,,,0,0,0,0,0,1,0,0,1,0,0,0,,0,0,1,0,1,0,0,0,0.25,0.25,0.5,0,0,,,,,,,,,,,,,,,,,,,,,,,,,,,,,,,,,,,,,,,,,,,,,,,,,0,0,0,0,0,1,0,0,,0,0,1,0,1,0,0,0,0.5,0.5,0,0,0,0.811023622,0.212598425,0.625615764,0.857142857,0.142857143,0.172413793,0.902439024,0.219512195,0.201970443,0,0,0.5,0,0,0.25,0,0,0.25,1.038024476,0,Kamar Baldwin,Bitci Baskonia,1326,19,FALSE
SPAIN,2024-2025,59207,34,393,346,43,59,18,25,19,40,31,4,6,96,56,40,48,48,283,159,124,143,90,173,82,91,102,110,0,1,0,0,0,0,0,0,0,0,0,0,1,0,0,0,1,0,0,0,0,0,0,0,1,0,1,0,50,48,10,12,3,7,0,12,10,4,0,27,1,20,16,16,22,11,0,9,1,6,4,10,6,16,11,1,0,0,0,0,0,0,0,0,0,0,1,0,0,0,1,0,0,0,0,0,0,0,0,1,0,1,272,242,24,38,9,15,16,22,71,23,4,203,4,99,61,128,62,75,0,37,34,33,38,57,71,110,93,69,56,9,9,6,3,3,6,15,4,0,51,1,24,13,27,18,24,0,10,5,9,6,14,13,32,19,13,2,0,1,0,0,0,1,0,1,0,1,1,0,4,2,1,4,1,0,7,4,0,0,0,0,0,0,0,0,0,0,2,0,0,0,2,0,0,2,0,0,1,0,0,0,0,0,0,0,0,0,0,0,0,0,0,0,0,0,1,0,0,0,0,0,0,0,0,0,0,0,0,0,0,0,0,0,0,0,0,0,0,0,5,2,0,1,0,0,0,1,1,0,1,2,0,2,1,2,1,0,1,1,0,3,0,0,0,0,0,0,0,0,0,0,0,0,0,0,0,0,0,3,0,0,296,241,31,43,66,25,43,45,5,9,12,4,54,60,7,7,18,2,7,0,0,0,0,0,4,0,0,1,0,0,2,2,0,0,1,0,111,102,5,3,0,1,0,0,0.880407125,0.109414758,0.078880407,0.244274809,0.440203562,0.363867684,0.96,0.2,0.08,0.2,0,0,0,0,0,0,0,0,0.889705882,0.088235294,0.084558824,0.261029412,0.811594203,0.130434783,0.057971014,0.217391304,0.153846154,0,0,0.076923077,0.153846154,0,0,0,0,0,0,,,,0.4,0,0,0,0,0,0.486486486,0.384615385,0.362745098,0.637254902,0.613733906,0.386266094,0.440203562,0.142493639,0.10178117,0.122137405,0.122137405,0.404580153,0.315521628,0.259541985,0.279898219,0,0.010178117,0.015267176,0.36,0.405405405,0.403225806,0.596774194,0.61875,0.38125,0.470588235,0.136029412,0.125,0.121323529,0.139705882,0.404411765,0.341911765,0.227941176,0.275735294,0,0.014705882,0.014705882,0.666666667,0.333333333,0.5,0.5,0.648648649,0.351351351,0.391304348,0.144927536,0.072463768,0.130434783,0.086956522,0.463768116,0.275362319,0.260869565,0.347826087,0,0,0.014492754,1,0.368421053,0.136363636,0.863636364,0.555555556,0.444444444,0.32,0.18,0.02,0.12,0.08,0.32,0.22,0.44,0.22,0,0,0.02,,,,,,,1,0,0,0,0,0,1,0,0,0,0,0,,,,,,,1,0,0,0,0,1,0,0,0,0,0,0,,0,0,1,0.666666667,0.333333333,0.307692308,0.076923077,0,0.076923077,0,0.538461538,0.076923077,0,,,,,,,0.5,0,0,0,0,0.5,0,0,,,,,,,0,0,0,0,0,1,0,0,,,,,,,,,,,,,,,,0,0,1,0.666666667,0.333333333,0.4,0.2,0,0.2,0,0.2,0.2,0,,,,,,,0,0,0,0,0,1,0,0,0.814189189,0.10472973,0.753180662,1.046511628,0.11627907,0.109414758,1.111111111,0.12962963,0.13740458,0,0,0.538461538,0,0,0.307692308,1,0,0.153846154,1.094049904,0,Marco Spissu,Casademont Zaragoza,1331,34,FALSE
SPAIN,2024-2025,59126,31,1,0,0,1,0,0,0,1,0,0,0,0,0,0,0,0,0,0,0,0,1,0,0,0,1,0,0,0,0,0,0,0,0,0,0,0,0,0,0,0,0,0,0,0,0,0,0,0,0,0,0,0,0,0,0,0,0,0,0,0,0,0,0,0,0,0,0,0,0,0,0,0,0,0,0,0,0,0,0,0,0,0,0,0,0,0,0,0,0,0,0,0,0,0,0,0,0,0,0,0,0,0,0,0,0,0,0,0,0,0,0,0,0,0,0,0,0,0,0,0,0,0,0,0,0,0,0,0,0,0,0,0,0,0,0,1,0,0,1,0,0,0,1,0,0,0,0,0,0,1,0,1,0,0,0,0,0,0,0,0,0,0,289,100,34,37,26,8,21,16,8,3,2,9,3,6,28,46,45,21,71,7,183,52,18,7,10,6,1,8,2,1,1,0,3,0,8,11,2,17,1,31,0,1,0,0,0,0,0,0,0,0,0,0,0,0,0,0,0,0,0,0,0,0,0,0,0,0,0,0,0,0,0,0,0,0,0,0,0,0,0,0,0,0,0,0,158,65,23,17,19,4,12,5,6,5,3,18,2,32,22,14,40,4,95,3,3,79,17,4,10,1,3,1,9,2,2,0,7,0,6,12,5,14,2,57,0,2,0,0,0,0,0,0,1,0,0,1,0,0,0,0,0,0,0,0,189,71,26,23,5,6,31,6,1,6,1,0,69,23,7,8,3,2,0,1,0,0,76,71,0,0,0,0,0,0,0,0,,,,,,,,,,,,,,,,,0,0,0,0,0.346020761,0.117647059,0.027681661,0.031141869,0.15916955,0.346153846,0.134615385,0.019230769,,,,,,,0.411392405,0.14556962,0.03164557,0.215189873,0.050632911,0.025316456,,0,0,1,0,1,0,0,0,0,0,0,0,1,0,0,0,0,,,,,,,,,,,,,,,,,,,,0,0,1,0,1,0,0,0,0,0,0,0,1,0,0,0,0,,,,,,,,,,,,,,,,,,,,,,,,,,,,,,,,,,,,,,,,,,,,,,,,,,,,,,,0.553191489,0.333333333,0.661971831,0.338028169,0.505494505,0.494505495,0.07266436,0.010380623,0.020761246,0.24567474,0.024221453,0.633217993,0.010380623,0.006920415,0.428571429,0.333333333,0.823529412,0.176470588,0.421052632,0.578947368,0.038461538,0,0.019230769,0.326923077,0.019230769,0.596153846,0,0,,,,,,,,,,,,,,,,,,,,,,,,,,,,,0.612903226,0.444444444,0.775,0.225,0.592592593,0.407407407,0.088607595,0.018987342,0.018987342,0.253164557,0.025316456,0.601265823,0.018987342,0.012658228,0.5,0.25,0.142857143,0.857142857,0.333333333,0.666666667,0.063291139,0,0.025316456,0.17721519,0.025316456,0.721518987,0,0,,,0,0,0,1,,,0,0.375661376,0.137566138,0.653979239,0.193548387,0.032258065,0.107266436,0.333333333,0.101449275,0.238754325,0,1.070422535,Emir Sulejmanovic,Casademont Zaragoza,1331,31,FALSE
SPAIN,2024-2025,58700,34,1,0,0,0,0,0,0,0,1,0,0,0,0,0,0,0,0,0,0,0,1,0,0,0,0,0,0,0,0,0,0,0,0,0,0,0,0,0,0,0,0,0,0,0,0,0,0,0,0,0,0,0,0,0,0,0,0,0,0,0,0,0,0,0,0,0,0,0,0,0,0,0,0,0,0,0,0,0,0,0,0,0,0,0,0,0,0,0,0,0,0,0,0,0,0,0,0,0,0,0,0,0,0,0,0,0,0,0,0,0,0,0,0,0,0,0,0,0,0,0,0,0,0,0,0,0,0,0,0,0,0,0,0,0,0,1,0,0,0,0,0,0,0,0,1,0,0,0,0,1,0,0,0,0,0,0,0,0,0,0,0,0,352,135,43,40,39,4,30,10,11,7,2,19,12,7,36,66,51,27,83,9,224,68,20,8,5,8,0,5,0,2,2,5,3,1,13,7,2,13,1,47,2,0,0,0,0,0,0,0,0,0,0,0,0,0,0,0,0,0,0,0,0,0,0,2,3,1,1,0,1,1,0,0,0,0,0,0,1,1,0,2,0,0,0,0,150,65,21,17,21,0,13,4,10,8,2,23,1,32,25,17,38,6,85,7,3,131,47,13,17,10,3,11,6,7,1,0,10,0,20,18,8,30,2,91,3,4,1,0,0,0,0,1,0,0,0,0,0,0,0,0,0,0,0,0,256,98,32,30,13,10,24,4,1,2,1,0,72,33,10,8,5,1,0,0,0,0,90,83,0,0,0,0,1,0,0,0,,,,,,,,,,,,,,,,,0,0,1,0,0.383522727,0.122159091,0.03125,0.053977273,0.1875,0.294117647,0.117647059,0.029411765,,,,1.5,0.5,0,0.433333333,0.14,0.053333333,0.358778626,0.099236641,0.007633588,,,,,0,1,0,0,0,0,0,0,0,0,0,0,0,0,,,,,,,,,,,,,,,,,,,,,,,0,1,0,0,0,0,0,0,0,0,0,0,0,0,,,,,,,,,,,,,,,,,,,,,,,,,,,,,,,,,,,,,,,,,,,,,,,,,,,,,,,0.565217391,0.285714286,0.831325301,0.168674699,0.564102564,0.435897436,0.076704545,0.034090909,0.019886364,0.235795455,0.025568182,0.636363636,0.019886364,0.005681818,0.615384615,,1,0,0.65,0.35,0.029411765,0.029411765,0,0.191176471,0.014705882,0.691176471,0.073529412,0.014705882,,,,,,,,,,,,,,,0,1,0.5,0.5,0.5,0.5,0,0,0,1,0,0,0,0,0.617647059,0,0.894736842,0.105263158,0.561403509,0.438596491,0.113333333,0.046666667,0.02,0.253333333,0.04,0.566666667,0.013333333,0.006666667,0.476190476,0.333333333,0.7,0.3,0.526315789,0.473684211,0.061068702,0.022900763,0.030534351,0.229007634,0.015267176,0.694656489,0,0,0,0,1,,,0,,,0,0.3828125,0.125,0.727272727,0.166666667,0.041666667,0.068181818,0.458333333,0.138888889,0.204545455,,1.084337349,David Kravish,Malaga,1339,34,FALSE
SPAIN,2024-2025,31918,33,3,4,2,1,2,0,1,0,0,0,0,0,0,0,0,0,0,0,0,2,1,0,0,0,3,0,0,0,0,0,0,0,0,0,0,0,0,0,0,0,0,0,0,0,0,0,0,0,0,0,0,0,0,0,1,0,0,1,0,0,1,0,0,0,0,0,0,0,1,0,1,0,0,0,0,0,0,0,0,0,0,0,0,0,0,0,0,0,0,0,0,0,0,0,0,0,0,0,0,0,0,0,0,0,0,0,0,0,2,4,2,0,2,0,0,0,0,0,0,0,0,2,0,0,2,0,0,0,0,0,0,0,0,0,0,0,0,0,0,0,0,0,0,0,0,0,0,0,0,0,0,0,0,0,0,0,0,0,0,0,0,0,297,51,12,25,12,0,24,1,5,7,5,11,6,5,19,30,30,14,37,5,234,43,5,1,3,1,0,3,0,1,1,4,2,0,6,4,1,4,1,33,0,1,1,0,0,1,0,0,1,0,0,0,0,0,0,0,1,0,1,0,0,0,0,0,0,0,0,0,0,0,0,0,0,0,0,0,0,0,0,0,0,0,0,0,110,25,5,13,5,0,13,0,6,2,2,9,2,13,15,7,18,2,81,3,3,141,19,5,8,5,0,7,1,4,2,1,8,3,10,10,6,13,2,119,3,1,2,2,1,1,0,0,0,0,0,0,0,0,1,2,1,0,0,0,227,33,6,20,9,4,32,2,1,4,0,1,38,16,5,1,2,0,4,3,0,0,24,37,0,0,1.333333333,0.666666667,0,0,0,0.666666667,0,0,0,0,,,,,,,,,2,1,0,0,,,,,0.171717172,0.04040404,0.016835017,0.037037037,0.101010101,0.11627907,0.023255814,0.023255814,0,0,0,,,,0.227272727,0.045454545,0.018181818,0.134751773,0.035460993,0.014184397,0.666666667,,1,0,0.666666667,0.333333333,0,0,0,0,0,0,0,1,0,0,0,0,1,,1,0,1,0,0,0,0,0,0,0,0,1,0,0,0,0,,,,,,,,,,,,,,,,,,,0,,1,0,0,1,0,0,0,0,0,0,0,1,0,0,0,0,,,,,,,,,,,,,,,,,,,,,,,,,,,,,,,,,,,,,0.333333333,0,0.972972973,0.027027027,0.5,0.5,0.047138047,0.02020202,0.016835017,0.124579125,0.016835017,0.787878788,0.023569024,0.016835017,0.25,,1,0,0.6,0.4,0.023255814,0,0.023255814,0.093023256,0.023255814,0.76744186,0.093023256,0,0,,1,0,0,1,0,0,0,1,0,0,0,0,,,,,,,,,,,,,,,0.277777778,,1,0,0.464285714,0.535714286,0.063636364,0.027272727,0.027272727,0.163636364,0.018181818,0.736363636,0.018181818,0.018181818,0.416666667,0,0.923076923,0.076923077,0.5,0.5,0.042553191,0.021276596,0.007092199,0.092198582,0.014184397,0.843971631,0.007092199,0.021276596,1,0.5,0.666666667,,,0,2,1,0.333333333,0.145374449,0.026431718,0.764309764,0.0625,0.03125,0.107744108,0.421052632,0.131578947,0.127946128,1.333333333,0.648648649,Yankuba Sima,Malaga,1339,33,FALSE
SPAIN,2024-2025,82920,1,0,0,0,0,0,0,0,0,0,0,0,0,0,0,0,0,0,0,0,0,0,0,0,0,0,0,0,0,0,0,0,0,0,0,0,0,0,0,0,0,0,0,0,0,0,0,0,0,0,0,0,0,0,0,0,0,0,0,0,0,0,0,0,0,0,0,0,0,0,0,0,0,0,0,0,0,0,0,0,0,0,0,0,0,0,0,0,0,0,0,0,0,0,0,0,0,0,0,0,0,0,0,0,0,0,0,0,0,0,0,0,0,0,0,0,0,0,0,0,0,0,0,0,0,0,0,0,0,0,0,0,0,0,0,0,0,0,0,0,0,0,0,0,0,0,0,0,0,0,0,0,0,0,0,0,0,0,0,0,0,0,0,1,0,0,0,0,0,0,0,0,0,0,0,0,0,0,0,0,0,0,0,1,1,0,0,0,0,0,0,0,0,0,0,0,0,0,0,0,0,0,1,0,0,0,0,0,0,0,0,0,0,0,0,0,0,0,0,0,0,0,0,0,0,0,0,0,0,0,0,0,0,0,0,0,0,0,0,0,0,0,0,0,0,0,0,0,0,0,0,0,0,0,0,0,0,0,0,0,0,0,0,0,0,0,0,0,0,0,0,0,0,0,0,0,0,0,0,0,0,0,0,0,0,0,0,0,0,0,0,0,0,0,0,0,0,0,0,0,0,0,0,0,0,0,0,1,0,0,0,0,0,0,0,0,0,0,0,0,0,0,0,0,0,0,0,0,0,0,0,0,0,,,,,,,,,,,,,,,,,,,,,,,,,,,0,0,0,0,0,0,0,0,,,,,,,,,,,,,,,,,,,,,,,,,,,,,,,,,,,,,,,,,,,,,,,,,,,,,,,,,,,,,,,,,,,,,,,,,,,,,,,,,,,,,,,,,,,,,,,,,,,,,,,,,,,,,,,,,,,,,,,,,,,,,,,0,0,0,0,0,1,0,0,,,,,,,0,0,0,0,0,1,0,0,,,,,,,,,,,,,,,,,,,,,,,,,,,,,,,,,,,,,,,,,,,,,,,,,,,,,,,,,,,,,,,,,,0,0,1,,,0,,,0,,,Ibrahima Khalilou Dabo,ICG Forca Lleida,1323,1,FALSE
SPAIN,2024-2025,59422,1,4,2,1,0,1,0,0,0,1,0,0,0,0,0,0,0,2,2,0,1,1,1,1,0,1,1,0,0,0,0,0,0,0,0,0,0,0,0,0,0,0,0,0,0,0,0,0,0,0,0,0,0,0,0,1,2,1,0,1,0,0,0,0,0,0,0,0,1,0,0,1,0,0,0,0,0,0,0,0,0,0,0,0,0,0,0,0,0,0,0,0,0,0,0,0,0,0,0,0,0,0,0,0,0,0,0,0,0,2,0,0,0,0,0,0,0,0,0,0,2,0,0,0,1,0,1,0,0,0,0,0,1,0,2,0,1,0,0,0,0,0,0,0,0,1,0,0,0,0,1,0,0,0,0,0,0,0,0,0,0,0,0,0,0,0,0,0,0,0,0,0,0,0,0,0,0,0,0,0,0,0,0,0,0,0,0,0,0,0,0,0,0,0,0,0,0,0,0,0,0,0,0,0,0,0,0,0,0,0,0,0,0,0,0,0,0,0,0,0,0,0,0,0,0,0,0,0,0,0,0,0,0,0,0,0,0,0,0,0,0,0,0,0,0,0,0,0,0,0,0,0,0,0,0,0,0,0,0,0,0,0,0,0,0,0,0,0,0,0,0,0,0,0,0,0,0,0,0,0,0,0,0,0,0,0,0,0,0,3,2,1,0,0,1,1,0,0,0,0,0,0,0,0,0,0,0,0,0,0,0,0,0,0,0,0,0,0,0,0,0,0,0,0,0,2,1,0,0,0,0,0,0,0.5,0.25,0.25,0,0.25,0.25,2,1,0,0,,,,,,,,,0,0,0,0,0,0,1,0,,,,,,,,,,,,,,,,,,,,,1,,1,0,0.5,0.5,0.25,0,0,0,0,0.5,0,0.25,0.25,0,0,0,,,,,,,0.5,0,0,0,0,1,0,0,0.5,0,0,0,,,,,0,1,0,0,0,0,0,0,0,0,0,0,0,0,1,,1,0,1,0,0,0,0,0,0,0,0,1,0,0,0,0,,,,,,,,,,,,,,,,,,,,,,,,,,,,,,,,,,,,,,,,,,,,,,,,,,,,,,,,,,,,,,,,,,,,,,,,,,,,,,,,,,,,,,,,,,,,,,,,,,,,,,,,,,,,,,,,,,,,,,,,,0.666666667,0.333333333,0.75,0,0,0.25,,,0,,,,,,,,,,2,,Mehdy Ngouama,Dreamland Gran Canaria,1328,1,FALSE
SPAIN,2024-2025,28304,7,29,15,5,13,5,0,11,2,8,2,2,2,2,0,2,0,9,6,3,7,21,3,3,0,18,6,0,0,0,0,0,0,0,0,0,0,0,0,0,0,0,0,0,0,0,0,0,0,0,0,0,0,0,0,2,0,0,2,0,0,2,0,0,0,0,0,1,0,2,0,2,0,0,0,0,0,0,0,0,0,0,2,2,0,0,0,0,0,0,1,0,0,2,0,1,0,2,0,0,0,1,0,1,0,2,0,2,0,15,6,3,7,3,0,6,1,0,5,0,3,1,3,12,0,10,3,0,0,0,0,0,0,0,2,1,10,7,2,4,2,0,3,1,1,3,2,4,0,3,7,1,6,3,0,1,0,1,0,1,0,2,2,1,0,0,0,0,0,0,0,0,0,0,0,0,0,0,0,0,0,0,0,1,1,0,0,0,0,0,0,0,0,0,0,0,0,0,0,0,0,0,1,0,0,0,0,0,0,0,0,0,0,0,0,0,0,0,0,0,0,0,0,0,0,0,0,0,0,0,0,0,0,0,0,0,0,0,0,0,0,0,0,0,0,0,0,0,0,0,0,0,0,0,0,0,0,0,0,0,0,0,0,0,0,0,0,0,0,0,0,0,0,0,0,0,0,0,0,0,0,0,0,0,0,0,0,0,0,13,4,2,9,0,2,7,2,1,3,0,3,9,9,2,1,2,3,0,0,0,0,0,0,0,0,0,0,0,0,1,0,0,0,0,0,10,18,1,1,0,0,0,0,0.517241379,0.172413793,0.275862069,0.068965517,0.103448276,0.24137931,0,0,0,0,,,,,1,0,0,0.5,0.4,0.2,0.333333333,0,0.7,0.2,0.3,0.1,0,0,0,0,0,0,0,0,,,,,,,,,,,,,0.3125,0,0.888888889,0.111111111,0.25,0.75,0.103448276,0.068965517,0,0.068965517,0,0.206896552,0.103448276,0.620689655,0.206896552,0,0.068965517,0.068965517,0.333333333,0,0.9,0.1,0.2,0.8,0,0,0,0,0,0.133333333,0.066666667,0.666666667,0.2,0,0,0.066666667,0.4,0,0.833333333,0.166666667,0.3,0.7,0.1,0.1,0,0.1,0,0.2,0.2,0.6,0.3,0,0.2,0,0,,1,0,0,1,0,0,0,0,0,0,0,1,0,0,0,0.5,,,,,1,0,1,0.5,0,0.5,0,1,0,0,0,0,0,0,,,,,,,,,,,,,,,,,,,,,,,,,0,0,0,0,0,1,0,0,,,,,,,0,0,0,0,0,1,0,0,,,,,,,,,,,,,,,,,,,,,,,,,,,,,,,,,,,,,,,,,,,,,,,,,,,,,,,,,0.307692308,0.153846154,0.448275862,0.285714286,0.142857143,0.24137931,1,0.222222222,0.310344828,,,0,,,0,0,0,1,0.596529284,,Jordan Davis,Leche Rio Breogan,1322,7,FALSE
SPAIN,2024-2025,59161,28,283,204,25,40,19,6,23,17,31,3,3,60,34,26,26,34,211,91,120,86,71,140,51,89,65,71,0,0,0,0,0,0,0,0,0,0,0,0,0,0,0,0,0,0,0,0,0,0,0,0,0,0,0,0,41,32,5,10,4,1,5,5,8,1,0,26,1,13,11,17,15,9,0,3,5,4,4,6,11,10,16,2,0,0,0,0,0,0,0,0,0,0,2,0,0,0,2,0,0,0,0,0,0,0,1,1,1,1,200,135,13,24,10,3,16,8,43,29,3,156,2,57,53,100,37,56,0,25,18,17,26,34,66,65,91,40,37,7,6,5,2,2,4,9,1,0,27,0,16,7,21,13,6,0,6,3,5,4,10,11,15,12,6,3,1,0,0,1,0,0,0,0,0,0,0,0,0,1,0,0,1,0,5,5,3,1,0,0,1,0,0,0,0,0,0,0,1,0,0,1,0,4,0,0,0,0,0,0,0,0,0,0,0,0,0,0,0,0,0,0,0,0,0,0,0,0,0,0,0,0,0,0,0,0,0,0,0,0,0,0,0,0,0,0,0,0,1,0,0,0,0,0,0,0,0,0,0,0,0,0,0,0,0,0,1,0,0,0,0,0,0,0,0,0,0,0,0,0,0,0,0,0,0,0,0,0,0,0,189,138,13,27,43,17,19,16,3,2,4,2,75,50,9,11,13,12,4,3,1,0,0,0,1,0,0,0,0,0,1,0,0,0,0,0,56,65,4,2,3,1,0,0,0.720848057,0.088339223,0.109540636,0.212014134,0.494699647,0.303886926,0.780487805,0.12195122,0.024390244,0.195121951,,,,,0,0,0,0,0.675,0.065,0.145,0.215,0.925,0.175,0.025,0.225,0.5,0.166666667,0,0,0.166666667,0.6,0.2,0,,,,,,,0,0,0,,,,0.452380952,0.260869565,0.646153846,0.353846154,0.547770701,0.452229299,0.494699647,0.120141343,0.091872792,0.091872792,0.120141343,0.32155477,0.424028269,0.229681979,0.250883392,0,0.010600707,0.010600707,0.384615385,0.272727273,0.702702703,0.297297297,0.518181818,0.481818182,0.5,0.125,0.09,0.085,0.13,0.325,0.455,0.185,0.28,0,0.015,0.01,0.714285714,0.333333333,0.538461538,0.461538462,0.695652174,0.304347826,0.525,0.15,0.075,0.125,0.1,0.375,0.3,0.325,0.15,0,0,0,0.444444444,0.166666667,0.6,0.4,0.541666667,0.458333333,0.414634146,0.073170732,0.12195122,0.097560976,0.097560976,0.243902439,0.390243902,0.365853659,0.219512195,0,0,0.024390244,,,,,,,1,0,0,0,0,0.5,0.5,0,0,0,0,0,,,,,,,,,,,,,,,,,,,,1,0,1,1,0,0,0,0,0.166666667,0,0.833333333,0,0,,1,0,1,1,0,0,0,0,0.2,0,0.8,0,0,,,,,,,,,,,,,,,,,,,,,,,,,,,,,,,,,,,0,0,0,0,0,1,0,0,,,,,,,,,,,,,,,0.73015873,0.068783069,0.667844523,0.842105263,0.157894737,0.067137809,0.666666667,0.12,0.265017668,0.75,0.25,0.666666667,0,0,0.166666667,0,0,0.166666667,0.868783703,3,Juan Ignacio Marcos,Basquet Girona,1315,28,FALSE
SPAIN,2024-2025,24949,34,113,86,18,24,10,8,12,12,14,7,4,14,12,2,9,5,56,38,18,39,38,21,10,11,42,35,0,2,0,0,0,0,0,0,0,0,0,0,2,0,0,0,0,0,2,0,0,0,0,0,0,0,2,0,8,7,2,2,1,1,0,2,1,0,1,3,1,4,2,1,4,2,0,1,0,1,0,1,0,3,0,0,0,0,0,0,0,0,0,0,0,0,0,0,0,0,0,0,0,0,0,0,0,0,0,0,0,0,92,70,14,18,8,6,11,7,12,12,5,49,2,31,30,19,32,30,0,10,2,8,4,9,10,32,17,11,9,2,4,1,1,1,3,1,2,1,2,1,4,6,1,6,1,0,1,0,0,1,0,1,1,1,42,5,2,1,1,1,0,1,0,1,0,0,0,0,2,3,1,2,3,0,36,12,0,0,1,0,0,0,1,0,0,0,1,0,0,1,1,1,0,10,0,0,0,0,0,0,0,0,0,0,0,0,0,0,0,0,0,0,0,0,0,0,0,0,0,0,0,0,0,0,0,0,0,0,0,0,0,0,0,0,0,0,0,0,17,0,0,0,0,0,0,0,0,0,0,0,0,0,0,0,0,0,17,0,0,13,5,2,0,1,1,0,0,0,0,1,1,0,3,0,1,2,0,9,0,0,55,35,8,10,7,10,20,11,3,4,1,1,38,40,7,10,6,3,25,2,1,1,0,0,10,0,0,0,0,0,7,3,1,0,0,0,44,42,16,12,5,3,0,0,0.761061947,0.159292035,0.123893805,0.123893805,0.185840708,0.345132743,0.875,0.25,0,0.125,0,0,0,0,,,,,0.760869565,0.152173913,0.130434783,0.130434783,0.818181818,0.181818182,0.181818182,0.090909091,0.119047619,0.047619048,0,0,0.071428571,0,0,0,,,,,,,0,0,0,0.384615385,0.153846154,0,0.454545455,0.4,0.523809524,0.476190476,0.506493506,0.493506494,0.185840708,0.10619469,0.017699115,0.079646018,0.044247788,0.336283186,0.159292035,0.371681416,0.309734513,0,0.061946903,0.03539823,0.421052632,0.461538462,0.59375,0.40625,0.508196721,0.491803279,0.206521739,0.108695652,0.02173913,0.086956522,0.043478261,0.347826087,0.184782609,0.347826087,0.326086957,0,0.054347826,0.02173913,0.5,0.25,0.333333333,0.666666667,0.4,0.6,0.090909091,0.090909091,0,0,0.090909091,0.090909091,0.090909091,0.545454545,0.090909091,0,0.090909091,0.090909091,1,0.333333333,0.25,0.75,0.666666667,0.333333333,0.125,0.125,0,0.125,0,0.375,0,0.5,0.25,0,0.125,0.125,,,,,,,,,,,,,,,,,,,,,,,,,0,0,0,0,0,1,0,0,1,0,0,0,1,0.5,0.333333333,0.666666667,0.75,0.25,0.047619048,0,0,0.071428571,0,0.857142857,0.023809524,0,,0,0,1,0,1,0.083333333,0,0,0.083333333,0,0.833333333,0,0,,,,,,,,,,,,,,,,,,,,,,,,,,,,,,,,,,,0,0,0,0,0,1,0,0,1,1,0.5,0.5,1,0,0.076923077,0,0,0.153846154,0,0.692307692,0.076923077,0,0.636363636,0.145454545,0.486725664,0.55,0.15,0.17699115,1.052631579,0.184210526,0.336283186,0.08,0.04,0.595238095,0,0,0.238095238,0.428571429,0.142857143,0.166666667,1.141924959,1.666666667,Markus Howard,Bitci Baskonia,1326,34,FALSE
SPAIN,2024-2025,35726,37,59,51,14,24,5,9,7,17,2,2,0,4,3,1,3,1,17,13,4,20,26,10,6,4,38,7,0,0,0,0,0,0,0,0,0,0,0,0,0,0,0,0,0,0,0,0,0,0,0,0,0,0,0,0,14,13,5,6,2,3,2,4,0,1,0,2,0,5,7,2,11,0,0,0,0,0,0,0,2,0,2,0,0,0,0,0,0,0,0,0,0,0,0,0,0,0,0,0,0,0,0,0,0,0,0,0,0,0,39,32,7,16,3,4,4,12,4,0,2,14,0,13,16,8,23,6,0,3,1,3,1,6,2,12,2,6,6,2,2,0,2,1,1,0,1,0,1,0,2,3,0,4,1,0,0,0,0,0,0,0,1,0,55,37,9,9,3,6,0,9,1,1,0,5,2,3,6,15,10,5,18,1,29,17,5,1,3,0,1,0,3,1,0,0,1,0,2,3,1,4,0,12,1,0,0,0,0,0,0,0,0,0,0,0,0,0,0,0,0,0,0,0,0,0,0,0,0,0,0,0,0,0,0,0,0,0,0,0,0,0,0,0,0,0,0,0,22,19,5,2,1,4,0,2,2,0,1,2,0,8,2,2,7,0,12,1,1,16,13,3,4,2,1,0,4,2,1,0,3,0,5,5,2,7,1,5,0,2,38,30,7,14,3,1,9,11,4,5,0,0,12,10,3,5,1,1,42,29,8,6,3,1,8,5,1,3,1,0,5,3,0,0,1,0,37,38,5,5,24,18,0,0,0.86440678,0.237288136,0.033898305,0.06779661,0.169491525,0.338983051,0.928571429,0.357142857,0.071428571,0,,,,,,,,,0.820512821,0.179487179,0,0.102564103,1,0.333333333,0.166666667,0,0.672727273,0.163636364,0.018181818,0.090909091,0.272727273,0.294117647,0.058823529,0,,,,,,,0.863636364,0.227272727,0,0.8125,0.1875,0.0625,0.416666667,0.346153846,0.315789474,0.684210526,0.434782609,0.565217391,0.169491525,0.050847458,0.016949153,0.050847458,0.016949153,0.220338983,0.06779661,0.644067797,0.118644068,0,0.033898305,0,0.428571429,0.25,0.304347826,0.695652174,0.448275862,0.551724138,0.205128205,0.076923077,0.025641026,0.076923077,0.025641026,0.307692308,0.051282051,0.58974359,0.153846154,0,0.051282051,0,0,0.666666667,0.25,0.75,0.4,0.6,0,0,0,0,0,0.166666667,0,0.666666667,0.166666667,0,0,0,0.5,0.428571429,0.363636364,0.636363636,0.416666667,0.583333333,0.142857143,0,0,0,0,0,0.142857143,0.785714286,0,0,0,0,,,,,,,,,,,,,,,,,,,,,,,,,,,,,,,,,,,,,1,0.4,0.166666667,0.833333333,0.6,0.4,0.090909091,0.036363636,0.054545455,0.327272727,0.018181818,0.527272727,0.018181818,0,,0.25,0,1,0.4,0.6,0.058823529,0.058823529,0,0.235294118,0,0.705882353,0,0,,,,,,,,,,,,,,,,,,,,,,,,,,,,,1,0.666666667,0.142857143,0.857142857,0.8,0.2,0.090909091,0.045454545,0.045454545,0.318181818,0,0.545454545,0.045454545,0,1,0.2,0.285714286,0.714285714,0.5,0.5,0.125,0,0.125,0.4375,0.0625,0.3125,0,0,0.789473684,0.184210526,0.644067797,1.222222222,0.444444444,0.152542373,0.833333333,0.25,0.203389831,0.69047619,0.19047619,0.763636364,0.625,0.125,0.145454545,0.6,0,0.090909091,1.044776119,1.333333333,David Kramer,Lenovo Tenerife,1333,37,FALSE
SPAIN,2024-2025,59292,19,0,0,0,0,0,0,0,0,0,0,0,0,0,0,0,0,0,0,0,0,0,0,0,0,0,0,0,0,0,0,0,0,0,0,0,0,0,0,0,0,0,0,0,0,0,0,0,0,0,0,0,0,0,0,0,0,0,0,0,0,0,0,0,0,0,0,0,0,0,0,0,0,0,0,0,0,0,0,0,0,0,0,0,0,0,0,0,0,0,0,0,0,0,0,0,0,0,0,0,0,0,0,0,0,0,0,0,0,0,0,0,0,0,0,0,0,0,0,0,0,0,0,0,0,0,0,0,0,0,0,0,0,0,0,0,0,0,0,0,0,0,0,0,0,0,0,0,0,0,0,0,0,0,0,0,0,0,0,0,0,0,0,301,101,47,18,47,0,17,1,7,25,1,3,2,1,8,67,25,8,65,0,205,37,12,6,0,6,0,0,0,0,1,1,0,0,7,1,0,6,0,29,0,0,1,2,1,0,1,0,0,0,0,0,0,0,0,1,0,0,1,0,0,0,0,2,0,0,0,0,0,0,0,0,0,0,0,0,0,0,0,0,0,2,0,0,147,59,26,14,26,0,13,1,3,5,12,8,1,39,19,8,40,0,85,2,1,113,28,14,4,14,0,4,0,0,1,12,0,0,20,5,0,18,0,88,0,0,0,0,0,0,0,0,0,0,0,0,0,0,0,0,0,0,0,0,195,66,32,14,1,5,30,13,5,2,1,1,76,22,10,2,1,1,0,0,0,0,94,65,0,0,,,,,,,,,,,,,,,,,,,,,,,,,,,0.335548173,0.156146179,0.023255814,0.009966777,0.222591362,0.324324324,0.162162162,0.027027027,2,1,0,0,0,0,0.401360544,0.176870748,0.034013605,0.247787611,0.123893805,0.008849558,,,,,,,,,,,,,,,,,,,,,,,,,,,,,,,,,,,,,,,,,,,,,,,,,,,,,,,,,,,,,,,,,,,,,,,,,,,,,,,,,,,,,,,,,,,,,,,,,,,,,,,,,,,,,0.734375,0,0.984615385,0.015384615,0.72826087,0.27173913,0.026578073,0.006644518,0.003322259,0.215946844,0,0.681063123,0.083056478,0.003322259,1,,1,0,0.875,0.125,0,0,0,0.162162162,0,0.783783784,0.027027027,0,1,,1,0,1,0,0,0,0,1,0,0,0,0,,,,,,,0,0,0,0,0,1,0,0,0.666666667,0,0.975,0.025,0.672413793,0.327586207,0.054421769,0.013605442,0.006802721,0.272108844,0,0.578231293,0.081632653,0.006802721,0.777777778,,1,0,0.8,0.2,0,0,0,0.159292035,0,0.778761062,0.10619469,0,,,,,,,,,,0.338461538,0.164102564,0.647840532,0.433333333,0.166666667,0.099667774,0.289473684,0.131578947,0.252491694,,1.446153846,Jilson Bango,Casademont Zaragoza,1331,19,FALSE
SPAIN,2024-2025,59180,28,9,7,2,4,1,1,4,0,1,1,0,0,0,0,0,0,1,1,0,3,5,0,0,0,6,1,0,0,0,0,0,0,0,0,0,0,0,0,0,0,0,0,0,0,0,0,0,0,0,0,0,0,0,0,1,3,1,0,0,1,0,0,0,0,0,0,0,1,0,0,1,0,0,0,0,0,0,0,0,0,0,0,0,0,0,0,0,0,0,0,0,0,0,0,0,0,0,0,0,0,0,0,0,0,0,0,0,0,8,4,1,4,1,0,4,0,0,1,1,1,0,2,5,0,5,1,0,0,0,0,0,0,0,1,0,0,0,0,0,0,0,0,0,0,0,0,0,0,0,0,0,0,0,0,0,0,0,0,0,0,0,0,1,0,0,0,0,0,0,0,0,0,0,0,0,0,0,0,0,0,0,0,1,1,0,0,0,0,0,0,0,0,0,0,0,0,0,0,0,0,0,1,0,0,0,0,0,0,0,0,0,0,0,0,0,0,0,0,0,0,0,0,0,0,0,0,0,0,0,0,0,0,0,0,0,0,0,0,0,0,0,0,0,0,0,0,0,0,0,0,0,0,0,0,0,0,0,0,0,0,0,0,0,0,0,0,0,0,0,0,0,0,0,0,0,0,0,0,0,0,0,0,0,0,0,0,0,0,1,3,1,0,0,0,4,4,1,2,0,0,4,0,0,2,0,1,0,0,0,0,0,0,0,0,0,0,0,0,1,0,0,0,0,0,5,6,2,2,0,0,0,0,0.777777778,0.222222222,0.111111111,0,0,0.333333333,3,1,0,0,,,,,,,,,0.5,0.125,0.125,0,,,,,0,0,0,0,0,0,0,0,,,,,,,,,,,,,0.2,1,0.833333333,0.166666667,0.375,0.625,0,0,0,0,0,0.111111111,0,0.666666667,0.111111111,0,0.111111111,0,0.2,,1,0,0.285714286,0.714285714,0,0,0,0,0,0.125,0,0.625,0.125,0,0.125,0,,,,,,,,,,,,,,,,,,,,1,0,1,1,0,0,0,0,0,0,0,0,1,0,0,0,0,,,,,,,,,,,,,,,,,,,,,,,,,,,,,,,,,,,,,,,,,,,0,0,0,0,0,1,0,0,,,,,,,0,0,0,0,0,1,0,0,,,,,,,,,,,,,,,,,,,,,,,,,,,,,,,,,,,,,,,,,,,,,,,,,,,,,,,,,3,1,0.111111111,1,0.25,0.444444444,0,0,0.444444444,,,0,,,0,0,0,1,1.01744186,,Alex Reyes,BAXI Manresa,1330,28,FALSE
SPAIN,2024-2025,34982,41,610,588,85,70,69,16,47,23,63,40,7,140,61,79,34,106,399,123,276,259,133,288,65,223,155,111,0,3,2,0,0,0,0,0,0,1,2,0,1,0,1,2,1,0,0,0,1,0,1,0,1,0,1,0,72,63,5,16,3,2,10,6,17,8,5,44,0,26,24,30,21,14,0,8,9,4,13,7,23,16,28,1,0,0,0,0,0,0,0,0,1,0,1,0,0,1,0,0,1,0,0,0,0,0,0,0,0,1,414,408,57,43,50,7,31,12,100,43,28,277,7,180,86,204,100,73,0,41,59,27,73,45,159,81,196,120,115,23,11,16,7,6,5,22,9,7,76,0,52,20,53,34,23,0,11,11,2,20,12,41,25,51,7,2,0,0,0,0,0,0,0,0,0,1,1,0,2,1,0,2,0,0,5,1,0,0,0,0,0,0,0,0,0,0,0,0,0,0,0,0,0,1,0,0,0,0,0,0,0,0,0,0,0,0,0,0,0,0,0,0,0,0,0,0,0,0,0,0,0,0,0,0,0,0,0,0,0,0,0,0,0,0,0,0,0,0,2,2,0,0,0,0,0,0,1,0,0,1,0,1,0,1,0,0,1,1,0,4,0,0,0,0,0,0,0,0,0,0,1,0,0,0,1,0,0,3,0,0,401,380,59,45,88,42,88,91,13,6,20,11,121,117,13,19,32,10,6,2,0,0,1,0,1,0,0,0,0,0,0,0,0,0,0,0,186,155,50,43,0,0,0,0,0.963934426,0.139344262,0.103278689,0.229508197,0.472131148,0.424590164,0.875,0.069444444,0.111111111,0.236111111,0.666666667,0,0.666666667,0.333333333,0,0,1,0,0.985507246,0.137681159,0.103864734,0.241545894,0.958333333,0.191666667,0.075,0.183333333,0.285714286,0,0,0.142857143,0.142857143,0,0,0,,,,,,,1,0,0,0,0,0,0.594827586,0.41025641,0.748387097,0.251612903,0.660714286,0.339285714,0.472131148,0.1,0.129508197,0.055737705,0.173770492,0.201639344,0.452459016,0.254098361,0.181967213,0,0.06557377,0.01147541,0.617283951,0.368421053,0.81,0.19,0.676691729,0.323308271,0.492753623,0.099033816,0.142512077,0.065217391,0.176328502,0.195652174,0.473429952,0.241545894,0.176328502,0,0.06763285,0.016908213,0.727272727,0.583333333,0.647058824,0.352941176,0.722222222,0.277777778,0.441666667,0.091666667,0.091666667,0.016666667,0.166666667,0.208333333,0.425,0.283333333,0.191666667,0,0.058333333,0,0.230769231,0.25,0.619047619,0.380952381,0.52,0.48,0.416666667,0.111111111,0.125,0.055555556,0.180555556,0.222222222,0.388888889,0.291666667,0.194444444,0,0.069444444,0,,,,,0,1,0,0,0,0,0,0,1,0,1,0,0,0,,,,,0.333333333,0.666666667,0.333333333,0.333333333,0,0.333333333,0,0.333333333,0,0,0,0,0,0,,,,,1,0,0.285714286,0.142857143,0,0,0,0.714285714,0,0,,,,,,,0,0,0,0,0,1,0,0,,,,,,,,,,,,,,,,,,,,,,,,,,,,,,,,,1,0,0.5,0.5,0,0,0,0.5,0,0,,,,,,,0.25,0,0,0,0,0.75,0,0,0.947630923,0.14713217,0.657377049,1.034090909,0.147727273,0.144262295,0.966942149,0.107438017,0.198360656,0.333333333,0,0.857142857,0,0,0.142857143,,,0,1.293785311,,Facundo Campazzo,Real Madrid,1338,41,FALSE
SPAIN,2024-2025,59230,28,304,205,36,56,17,19,23,33,33,6,4,41,19,22,16,25,194,86,108,83,89,114,33,81,92,80,0,0,0,0,0,0,0,0,0,0,0,0,0,0,0,0,0,0,0,0,0,0,0,0,0,0,0,0,45,23,2,13,0,2,2,11,6,3,1,28,0,9,16,15,15,13,0,3,3,3,3,4,11,15,13,0,0,0,0,0,0,0,0,0,0,0,0,0,0,0,0,0,0,0,0,0,0,0,0,0,0,0,207,148,25,36,14,11,19,17,30,26,5,132,4,60,62,81,61,51,0,11,19,10,20,23,58,51,81,52,34,9,7,3,6,2,5,5,4,0,34,0,14,11,18,16,16,0,5,0,3,2,6,12,20,14,5,0,0,2,0,0,0,2,0,0,0,0,0,0,1,0,2,1,2,0,2,3,0,0,0,0,0,0,0,0,0,0,1,0,0,0,1,0,0,2,0,0,0,0,0,0,0,0,0,0,0,0,0,0,0,0,0,0,0,0,0,0,0,0,0,0,0,0,0,0,0,0,0,0,0,0,0,0,0,0,0,0,0,0,2,0,0,2,0,0,0,2,0,0,0,0,0,0,2,0,2,0,0,0,0,0,0,0,0,0,0,0,0,0,0,0,0,0,0,0,0,0,0,0,0,0,214,138,26,42,26,26,41,31,4,5,7,3,49,36,6,9,8,4,2,0,0,1,0,0,1,0,0,0,0,0,2,0,0,1,0,0,91,92,12,10,0,2,0,0,0.674342105,0.118421053,0.108552632,0.134868421,0.375,0.273026316,0.511111111,0.044444444,0.066666667,0.133333333,,,,,,,,,0.714975845,0.120772947,0.125603865,0.144927536,0.653846154,0.173076923,0.076923077,0.096153846,0,0,0,0,0,0,0,0,,,,,,,0,0,0,,,,0.425,0.365384615,0.434782609,0.565217391,0.48255814,0.51744186,0.375,0.0625,0.072368421,0.052631579,0.082236842,0.282894737,0.355263158,0.302631579,0.263157895,0,0.019736842,0.013157895,0.424242424,0.392857143,0.540983607,0.459016393,0.491803279,0.508196721,0.391304348,0.053140097,0.09178744,0.048309179,0.096618357,0.246376812,0.391304348,0.29468599,0.246376812,0,0.024154589,0.019323671,0.6,0.545454545,0.3125,0.6875,0.56,0.44,0.346153846,0.096153846,0,0.057692308,0.038461538,0.384615385,0.269230769,0.307692308,0.307692308,0,0,0,0,0.153846154,0.133333333,0.866666667,0.36,0.64,0.333333333,0.066666667,0.066666667,0.066666667,0.066666667,0.333333333,0.288888889,0.333333333,0.288888889,0,0.022222222,0,,,,,,,,,,,,,,,,,,,,,,,,,,,,,,,,,,,,,,0,0,1,0,1,0.2,0,0,0.4,0,0.4,0,0,,,,,,,0.333333333,0,0,0,0,0.666666667,0,0,,,,,,,,,,,,,,,,,,,,,,,,,,,,,,0,0,1,0,1,0,0,0,1,0,0,0,0,,,,,,,,,,,,,,,0.644859813,0.121495327,0.703947368,0.756097561,0.097560976,0.134868421,0.734693878,0.12244898,0.161184211,0,0,0.4,0,0,0.2,0,0,0.4,1.038240132,0,Sergi Garcia,Coviran Granada,1319,28,FALSE
SPAIN,2024-2025,18547,7,0,0,0,0,0,0,0,0,0,0,0,0,0,0,0,0,0,0,0,0,0,0,0,0,0,0,0,0,0,0,0,0,0,0,0,0,0,0,0,0,0,0,0,0,0,0,0,0,0,0,0,0,0,0,0,0,0,0,0,0,0,0,0,0,0,0,0,0,0,0,0,0,0,0,0,0,0,0,0,0,0,0,0,0,0,0,0,0,0,0,0,0,0,0,0,0,0,0,0,0,0,0,0,0,0,0,0,0,0,0,0,0,0,0,0,0,0,0,0,0,0,0,0,0,0,0,0,0,0,0,0,0,0,0,0,0,0,0,0,0,0,0,0,0,0,0,0,0,0,0,0,0,0,0,0,0,0,0,0,0,0,0,61,6,2,10,2,0,10,0,1,0,2,1,1,0,2,3,11,2,12,0,46,9,0,0,1,0,0,1,0,0,0,0,1,0,0,1,1,1,0,7,0,0,0,0,0,0,0,0,0,0,0,0,0,0,0,0,0,0,0,0,0,0,0,1,0,0,1,0,0,1,0,0,0,0,0,0,0,1,0,1,0,0,0,0,24,6,2,4,2,0,4,0,1,0,0,1,0,3,4,1,6,0,17,1,0,27,0,0,4,0,0,4,0,0,1,0,0,2,0,5,0,4,0,22,0,0,0,0,0,0,0,0,0,0,0,0,0,0,0,0,0,0,0,0,38,4,1,5,1,1,6,0,0,2,0,0,17,2,1,3,0,0,0,0,0,0,4,12,0,0,,,,,,,,,,,,,,,,,,,,,,,,,,,0.098360656,0.032786885,0.016393443,0.016393443,0.049180328,0,0,0,,,,0,0,0,0.25,0.083333333,0,0,0,0.037037037,,,,,,,,,,,,,,,,,,,,,,,,,,,,,,,,,,,,,,,,,,,,,,,,,,,,,,,,,,,,,,,,,,,,,,,,,,,,,,,,,,,,,,,,,,,,,,,,,,,,,,,,,,,,,0.166666667,,1,0,0.214285714,0.785714286,0.032786885,0.016393443,0,0.196721311,0,0.754098361,0,0.032786885,0,,1,0,0,1,0.111111111,0,0,0.111111111,0,0.777777778,0,0,,,,,,,,,,,,,,,0,,1,0,0,1,0,0,0,1,0,0,0,0,0.333333333,,1,0,0.428571429,0.571428571,0.041666667,0.041666667,0,0.25,0,0.708333333,0,0,0,,1,0,0,1,0,0,0,0.148148148,0,0.814814815,0,0.074074074,,,,,,,,,,0.105263158,0.026315789,0.62295082,0,0,0.098360656,0.117647059,0.058823529,0.278688525,,0.333333333,Chevez Goodwin,ICG Forca Lleida,1323,7,FALSE
SPAIN,2024-2025,35125,41,69,54,8,17,6,2,10,7,8,8,0,10,8,2,5,5,34,22,12,25,25,16,9,7,25,18,0,0,0,0,0,0,0,0,0,0,0,0,0,0,0,0,0,0,0,0,0,0,0,0,0,0,0,0,17,12,1,4,0,1,1,3,3,2,1,10,0,5,6,6,5,4,0,2,1,2,1,4,2,7,3,0,0,0,0,0,0,0,0,0,0,0,0,0,0,0,0,0,0,0,0,0,0,0,0,0,0,0,42,29,4,12,4,0,9,3,6,5,5,21,0,14,17,9,16,12,0,5,1,3,3,5,4,13,8,10,13,3,1,2,1,0,1,1,1,2,3,0,6,2,1,4,2,0,1,0,0,1,0,1,2,1,162,43,14,21,8,6,6,15,4,1,0,3,0,3,11,18,25,8,35,3,113,33,6,3,5,3,0,3,2,0,2,1,2,0,4,7,1,8,1,21,0,0,0,0,0,0,0,0,0,0,0,0,0,0,0,0,0,0,0,0,0,0,0,0,0,0,0,0,0,0,0,0,0,0,0,0,0,0,0,0,0,0,0,0,55,10,3,7,2,1,3,4,1,1,0,2,0,4,8,2,10,0,42,0,1,74,27,8,9,3,5,0,9,2,1,0,7,0,10,10,5,17,2,50,0,2,33,30,4,6,6,5,16,9,2,8,1,0,20,15,2,3,3,3,61,11,3,7,1,2,35,2,1,4,0,1,66,30,10,10,2,1,18,25,15,14,34,35,0,0,0.782608696,0.115942029,0.115942029,0.144927536,0.231884058,0.362318841,0.705882353,0.058823529,0.117647059,0.176470588,,,,,,,,,0.69047619,0.095238095,0.119047619,0.142857143,1.3,0.3,0.1,0.1,0.265432099,0.086419753,0.024691358,0.018518519,0.111111111,0.181818182,0.090909091,0.060606061,,,,,,,0.181818182,0.054545455,0.018181818,0.364864865,0.108108108,0.013513514,0.375,0.222222222,0.64,0.36,0.5,0.5,0.231884058,0.115942029,0.028985507,0.072463768,0.072463768,0.31884058,0.173913043,0.362318841,0.260869565,0,0.115942029,0,0.307692308,0,0.8125,0.1875,0.451612903,0.548387097,0.214285714,0.119047619,0.023809524,0.071428571,0.071428571,0.30952381,0.19047619,0.380952381,0.285714286,0,0.119047619,0,1,0.5,0.5,0.5,0.75,0.25,0.1,0.1,0,0,0.1,0.2,0.1,0.4,0.2,0,0.2,0,0,0.25,0.2,0.8,0.454545455,0.545454545,0.352941176,0.117647059,0.058823529,0.117647059,0.058823529,0.411764706,0.176470588,0.294117647,0.235294118,0,0.058823529,0,,,,,,,,,,,,,,,,,,,,,,,,,,,,,,,,,,,,,0.571428571,0.285714286,0.4,0.6,0.418604651,0.581395349,0.049382716,0,0.018518519,0.216049383,0.018518519,0.697530864,0.00617284,0,0.5,0,0.75,0.25,0.363636364,0.636363636,0.03030303,0,0,0.242424242,0.03030303,0.636363636,0.03030303,0,,,,,,,,,,,,,,,,,,,,,,,,,,,,,0.4,0.2,0.5,0.5,0.333333333,0.666666667,0.036363636,0,0.018181818,0.181818182,0,0.763636364,0,0,1,0.357142857,0.176470588,0.823529412,0.5,0.5,0.067567568,0,0.027027027,0.22972973,0.027027027,0.675675676,0,0,0.909090909,0.121212121,0.47826087,0.5625,0.125,0.231884058,0.75,0.1,0.289855072,0.180327869,0.049180328,0.37654321,0.057142857,0.028571429,0.216049383,0.454545455,0.151515152,0.407407407,1.012658228,0.971428571,Mario Hezonja,Real Madrid,1338,41,FALSE
SPAIN,2024-2025,58375,30,125,86,15,32,10,5,24,8,6,3,2,17,5,12,4,13,72,30,42,35,38,50,14,36,47,22,0,0,0,0,0,0,0,0,0,0,0,0,0,0,0,0,0,0,0,0,0,0,0,0,0,0,0,0,28,14,4,6,1,3,5,1,1,2,0,17,0,5,8,8,10,9,0,0,1,0,1,2,6,10,7,2,0,0,0,0,0,0,0,0,0,0,2,0,0,0,1,0,1,0,0,0,0,0,0,1,0,2,82,60,10,21,8,2,16,5,13,3,2,48,2,25,24,37,31,11,0,4,9,4,9,11,26,18,30,13,12,1,5,1,0,3,2,3,1,1,5,0,5,6,4,6,1,0,1,2,0,3,1,3,2,3,8,0,0,1,0,0,0,1,0,0,0,0,0,0,1,0,1,1,1,0,6,1,0,0,0,0,0,0,0,0,0,0,0,0,0,0,0,0,0,1,0,0,0,0,0,0,0,0,0,0,0,0,0,0,0,0,0,0,0,0,0,0,0,0,0,0,0,0,0,0,0,0,0,0,0,0,0,0,0,0,0,0,0,0,3,0,0,0,0,0,0,0,0,0,0,1,0,0,0,1,0,0,2,0,0,4,0,0,1,0,0,0,1,0,0,0,0,0,0,1,0,1,0,3,0,0,83,60,8,22,15,3,14,14,4,0,1,0,28,12,3,10,1,3,4,0,0,0,0,0,2,0,0,0,0,0,2,0,0,1,0,0,35,47,6,5,0,1,0,0,0.688,0.12,0.048,0.136,0.4,0.28,0.5,0.142857143,0.071428571,0.035714286,,,,,0,0,0,0,0.731707317,0.12195122,0.036585366,0.158536585,0.923076923,0.076923077,0.076923077,0.230769231,0,0,0,0,0,0,0,0,,,,,,,0,0,0,0,0,0,0.294117647,0.384615385,0.723404255,0.276595745,0.479452055,0.520547945,0.4,0.04,0.096,0.032,0.104,0.24,0.336,0.376,0.176,0,0.024,0.016,0.333333333,0.285714286,0.774193548,0.225806452,0.510204082,0.489795918,0.451219512,0.048780488,0.109756098,0.048780488,0.109756098,0.219512195,0.365853659,0.37804878,0.134146341,0,0.024390244,0.024390244,0.25,0,0.666666667,0.333333333,0.454545455,0.545454545,0.307692308,0.076923077,0.153846154,0,0.230769231,0.153846154,0.230769231,0.461538462,0.076923077,0,0.076923077,0,0.166666667,0.75,0.6,0.4,0.384615385,0.615384615,0.285714286,0,0.035714286,0,0.035714286,0.357142857,0.25,0.357142857,0.321428571,0,0,0,,,,,,,0.5,0,0,0,0,0,1,0,0.5,0,0,0,,,,,,,,,,,,,,,,,,,,0,0,1,0,1,0.125,0,0,0.125,0,0.75,0,0,,,,,,,0,0,0,0,0,1,0,0,,,,,,,,,,,,,,,,,,,,,,,,,,,,,,,,,,,0.333333333,0,0,0,0,0.666666667,0,0,,0,0,1,0,1,0,0,0,0.25,0,0.75,0,0,0.722891566,0.096385542,0.664,1,0.285714286,0.112,0.428571429,0.107142857,0.224,0,0,0.5,0,0,0.25,0,0,0.25,0.805801773,0,Philip Scrubb,Leyma Coruna,1321,30,FALSE
SPAIN,2024-2025,59266,24,106,80,12,30,10,2,19,11,7,2,2,21,12,9,14,7,57,37,20,35,37,37,21,16,42,20,0,0,0,0,0,0,0,0,0,0,0,0,0,0,0,0,0,0,0,0,0,0,0,0,0,0,0,0,22,10,1,9,0,1,3,6,3,3,0,9,0,4,12,6,10,3,0,2,1,2,1,3,3,5,4,1,0,0,0,0,0,0,0,0,0,0,1,0,0,0,0,0,1,0,0,0,0,0,0,0,1,0,74,61,10,19,10,0,16,3,16,4,2,41,2,28,23,26,29,15,0,10,6,12,4,18,8,30,11,9,9,1,2,0,1,0,2,2,0,0,6,0,3,2,5,3,1,0,0,2,0,2,0,5,1,5,13,2,0,2,0,0,1,1,0,0,0,1,1,0,2,1,2,2,2,0,9,5,0,0,0,0,0,0,0,0,0,0,1,0,0,0,1,0,0,4,0,0,0,0,0,0,0,0,0,0,0,0,0,0,0,0,0,0,0,0,0,0,0,0,0,0,0,0,0,0,0,0,0,0,0,0,0,0,0,0,0,0,0,0,2,0,0,1,0,0,0,1,0,0,0,0,0,0,1,0,1,0,1,0,0,6,2,0,1,0,0,1,0,1,0,0,1,0,1,1,1,1,0,4,1,0,58,45,5,19,13,3,17,10,1,5,3,3,31,25,6,6,5,1,8,2,0,2,1,0,3,0,0,0,0,0,2,0,0,0,0,0,26,42,4,3,0,2,0,0,0.754716981,0.113207547,0.066037736,0.198113208,0.349056604,0.330188679,0.454545455,0.045454545,0.136363636,0.136363636,,,,,0,0,0,0,0.824324324,0.135135135,0.054054054,0.216216216,1,0.111111111,0,0.222222222,0.153846154,0,0,0.076923077,0.076923077,0,0,0,,,,,,,0,0,0,0.333333333,0,0,0.344827586,0.153846154,0.69047619,0.30952381,0.486111111,0.513888889,0.349056604,0.113207547,0.08490566,0.132075472,0.066037736,0.349056604,0.188679245,0.396226415,0.188679245,0,0.018867925,0.018867925,0.384615385,0,0.896551724,0.103448276,0.549019608,0.450980392,0.351351351,0.135135135,0.081081081,0.162162162,0.054054054,0.405405405,0.148648649,0.391891892,0.202702703,0,0.027027027,0.027027027,,0.333333333,0,1,0.6,0.4,0.555555556,0,0.222222222,0,0.222222222,0.111111111,0.555555556,0.333333333,0.111111111,0,0,0,0,0.142857143,0.3,0.7,0.25,0.75,0.272727273,0.090909091,0.045454545,0.090909091,0.045454545,0.227272727,0.181818182,0.454545455,0.136363636,0,0,0,,,,,,,0,0,0,0,0,1,0,0,1,0,0,0,,,,,,,,,,,,,,,,,,,0,0,0.5,0.5,0.333333333,0.666666667,0.153846154,0.076923077,0,0.153846154,0,0.692307692,0,0,,,,,,,0.2,0,0,0,0,0.8,0,0,,,,,,,,,,,,,,,,,,,,,,,,,,,,,,0,0,1,0,1,0,0,0,0.5,0,0.5,0,0,0,,1,0,0.5,0.5,0.166666667,0.166666667,0,0.166666667,0,0.666666667,0,0,0.775862069,0.086206897,0.547169811,0.588235294,0.058823529,0.160377358,0.806451613,0.193548387,0.29245283,0.25,0,0.615384615,0,0,0.230769231,0,0,0.153846154,0.662705667,0,Kristian Kullamae,Bilbao Basket,1335,24,FALSE
SPAIN,2024-2025,24249,30,307,285,71,87,52,19,57,30,23,38,8,32,26,6,20,12,112,63,49,134,110,63,34,29,158,49,0,4,0,0,1,0,0,0,1,0,0,0,3,0,0,1,0,1,3,0,0,0,0,0,0,0,3,0,43,32,9,11,7,2,6,5,1,1,9,16,2,17,12,9,20,7,0,1,0,1,0,6,3,12,4,3,2,0,1,0,0,1,0,0,1,1,0,0,1,2,0,1,0,0,0,0,0,0,0,0,0,0,217,215,54,60,42,12,45,15,29,19,20,81,6,100,79,49,114,32,0,23,6,18,11,27,22,43,38,40,36,8,14,3,5,5,9,2,2,8,12,0,16,16,5,22,7,0,2,0,1,1,1,4,5,7,26,9,4,3,3,1,1,2,1,4,0,0,0,0,3,7,4,1,7,2,13,10,2,1,2,1,0,0,2,0,1,2,2,0,3,3,1,3,1,3,0,0,0,0,0,0,0,0,0,0,0,0,0,0,0,0,0,0,0,0,0,0,0,0,0,0,0,0,0,0,0,0,0,0,0,0,0,0,0,0,0,0,0,0,8,5,2,0,1,1,0,0,0,0,2,1,0,3,0,0,2,1,4,0,0,8,2,1,1,1,0,1,0,0,0,0,0,0,1,1,0,2,0,6,0,0,148,148,39,38,15,12,50,42,10,16,6,5,109,95,22,33,11,6,18,7,3,3,0,1,7,2,1,0,0,0,1,0,0,0,0,0,161,158,64,54,9,7,0,0,0.928338762,0.231270358,0.074918567,0.104234528,0.205211726,0.436482085,0.744186047,0.209302326,0.023255814,0.023255814,0,0,0,0,0.666666667,0,0.333333333,0,0.99078341,0.248847926,0.087557604,0.133640553,0.9,0.2,0.05,0.05,0.346153846,0.153846154,0.038461538,0,0.269230769,0.2,0.1,0.1,,,,,,,0.625,0.25,0,0.25,0.125,0,0.47706422,0.387755102,0.689873418,0.310126582,0.549180328,0.450819672,0.205211726,0.084690554,0.019543974,0.06514658,0.039087948,0.205211726,0.159609121,0.51465798,0.159609121,0,0.123778502,0.026058632,0.482758621,0.444444444,0.763157895,0.236842105,0.558659218,0.441340782,0.225806452,0.105990783,0.02764977,0.082949309,0.050691244,0.198156682,0.175115207,0.525345622,0.147465438,0,0.092165899,0.02764977,0.375,0.357142857,0.363636364,0.636363636,0.5,0.5,0.125,0.05,0,0.025,0.025,0.125,0.175,0.55,0.175,0,0.2,0,0.538461538,0.285714286,0.65,0.35,0.586206897,0.413793103,0.209302326,0.023255814,0,0.023255814,0,0.279069767,0.093023256,0.465116279,0.162790698,0,0.209302326,0.046511628,0,,1,0,0.333333333,0.666666667,0,0,0,0,0,0,0,0.333333333,0,0,0.333333333,0,,0,0,1,0,1,0,0,0,0,0,0.75,0,0.25,0.75,0,0,0,0.75,0.333333333,0.571428571,0.428571429,0.636363636,0.363636364,0.038461538,0,0,0.269230769,0.076923077,0.5,0.153846154,0,1,0,0.333333333,0.666666667,0.5,0.5,0.1,0,0,0.3,0.1,0.3,0.2,0,,,,,,,,,,,,,,,,,,,,,,,,,,,,,1,1,0.5,0.5,1,0,0,0,0,0.25,0.125,0.5,0.25,0,0.5,,1,0,0.5,0.5,0,0,0,0.25,0,0.75,0,0,1,0.263513514,0.482084691,0.84,0.2,0.16286645,0.871559633,0.201834862,0.35504886,0.388888889,0.166666667,0.692307692,0.285714286,0.142857143,0.269230769,0,0,0.038461538,1.154920498,1.285714286,Jerrick Harding,BC MoraBanc Andorra,1332,30,FALSE
SPAIN,2024-2025,59113,39,10,8,1,1,0,1,1,0,0,0,0,2,1,1,1,1,8,5,3,3,1,6,3,3,2,2,0,0,0,0,0,0,0,0,0,0,0,0,0,0,0,0,0,0,0,0,0,0,0,0,0,0,0,0,4,5,1,0,0,1,0,0,1,0,0,3,0,2,0,2,1,1,0,1,0,1,0,2,0,3,0,0,0,0,0,0,0,0,0,0,0,0,0,0,0,0,0,0,0,0,0,0,0,0,0,0,0,0,4,0,0,1,0,0,1,0,0,0,0,3,0,0,1,2,1,1,0,0,0,0,0,1,1,2,1,2,3,0,0,0,0,0,0,1,0,0,2,0,1,0,2,0,0,0,0,1,0,1,0,2,0,2,102,34,9,7,3,6,2,5,0,4,0,4,2,2,8,17,7,6,16,2,74,21,4,0,1,0,0,1,0,2,0,0,3,0,2,1,2,1,1,17,2,0,0,0,0,0,0,0,0,0,0,0,0,0,0,0,0,0,0,0,0,0,0,1,0,0,0,0,0,0,0,0,0,0,0,0,0,0,0,0,0,1,0,0,34,15,6,4,3,3,1,3,0,0,2,1,0,8,4,1,10,0,21,0,0,44,15,3,2,0,3,0,2,2,0,2,4,0,7,2,3,5,1,33,0,2,4,3,1,0,0,0,3,3,0,0,1,0,3,2,0,1,1,0,64,20,6,6,2,0,10,2,0,1,1,0,28,12,3,0,1,0,3,2,0,0,24,16,0,0,0.8,0.1,0,0.2,0.6,0.3,1.25,0.25,0,0.25,,,,,,,,,0,0,0,0,1.5,0,0,0.5,0.333333333,0.088235294,0,0.039215686,0.166666667,0.19047619,0,0,,,,0,0,0,0.441176471,0.176470588,0,0.340909091,0.068181818,0,0,1,0.5,0.5,0.75,0.25,0.6,0.1,0.1,0.1,0.1,0.5,0.3,0.2,0.2,0,0,0,0,,1,0,0,1,0.5,0,0,0,0,0.5,0.25,0.25,0.25,0,0,0,,,,,1,0,1,0,0.5,0,0.5,0,1,0,0,0,0,0,,1,0,1,1,0,0.5,0.25,0,0.25,0,0.75,0,0.25,0.25,0,0,0,,,,,,,,,,,,,,,,,,,,,,,,,,,,,,,,,,,,,0.6,0.545454545,0.3125,0.6875,0.708333333,0.291666667,0.058823529,0.019607843,0.019607843,0.156862745,0.019607843,0.725490196,0.039215686,0,0,,1,0,0.666666667,0.333333333,0.095238095,0.095238095,0,0.047619048,0.047619048,0.80952381,0,0,,,,,,,,,,,,,,,,,,,,,0,0,0,0,0,1,0,0,0.75,0.5,0.4,0.6,0.666666667,0.333333333,0.029411765,0,0,0.294117647,0,0.617647059,0.058823529,0,,0.6,0,1,0.777777778,0.222222222,0.068181818,0,0.045454545,0.113636364,0.022727273,0.75,0.045454545,0,0.75,0.25,0.4,1,0,0.3,0.666666667,0,0.3,0.3125,0.09375,0.62745098,0.2,0,0.098039216,0.428571429,0.107142857,0.274509804,1.5,1.5,Aaron Doornekamp,Lenovo Tenerife,1333,39,FALSE
SPAIN,2024-2025,25102,42,3,2,1,2,1,0,1,1,0,0,0,0,0,0,0,0,0,0,0,1,2,0,0,0,3,0,0,0,0,0,0,0,0,0,0,0,0,0,0,0,0,0,0,0,0,0,0,0,0,0,0,0,0,0,0,0,0,0,0,0,0,0,0,0,0,0,0,0,0,0,0,0,0,0,0,0,0,0,0,0,0,0,0,0,0,0,0,0,0,0,0,0,0,0,0,0,0,0,0,0,0,0,0,0,0,0,0,0,3,2,1,2,1,0,1,1,0,0,0,0,0,1,2,0,3,0,0,0,0,0,0,0,0,0,0,0,0,0,0,0,0,0,0,0,0,0,0,0,0,0,0,0,0,0,0,0,0,0,0,0,0,0,113,35,12,11,6,6,2,9,3,5,1,2,1,1,7,17,14,3,23,4,79,28,12,5,2,3,2,0,2,0,2,1,1,0,6,4,0,7,1,18,0,0,0,0,0,0,0,0,0,0,0,0,0,0,0,0,0,0,0,0,0,0,0,0,0,0,0,0,0,0,0,0,0,0,0,0,0,0,0,0,0,0,0,0,51,21,7,8,3,4,2,6,1,0,3,2,1,9,8,1,15,1,33,0,1,33,2,0,1,0,0,0,1,1,1,1,4,0,2,2,2,1,2,27,1,0,0,0,0,0,0,0,0,0,0,0,0,0,3,2,1,2,0,0,55,12,4,5,1,1,12,10,4,0,0,2,46,13,4,6,1,0,2,3,0,0,30,23,0,0,0.666666667,0.333333333,0,0,0,0.333333333,,,,,,,,,,,,,0.666666667,0.333333333,0,0,,,,,0.309734513,0.10619469,0.026548673,0.017699115,0.150442478,0.428571429,0.178571429,0.071428571,,,,,,,0.411764706,0.137254902,0,0.060606061,0,0.03030303,0.5,0,0.666666667,0.333333333,0.333333333,0.666666667,0,0,0,0,0,0,0,1,0,0,0,0,0.5,0,0.666666667,0.333333333,0.333333333,0.666666667,0,0,0,0,0,0,0,1,0,0,0,0,,,,,,,,,,,,,,,,,,,,,,,,,,,,,,,,,,,,,,,,,,,,,,,,,,,,,,,,,,,,,,,,,,,,,,,,,0.75,0.4,0.347826087,0.652173913,0.548387097,0.451612903,0.026548673,0.008849558,0.008849558,0.203539823,0.03539823,0.699115044,0.044247788,0.008849558,1,0.5,0.428571429,0.571428571,0.6,0.4,0,0,0,0.25,0.035714286,0.642857143,0.035714286,0,,,,,,,,,,,,,,,,,,,,,,,,,,,,,0.6,0.4,0.333333333,0.666666667,0.529411765,0.470588235,0.019607843,0,0.019607843,0.294117647,0.019607843,0.647058824,0.058823529,0.019607843,,0,0,1,0.5,0.5,0.060606061,0.03030303,0,0.03030303,0.060606061,0.818181818,0.03030303,0,,,0,,,0,0.666666667,0.333333333,1,0.218181818,0.072727273,0.486725664,0.833333333,0.333333333,0.10619469,0.282608696,0.086956522,0.407079646,0.666666667,1.304347826,Nathan Sestina,Valencia BC,1325,42,FALSE
SPAIN,2024-2025,59184,30,59,31,7,16,6,1,14,2,9,4,4,5,3,2,1,4,33,15,18,14,25,16,6,10,23,17,0,0,0,0,0,0,0,0,0,0,0,0,0,0,0,0,0,0,0,0,0,0,0,0,0,0,0,0,12,4,0,4,0,0,3,1,1,3,1,6,2,2,7,2,4,4,0,0,1,0,1,0,2,2,4,0,0,0,0,0,0,0,0,0,0,0,0,0,0,0,0,0,0,0,0,0,0,0,0,0,0,0,37,13,2,12,2,0,11,1,3,5,2,22,2,6,17,11,14,11,0,2,1,1,2,5,6,11,11,10,14,5,0,4,1,0,0,1,1,1,5,0,6,1,3,5,2,0,1,0,0,1,1,2,2,3,10,4,0,0,0,0,0,0,0,0,0,2,2,0,2,2,0,2,0,0,8,2,0,0,0,0,0,0,0,0,0,0,0,0,0,0,0,0,0,2,0,0,0,0,0,0,0,0,0,0,0,0,0,0,0,0,0,0,0,0,0,0,0,0,0,0,0,0,0,0,0,0,0,0,0,0,0,0,0,0,0,0,0,0,4,4,0,0,0,0,0,0,2,0,0,2,0,2,0,2,0,0,2,2,0,4,0,0,0,0,0,0,0,0,0,0,0,0,0,0,0,0,0,4,0,0,47,26,7,12,3,7,6,2,0,1,1,2,6,3,0,3,1,0,5,0,0,0,0,0,3,4,0,0,2,0,2,0,0,0,0,0,15,23,7,4,0,0,0,0,0.525423729,0.118644068,0.152542373,0.084745763,0.271186441,0.237288136,0.333333333,0,0.25,0.083333333,,,,,,,,,0.351351351,0.054054054,0.135135135,0.081081081,1.4,0.5,0.1,0.1,0.4,0,0,0.2,0.2,0,0,0,,,,,,,1,0,0,0,0,0,0.3,0.333333333,0.869565217,0.130434783,0.358974359,0.641025641,0.271186441,0.050847458,0.033898305,0.016949153,0.06779661,0.254237288,0.305084746,0.389830508,0.288135593,0,0.06779661,0.06779661,0.153846154,0,0.928571429,0.071428571,0.260869565,0.739130435,0.297297297,0.054054054,0.027027027,0.027027027,0.054054054,0.297297297,0.297297297,0.378378378,0.297297297,0,0.054054054,0.054054054,1,1,0.8,0.2,0.857142857,0.142857143,0.3,0.1,0,0,0.1,0.2,0.3,0.5,0.2,0,0.1,0,0,0,0.75,0.25,0.222222222,0.777777778,0.166666667,0,0.083333333,0,0.083333333,0.166666667,0.333333333,0.333333333,0.333333333,0,0.083333333,0.166666667,,,,,,,,,,,,,,,,,,,,,,,,,,,,,,,,,,,,,,,,,1,0,0.2,0.2,0,0,0,0.8,0,0,,,,,,,0,0,0,0,0,1,0,0,,,,,,,,,,,,,,,,,,,,,,,,,,,,,,,,,1,0,0.5,0.5,0,0,0,0.5,0,0,,,,,,,0,0,0,0,0,1,0,0,0.553191489,0.14893617,0.796610169,0.333333333,0,0.101694915,0.5,0,0.101694915,0,0,0.5,1.333333333,0,0.3,0,0,0.2,0.728527607,,Agustin Ubal,Coviran Granada,1319,30,FALSE
SPAIN,2024-2025,34691,36,39,46,13,8,13,0,6,2,3,8,1,4,1,3,2,2,13,5,8,21,11,9,2,7,21,4,0,0,0,0,0,0,0,0,0,0,0,0,0,0,0,0,0,0,0,0,0,0,0,0,0,0,0,0,7,7,3,3,3,0,2,1,0,0,1,1,1,3,3,0,6,1,0,0,0,0,0,0,0,1,0,0,0,0,0,0,0,0,0,0,0,0,0,0,0,0,0,0,0,0,0,0,0,0,0,0,0,0,24,31,9,3,9,0,2,1,3,2,4,11,0,13,5,8,12,3,0,1,2,2,1,2,6,4,7,8,8,1,2,1,0,2,0,1,1,3,1,0,5,3,1,3,0,0,0,1,0,1,0,1,0,1,5,3,1,0,0,1,0,0,0,0,0,0,0,0,0,1,0,0,1,0,4,0,0,0,0,0,0,0,0,0,0,0,0,0,0,0,0,0,0,0,0,0,0,0,0,0,0,0,0,0,0,0,0,0,0,0,0,0,0,0,0,0,0,0,0,0,0,0,0,0,0,0,0,0,0,0,0,0,0,0,0,0,0,0,0,0,0,0,0,0,0,0,0,0,0,0,0,0,0,0,0,0,0,0,0,5,3,1,0,0,1,0,0,0,0,0,0,0,1,0,0,1,0,4,0,0,22,25,6,6,3,2,2,2,1,0,0,0,15,19,6,2,1,1,2,0,0,0,0,0,0,0,0,0,0,0,3,3,1,0,0,0,26,21,10,9,3,1,0,0,1.179487179,0.333333333,0.076923077,0.102564103,0.230769231,0.538461538,1,0.428571429,0,0,,,,,,,,,1.291666667,0.375,0.083333333,0.125,1,0.125,0.125,0.125,0.6,0.2,0,0,0.2,,,,,,,,,,,,,0.6,0.2,0,0.684210526,0,0.904761905,0.095238095,0.65625,0.34375,0.230769231,0.025641026,0.076923077,0.051282051,0.051282051,0.128205128,0.205128205,0.538461538,0.102564103,0,0.205128205,0.025641026,0.818181818,0,0.916666667,0.083333333,0.722222222,0.277777778,0.333333333,0.041666667,0.083333333,0.083333333,0.041666667,0.166666667,0.291666667,0.5,0.125,0,0.166666667,0,0.333333333,,1,0,0.625,0.375,0.125,0,0.125,0,0.125,0,0.125,0.375,0,0,0.375,0,0.6,0,0.833333333,0.166666667,0.5,0.5,0,0,0,0,0,0.142857143,0,0.857142857,0.142857143,0,0.142857143,0.142857143,,,,,,,,,,,,,,,,,,,,,,,,,,,,,,,,,,,,,,1,0,1,1,0,0,0,0,0.2,0,0.8,0,0,,,,,,,,,,,,,,,,,,,,,,,,,,,,,,,,,,,,,,,,,,,,,,,,,,,,,,,,,,1,0,1,1,0,0,0,0,0.2,0,0.8,0,0,1.136363636,0.272727273,0.564102564,1,0.5,0.051282051,1.266666667,0.4,0.384615385,0,0,0.4,,,0,1,0.333333333,0.6,1.377952756,3,Hugo Gonzalez Pena,Real Madrid,1338,36,FALSE
SPAIN,2024-2025,59188,28,2,2,1,1,1,0,1,0,0,0,0,0,0,0,0,0,0,0,0,1,1,0,0,0,2,0,0,0,0,0,0,0,0,0,0,0,0,0,0,0,0,0,0,0,0,0,0,0,0,0,0,0,0,0,1,0,0,1,0,0,1,0,0,0,0,0,0,0,1,0,1,0,0,0,0,0,0,0,0,0,0,0,0,0,0,0,0,0,0,0,0,0,0,0,0,0,0,0,0,0,0,0,0,0,0,0,0,0,1,2,1,0,1,0,0,0,0,0,0,0,0,1,0,0,1,0,0,0,0,0,0,0,0,0,0,0,0,0,0,0,0,0,0,0,0,0,0,0,0,0,0,0,0,0,0,0,0,0,0,0,0,0,25,3,1,4,0,1,2,2,0,1,0,0,0,0,1,2,4,0,5,1,18,7,3,1,1,0,1,1,0,0,0,1,0,0,2,1,0,2,0,4,0,0,0,0,0,0,0,0,0,0,0,0,0,0,0,0,0,0,0,0,0,0,0,0,0,0,0,0,0,0,0,0,0,0,0,0,0,0,0,0,0,0,0,0,9,0,0,2,0,0,0,2,0,0,0,1,0,0,2,0,2,1,6,0,0,9,0,0,1,0,0,1,0,0,0,0,0,0,0,1,0,1,0,8,0,0,1,0,0,1,0,0,0,0,0,0,0,0,1,2,1,0,0,0,15,3,1,2,0,0,1,0,0,0,0,0,9,0,0,2,0,0,2,2,0,0,3,5,0,0,1,0.5,0,0,0,0.5,0,0,0,0,,,,,,,,,2,1,0,0,,,,,0.12,0.04,0,0,0.08,0.428571429,0.142857143,0,,,,,,,0,0,0,0,0,0,0.5,,1,0,0.5,0.5,0,0,0,0,0,0,0,1,0,0,0,0,1,,1,0,1,0,0,0,0,0,0,0,0,1,0,0,0,0,,,,,,,,,,,,,,,,,,,0,,1,0,0,1,0,0,0,0,0,0,0,1,0,0,0,0,,,,,,,,,,,,,,,,,,,,,,,,,,,,,,,,,,,,,0,0.333333333,0.4,0.6,0.333333333,0.666666667,0,0,0,0.2,0.04,0.72,0.04,0,0,1,0.5,0.5,0.666666667,0.333333333,0,0,0,0.285714286,0,0.571428571,0.142857143,0,,,,,,,,,,,,,,,,,,,,,,,,,,,,,,0,0,1,0,1,0,0,0,0.222222222,0.111111111,0.666666667,0,0,0,,1,0,0,1,0,0,0,0.111111111,0,0.888888889,0,0,0,0,0.5,,,0,2,1,0.5,0.2,0.066666667,0.6,0,0,0.04,0,0,0.36,1,0.6,Sergi Martinez Costa,Basquet Girona,1315,28,FALSE
SPAIN,2024-2025,59181,33,2,1,0,1,0,0,1,0,0,1,0,0,0,0,0,0,0,0,0,1,1,0,0,0,1,0,0,0,0,0,0,0,0,0,0,0,0,0,0,0,0,0,0,0,0,0,0,0,0,0,0,0,0,0,1,0,0,1,0,0,1,0,0,0,0,0,0,0,1,0,1,0,0,0,0,0,0,0,0,0,0,0,0,0,0,0,0,0,0,0,0,0,0,0,0,0,0,0,0,0,0,0,0,0,0,0,0,0,1,1,0,0,0,0,0,0,0,0,1,0,0,1,0,0,0,0,0,0,0,0,0,0,0,0,0,0,0,0,0,0,0,0,0,0,0,0,0,0,0,0,0,0,0,0,0,0,0,0,0,0,0,0,141,35,10,10,5,5,6,4,0,7,0,4,2,2,11,20,10,11,20,0,104,38,7,1,1,1,0,1,0,2,0,1,5,0,4,1,5,2,0,30,1,1,1,0,0,0,0,0,0,0,0,0,0,1,0,0,0,1,0,0,0,0,0,2,3,1,0,0,1,0,0,0,0,1,0,0,2,0,0,1,0,0,0,0,58,17,6,7,3,3,5,2,1,0,4,3,0,10,7,3,13,0,39,1,0,42,8,2,2,1,1,0,2,1,0,1,2,0,4,2,2,4,0,35,0,1,1,1,0,0,0,0,0,0,0,0,0,0,1,0,0,1,0,0,67,10,4,6,1,0,26,8,2,1,1,0,48,17,4,3,2,0,0,1,2,1,25,20,0,0,0.5,0,0,0,0,0.5,0,0,0,0,,,,,,,,,1,0,0,0,,,,,0.24822695,0.070921986,0,0.028368794,0.141843972,0.184210526,0.026315789,0,0,0,0,1.5,0.5,0,0.293103448,0.103448276,0,0.19047619,0.047619048,0,0,,1,0,0.5,0.5,0,0,0,0,0,0,0,0.5,0,0,0.5,0,,,,,1,0,0,0,0,0,0,0,0,0,0,0,1,0,,,,,,,,,,,,,,,,,,,0,,1,0,0,1,0,0,0,0,0,0,0,1,0,0,0,0,,,,,,,,,,,,,,,,,,,,,,,,,,,,,,,,,,,,,0.454545455,0.555555556,0.55,0.45,0.666666667,0.333333333,0.078014184,0.014184397,0.014184397,0.141843972,0,0.737588652,0.04964539,0,0.5,,1,0,0.8,0.2,0.131578947,0.026315789,0.026315789,0.052631579,0,0.789473684,0.026315789,0,,,,,,,1,0,0,0,0,0,0,0,,1,0,1,1,0,0,0,0,0.5,0,0,0.5,0,0.375,0.6,0.615384615,0.384615385,0.588235294,0.411764706,0.051724138,0.017241379,0,0.224137931,0,0.672413793,0.068965517,0,1,0.333333333,0.25,0.75,0.666666667,0.333333333,0.047619048,0,0.023809524,0.095238095,0,0.833333333,0.023809524,0,1,0,0.5,,,0,0,0,0.5,0.149253731,0.059701493,0.475177305,0.307692308,0.076923077,0.184397163,0.354166667,0.083333333,0.340425532,0.531914894,1.25,Marcis Steinbergs,BAXI Manresa,1330,33,FALSE
SPAIN,2024-2025,28711,35,0,0,0,0,0,0,0,0,0,0,0,0,0,0,0,0,0,0,0,0,0,0,0,0,0,0,0,0,0,0,0,0,0,0,0,0,0,0,0,0,0,0,0,0,0,0,0,0,0,0,0,0,0,0,0,0,0,0,0,0,0,0,0,0,0,0,0,0,0,0,0,0,0,0,0,0,0,0,0,0,0,0,0,0,0,0,0,0,0,0,0,0,0,0,0,0,0,0,0,0,0,0,0,0,0,0,0,0,0,0,0,0,0,0,0,0,0,0,0,0,0,0,0,0,0,0,0,0,0,0,0,0,0,0,0,0,0,0,0,0,0,0,0,0,0,0,0,0,0,0,0,0,0,0,0,0,0,0,0,0,0,0,380,63,26,13,26,0,13,0,2,12,4,5,4,1,20,41,15,16,39,4,309,45,6,2,0,2,0,0,0,1,0,0,2,0,3,0,2,2,0,41,1,0,4,0,0,0,0,0,0,0,0,0,0,1,0,0,0,1,0,0,3,0,0,3,0,0,0,0,0,0,0,0,0,0,1,0,0,0,1,0,0,2,0,0,168,37,15,8,15,0,8,0,3,0,7,14,2,24,8,11,23,3,125,2,1,157,20,9,5,9,0,5,0,1,2,5,2,2,14,7,1,14,1,135,1,0,0,0,0,0,0,0,0,0,0,0,0,0,0,0,0,0,0,0,238,36,14,8,4,1,53,7,2,3,1,0,89,20,10,2,0,1,0,0,0,0,52,39,0,0,,,,,,,,,,,,,,,,,,,,,,,,,,,0.165789474,0.068421053,0.005263158,0.013157895,0.107894737,0.133333333,0.044444444,0,0,0,0,0,0,0,0.220238095,0.089285714,0,0.127388535,0.057324841,0.012738854,,,,,,,,,,,,,,,,,,,,,,,,,,,,,,,,,,,,,,,,,,,,,,,,,,,,,,,,,,,,,,,,,,,,,,,,,,,,,,,,,,,,,,,,,,,,,,,,,,,,,,,,,,,,,0.666666667,,1,0,0.732142857,0.267857143,0.042105263,0.010526316,0.002631579,0.102631579,0.010526316,0.813157895,0.031578947,0.010526316,1,,1,0,1,0,0.044444444,0.022222222,0,0.044444444,0,0.911111111,0,0,,,,,,,0.25,0,0,0,0,0.75,0,0,,,,,,,0.333333333,0,0,0,0,0.666666667,0,0,0.652173913,,1,0,0.75,0.25,0.06547619,0.011904762,0.005952381,0.136904762,0.017857143,0.744047619,0.041666667,0.011904762,0.642857143,,1,0,0.666666667,0.333333333,0.006369427,0.006369427,0,0.089171975,0.006369427,0.859872611,0.031847134,0.012738854,,,,,,,,,,0.151260504,0.058823529,0.626315789,0.132075472,0.037735849,0.139473684,0.224719101,0.112359551,0.234210526,,1.333333333,Donta Hall,Bitci Baskonia,1326,35,FALSE
SPAIN,2024-2025,18816,5,9,3,1,5,0,1,4,1,1,0,0,0,0,0,0,0,2,2,0,1,6,2,2,0,6,0,0,0,0,0,0,0,0,0,0,0,0,0,0,0,0,0,0,0,0,0,0,0,0,0,0,0,0,0,0,0,0,0,0,0,0,0,0,0,0,0,0,0,0,0,0,0,0,0,0,0,0,0,0,0,0,0,0,0,0,0,0,0,0,0,0,0,0,0,0,0,0,0,0,0,0,0,0,0,0,0,0,0,8,3,1,4,0,1,3,1,0,1,0,2,0,1,5,2,5,0,0,0,0,0,0,2,0,2,0,1,0,0,1,0,0,1,0,0,0,0,0,0,0,1,0,1,0,0,0,0,0,0,0,0,0,0,9,0,0,0,0,0,0,0,0,0,0,0,0,0,2,0,0,0,0,2,7,3,0,0,0,0,0,0,0,0,0,0,0,0,0,0,0,0,0,3,0,0,0,0,0,0,0,0,0,0,0,0,0,0,0,0,0,0,0,0,0,0,0,0,0,0,0,0,0,0,0,0,0,0,0,0,0,0,0,0,0,0,0,0,2,0,0,0,0,0,0,0,0,0,0,1,0,0,0,0,0,1,1,0,0,4,0,0,0,0,0,0,0,0,0,0,1,0,0,0,0,0,1,3,0,0,8,3,1,4,0,1,0,0,0,0,0,0,1,0,0,1,0,0,7,0,0,0,0,0,1,0,0,0,0,0,1,0,0,0,0,0,3,6,0,0,0,0,0,0,0.333333333,0.111111111,0.111111111,0,0.222222222,0.111111111,,,,,,,,,,,,,0.375,0.125,0.125,0,0,0,0,0,0,0,0,0,0,0,0,0,,,,,,,0,0,0,0,0,0,0,0.5,0.666666667,0.333333333,0.142857143,0.857142857,0.222222222,0,0,0,0,0.222222222,0,0.666666667,0,0,0,0,0,0.5,0.6,0.4,0.166666667,0.833333333,0.25,0,0,0,0,0.25,0,0.625,0,0,0,0,0,,1,0,0,1,0,0,0,0,0,0,0,1,0,0,0,0,,,,,,,,,,,,,,,,,,,,,,,,,,,,,,,,,,,,,,,,,,,,,,,,,,,,,,,,,,,,,0,0,0,0,0.222222222,0.777777778,0,0,,,,,,,0,0,0,0,0,1,0,0,,,,,,,,,,,,,,,,,,,,,,,,,,,,,,,,,,,0,0,0,0,0.5,0.5,0,0,,,,,,,0,0,0,0,0.25,0.75,0,0,0.375,0.125,0.888888889,,,0,0,0,0.111111111,0,0,0.777777778,0,0,0.111111111,0,0,0.111111111,0.5,,Payton Willis,Lenovo Tenerife,1333,5,FALSE
SPAIN,2024-2025,59036,27,147,69,7,45,4,3,24,21,5,8,1,19,15,4,13,6,85,49,36,34,50,56,23,33,52,29,0,0,0,0,0,0,0,0,0,0,0,0,0,0,0,0,0,0,0,0,0,0,0,0,0,0,0,0,28,4,0,9,0,0,5,4,1,1,1,18,0,2,10,7,9,11,0,1,0,0,1,0,7,10,8,0,0,0,0,0,0,0,0,0,0,0,0,0,0,0,0,0,0,0,0,0,0,0,0,0,0,0,68,47,6,12,4,2,10,2,13,4,5,43,1,24,16,33,18,10,0,12,1,11,2,18,15,26,17,51,18,1,24,0,1,9,15,5,0,2,24,0,8,24,16,25,8,0,2,3,2,3,5,11,13,11,26,2,0,4,0,0,0,4,1,0,0,1,1,0,2,1,5,2,4,0,19,13,0,0,3,0,0,0,3,0,1,0,0,0,0,4,0,3,0,9,0,0,0,0,0,0,0,0,0,0,0,0,0,0,0,0,0,0,0,0,0,0,0,0,0,0,0,0,0,0,0,0,0,0,0,0,0,0,0,0,0,0,0,0,5,0,0,1,0,0,0,1,0,0,0,0,0,0,1,0,1,0,4,0,0,8,2,0,0,0,0,0,0,1,0,0,2,0,1,0,2,0,0,6,1,0,101,35,3,36,11,5,14,9,1,2,3,0,32,25,3,7,5,0,15,2,0,1,1,1,4,0,0,1,0,0,7,0,0,2,0,0,17,52,10,10,0,4,0,0,0.469387755,0.047619048,0.034013605,0.129251701,0.380952381,0.231292517,0.142857143,0,0.035714286,0.035714286,,,,,,,,,0.691176471,0.088235294,0.058823529,0.191176471,0.352941176,0.019607843,0,0.098039216,0.076923077,0,0.038461538,0.038461538,0.038461538,0,0,0.076923077,,,,,,,0,0,0,0.25,0,0,0.142857143,0.125,0.538461538,0.461538462,0.404761905,0.595238095,0.380952381,0.102040816,0.027210884,0.088435374,0.040816327,0.333333333,0.244897959,0.353741497,0.197278912,0,0.054421769,0.006802721,0.285714286,0.5,0.777777778,0.222222222,0.6,0.4,0.485294118,0.176470588,0.014705882,0.161764706,0.029411765,0.382352941,0.25,0.264705882,0.147058824,0,0.073529412,0.014705882,0,0.0625,0.36,0.64,0.25,0.75,0.31372549,0.039215686,0.058823529,0.039215686,0.058823529,0.254901961,0.215686275,0.490196078,0.156862745,0,0.039215686,0,0,0,0.555555556,0.444444444,0.166666667,0.833333333,0.25,0.035714286,0,0,0.035714286,0.357142857,0.285714286,0.321428571,0.392857143,0,0.035714286,0,,,,,,,,,,,,,,,,,,,,,,,,,,,,,,,,,,,,,,0,0,1,0.166666667,0.833333333,0.076923077,0.038461538,0,0.153846154,0,0.730769231,0,0,,0,0,1,0,1,0,0,0,0.230769231,0,0.692307692,0,0,,,,,,,,,,,,,,,,,,,,,,,,,,,,,,0,0,1,0,1,0,0,0,0.2,0,0.8,0,0,,,,,1,0,0.25,0.125,0,0,0,0.75,0,0,0.346534653,0.02970297,0.68707483,0.642857143,0.071428571,0.095238095,0.78125,0.09375,0.217687075,0.133333333,0,0.576923077,0,0,0.153846154,0,0,0.269230769,0.478723404,0,Howard Sant-Roos,CB UCAM Murcia,1334,27,FALSE
SPAIN,2024-2025,59162,35,298,255,51,65,35,16,30,35,34,8,4,53,30,23,23,30,171,72,99,109,99,105,37,68,116,66,0,1,0,0,0,0,0,0,0,0,0,0,1,0,0,0,1,0,0,0,0,0,0,0,1,0,1,0,33,21,4,9,2,2,3,6,4,7,2,19,0,9,16,7,13,12,0,3,1,3,1,4,3,10,9,0,0,0,0,0,0,0,0,0,0,0,0,0,0,0,0,0,0,0,0,0,0,0,0,0,0,0,216,192,38,40,29,9,23,17,42,22,4,131,3,82,62,83,78,48,0,22,20,16,26,28,55,56,75,48,42,9,16,4,5,4,12,7,5,2,20,1,18,21,14,25,6,0,5,2,4,3,4,10,5,15,29,7,2,3,2,0,1,2,0,2,0,1,0,1,5,4,3,5,5,0,18,6,0,0,1,0,0,1,0,0,0,0,1,0,0,1,1,1,0,4,0,0,0,0,0,0,0,0,0,0,0,0,0,0,0,0,0,0,0,0,0,0,0,0,0,0,0,0,0,0,0,0,0,0,0,0,0,0,0,0,0,0,0,0,12,0,0,1,0,0,0,1,0,0,0,2,0,0,1,2,1,0,9,0,0,11,7,2,1,2,0,0,1,1,0,2,2,0,4,1,2,3,0,5,0,1,175,154,33,40,29,22,38,39,6,4,9,3,85,62,12,21,15,9,23,7,2,3,1,0,3,0,0,0,0,0,3,0,0,0,0,0,118,116,11,8,4,5,0,0,0.855704698,0.17114094,0.11409396,0.177852349,0.352348993,0.365771812,0.636363636,0.121212121,0.212121212,0.121212121,0,0,0,0,,,,,0.888888889,0.175925926,0.101851852,0.194444444,0.875,0.1875,0.104166667,0.145833333,0.24137931,0.068965517,0,0.034482759,0.137931034,0,0,0,,,,,,,0,0,0,0.636363636,0.181818182,0,0.538461538,0.31372549,0.560344828,0.439655172,0.524038462,0.475961538,0.352348993,0.100671141,0.077181208,0.077181208,0.100671141,0.241610738,0.332214765,0.389261745,0.22147651,0,0.026845638,0.013422819,0.557692308,0.346153846,0.666666667,0.333333333,0.569444444,0.430555556,0.384259259,0.101851852,0.092592593,0.074074074,0.12037037,0.259259259,0.347222222,0.361111111,0.222222222,0,0.018518519,0.013888889,0.5,0.294117647,0.32,0.68,0.461538462,0.538461538,0.291666667,0.104166667,0.041666667,0.083333333,0.0625,0.104166667,0.3125,0.520833333,0.125,0,0.041666667,0.020833333,0.4,0.25,0.384615385,0.615384615,0.36,0.64,0.212121212,0.090909091,0.03030303,0.090909091,0.03030303,0.303030303,0.272727273,0.393939394,0.363636364,0,0.060606061,0,,,,,,,,,,,,,,,,,,,,,,,,,1,0,0,0,0,1,0,0,0,0,0,0,0.666666667,0,0.6,0.4,0.571428571,0.428571429,0.172413793,0,0.034482759,0.172413793,0,0.620689655,0.068965517,0,0,,1,0,0,1,0.166666667,0,0,0.166666667,0,0.666666667,0,0,,,,,,,,,,,,,,,,,,,,,,,,,,,,,,0,0,1,0,1,0.166666667,0,0,0.083333333,0,0.75,0,0,1,0,0.666666667,0.333333333,0.8,0.2,0.181818182,0,0.090909091,0.272727273,0,0.454545455,0.181818182,0,0.88,0.188571429,0.587248322,1.026315789,0.157894737,0.127516779,0.729411765,0.141176471,0.285234899,0.304347826,0.086956522,0.793103448,0,0,0.103448276,0,0,0.103448276,1.042701092,0.8,Dario Brizuela,BC Barcelona,1340,35,FALSE
SPAIN,2024-2025,59089,28,2,2,0,0,0,0,0,0,0,0,0,1,1,0,0,1,2,0,2,1,0,2,0,2,0,0,0,0,0,0,0,0,0,0,0,0,0,0,0,0,0,0,0,0,0,0,0,0,0,0,0,0,0,0,1,2,0,0,0,0,0,0,1,0,0,1,0,1,0,1,0,0,0,1,0,0,1,0,1,0,1,0,0,0,0,0,0,0,0,0,0,0,0,0,0,0,0,0,0,0,0,0,0,0,0,0,0,0,0,0,0,0,0,0,0,0,0,0,0,0,0,0,0,0,0,0,0,0,0,0,0,0,0,0,0,1,0,0,0,0,0,0,0,0,0,0,1,0,0,0,1,0,0,0,0,0,0,0,0,1,0,1,191,22,7,6,7,0,6,0,3,4,1,4,4,0,11,15,9,8,13,3,161,31,0,0,1,0,0,1,0,0,0,0,0,1,0,1,0,1,0,30,0,0,1,0,0,0,0,0,0,0,0,0,0,0,0,0,0,0,0,0,1,0,0,2,0,0,0,0,0,0,0,0,0,0,0,0,0,0,0,0,0,2,0,0,79,12,4,4,4,0,4,0,2,2,4,7,0,10,6,5,8,2,59,2,0,77,10,3,1,3,0,1,0,2,1,0,4,0,5,2,3,4,1,68,2,0,0,0,0,0,0,0,0,0,0,0,0,0,2,2,0,0,1,0,134,14,3,4,4,0,17,2,1,0,0,0,40,6,3,2,0,3,0,0,0,0,14,13,0,0,1,0,0,0.5,1,0.5,2,0,0,1,,,,,,,,,,,,,0,0,0,0,0.115183246,0.036649215,0.015706806,0.020942408,0.078534031,0,0,0,0,0,0,0,0,0,0.151898734,0.050632911,0.025316456,0.12987013,0.038961039,0.012987013,,,,,1,0,1,0.5,0,0,0.5,0,1,0,0,0,0,0,,,,,,,,,,,,,,,,,,,,,,,,,1,0,0,0,0,0,1,0,0,0,0,0,,,,,1,0,1,1,0,0,1,0,1,0,0,0,0,0,,,,,,,,,,,,,,,,,,,,,,,,,,,,,,,,,,,,,0.538461538,,1,0,0.625,0.375,0.041884817,0.020942408,0,0.068062827,0.015706806,0.842931937,0.020942408,0.005235602,0,,1,0,0,1,0,0,0,0.032258065,0,0.967741935,0,0.032258065,,,,,,,0,0,0,0,0,1,0,0,,,,,,,0,0,0,0,0,1,0,0,0.5,,1,0,0.625,0.375,0.063291139,0.025316456,0,0.101265823,0.025316456,0.746835443,0.050632911,0,0.75,,1,0,0.714285714,0.285714286,0.038961039,0.025974026,0,0.051948052,0.012987013,0.883116883,0,0,,,0,,,0,1,0,1,0.104477612,0.02238806,0.701570681,0.117647059,0.058823529,0.089005236,0.15,0.075,0.209424084,,1.076923077,Moussa Diagne,CB UCAM Murcia,1334,28,FALSE
SPAIN,2024-2025,59164,33,16,6,2,5,2,0,4,1,0,0,1,1,1,0,1,0,9,5,4,3,5,4,2,2,7,5,0,0,0,0,0,0,0,0,0,0,0,0,0,0,0,0,0,0,0,0,0,0,0,0,0,0,0,0,8,2,1,3,1,0,3,0,0,0,0,4,1,1,3,2,4,2,0,0,0,0,0,1,1,3,1,0,0,0,0,0,0,0,0,0,0,0,0,0,0,0,0,0,0,0,0,0,0,0,0,0,0,0,5,2,0,1,0,0,1,0,1,0,0,4,0,1,1,1,1,3,0,1,0,1,0,1,0,2,2,3,2,1,1,1,0,0,1,0,0,0,1,0,1,1,1,2,0,0,0,0,0,0,0,1,0,1,170,28,8,17,7,1,10,7,4,3,1,5,4,1,13,16,21,9,25,4,127,41,4,2,3,2,0,3,0,0,0,1,1,0,3,3,0,5,1,34,0,0,0,0,0,0,0,0,0,0,0,0,0,0,0,0,0,0,0,0,0,0,0,0,0,0,0,0,0,0,0,0,0,0,0,0,0,0,0,0,0,0,0,0,77,15,5,11,4,1,7,4,2,2,2,3,1,9,13,3,16,0,54,2,0,51,9,1,3,1,0,0,3,3,2,0,9,0,4,5,6,4,3,38,2,1,8,4,2,3,0,0,1,0,0,1,0,0,7,2,0,1,1,0,88,17,5,7,3,3,31,2,1,2,0,0,51,9,2,8,2,1,4,7,0,0,17,25,0,0,0.375,0.125,0,0.0625,0.25,0.1875,0.25,0.125,0,0,,,,,,,,,0.4,0,0,0.2,0.666666667,0.333333333,0,0,0.164705882,0.047058824,0.023529412,0.029411765,0.094117647,0.097560976,0.048780488,0,,,,,,,0.194805195,0.064935065,0.025974026,0.176470588,0.019607843,0.039215686,0.333333333,0,0.857142857,0.142857143,0.375,0.625,0.25,0.0625,0,0.0625,0,0.3125,0.25,0.4375,0.3125,0,0,0.0625,0,,1,0,0.5,0.5,0.2,0.2,0,0.2,0,0.4,0.4,0.2,0.6,0,0,0,1,0,0.5,0.5,0.5,0.5,0.333333333,0,0,0,0,0,0.333333333,0.666666667,0,0,0,0,0.25,,1,0,0.25,0.75,0.25,0,0,0,0,0.375,0.125,0.5,0.25,0,0,0.125,,,,,,,,,,,,,,,,,,,,,,,,,,,,,,,,,,,,,0.411764706,0.125,0.68,0.32,0.432432432,0.567567568,0.052941176,0.023529412,0.005882353,0.147058824,0.023529412,0.747058824,0.017647059,0.005882353,0.4,,1,0,0.5,0.5,0,0,0,0.12195122,0.024390244,0.829268293,0.024390244,0,,,,,,,,,,,,,,,,,,,,,,,,,,,,,0.363636364,0.2,0.6875,0.3125,0.409090909,0.590909091,0.038961039,0.025974026,0,0.207792208,0,0.701298701,0.025974026,0.012987013,1,0,0.25,0.75,0.444444444,0.555555556,0.117647059,0.039215686,0.019607843,0.078431373,0.058823529,0.745098039,0,0,0.5,0.25,0.5,0,0,0.0625,0.285714286,0,0.4375,0.193181818,0.056818182,0.517647059,0.064516129,0.032258065,0.182352941,0.176470588,0.039215686,0.3,0.571428571,0.68,Joel Parra Lopez,BC Barcelona,1340,33,FALSE
SPAIN,2024-2025,12353,7,2,2,0,0,0,0,0,0,0,0,0,1,1,0,0,1,2,1,1,1,0,1,0,1,0,1,0,0,0,0,0,0,0,0,0,0,0,0,0,0,0,0,0,0,0,0,0,0,0,0,0,0,0,0,1,0,0,0,0,0,0,0,0,0,0,1,0,0,0,0,0,1,0,0,0,0,0,0,0,1,0,0,0,0,0,0,0,0,0,0,0,0,0,0,0,0,0,0,0,0,0,0,0,0,0,0,0,0,1,2,0,0,0,0,0,0,1,0,0,1,0,1,0,1,0,0,0,1,0,0,1,0,1,0,1,0,0,0,0,0,0,0,0,0,0,0,0,0,0,0,0,0,0,0,0,0,0,0,0,0,0,0,1,0,0,0,0,0,0,0,0,0,0,0,0,0,0,0,0,0,0,0,1,1,0,0,0,0,0,0,0,0,0,0,0,0,0,0,0,0,0,1,0,0,0,0,0,0,0,0,0,0,0,0,0,0,0,0,0,0,0,0,0,0,0,0,0,0,0,0,0,0,0,0,0,0,0,0,0,0,0,0,0,0,0,0,0,0,0,0,0,0,0,0,0,0,0,0,0,0,0,0,0,0,0,0,0,0,0,0,0,0,0,0,0,0,0,0,0,0,0,0,0,0,0,0,0,0,1,0,0,0,0,0,0,0,0,0,0,0,1,2,0,0,1,0,1,0,0,0,0,0,0,0,0,0,0,0,0,0,0,0,0,0,0,0,0,0,0,0,0,0,1,0,0,0.5,0.5,0.5,0,0,0,0,,,,,,,,,2,0,0,1,,,,,0,0,0,0,0,0,0,0,,,,,,,,,,,,,,,,,1,0,0.5,0.5,0,0,0.5,0.5,0.5,0,0.5,0,0,0,,,,,1,0,1,1,0,0,1,0,1,0,0,0,0,0,,,,,,,,,,,,,,,,,,,,,,,,,0,0,0,0,0,1,0,0,1,0,0,0,,,,,,,,,,,,,,,,,,,,,,,,,,,,,,,,,,,,,,,,,,,0,0,0,0,0,1,0,0,,,,,,,0,0,0,0,0,1,0,0,,,,,,,,,,,,,,,,,,,,,,,,,,,,,,,,,,,,,,,,,,,,,,,,,,,,,,,,,0,0,0.5,,,0,2,0,0.5,0,0,1,,,0,,,0,,,Jarod Lucas,Basquet Girona,1315,7,FALSE
SPAIN,2024-2025,34910,2,6,2,0,1,0,0,1,0,1,0,0,1,1,0,1,0,4,2,2,1,2,2,1,1,1,2,0,0,0,0,0,0,0,0,0,0,0,0,0,0,0,0,0,0,0,0,0,0,0,0,0,0,0,0,1,0,0,1,0,0,1,0,0,0,0,0,0,0,1,0,1,0,0,0,0,0,0,0,0,0,0,0,0,0,0,0,0,0,0,0,0,0,0,0,0,0,0,0,0,0,0,0,0,0,0,0,0,0,3,2,0,0,0,0,0,0,1,0,0,3,0,1,0,2,0,1,0,1,0,1,0,1,1,2,1,2,0,0,0,0,0,0,0,0,1,0,1,0,0,1,0,0,1,0,0,0,0,0,0,0,0,1,0,0,0,0,0,0,0,0,0,0,0,0,0,0,0,0,0,0,0,0,0,0,0,0,0,0,0,0,0,0,0,0,0,0,0,0,0,0,0,0,0,0,0,0,0,0,0,0,0,0,0,0,0,0,0,0,0,0,0,0,0,0,0,0,0,0,0,0,0,0,0,0,0,0,0,0,0,0,0,0,0,0,0,0,0,0,0,0,0,0,0,0,0,0,0,0,0,0,0,0,0,0,0,0,0,0,0,0,0,0,0,0,0,0,0,0,0,0,0,0,0,0,0,0,0,0,5,2,0,0,1,1,1,0,0,1,0,0,0,0,0,0,0,0,0,0,0,0,0,0,0,0,0,0,0,0,0,0,0,0,0,0,0,1,0,0,0,0,0,0,0.333333333,0,0.166666667,0.166666667,0.333333333,0.166666667,0,0,0,0,,,,,,,,,0.666666667,0,0,0.333333333,0,0,0.5,0,,,,,,,,,,,,,,,,,,,,,0,,1,0,0.333333333,0.666666667,0.333333333,0.166666667,0,0.166666667,0,0.333333333,0.333333333,0.166666667,0.333333333,0,0,0,,,,,1,0,0.666666667,0.333333333,0,0.333333333,0,0.666666667,0.333333333,0,0.333333333,0,0,0,,,,,0,1,0,0,0,0,0,0,0.5,0,0.5,0,0,0,0,,1,0,0,1,0,0,0,0,0,0,0,1,0,0,0,0,,,,,,,,,,,,,,,,,,,,,,,,,,,,,,,,,,,,,,,,,,,,,,,,,,,,,,,,,,,,,,,,,,,,,,,,,,,,,,,,,,,,,,,,,,,,,,,,,,,,,,,,,,,,,,,,,,,,,,,,,0.4,0,0.833333333,0,0,0.166666667,,,0,,,,,,,,,,0,,Dennis Smith Jr.,Real Madrid,1338,2,FALSE
SPAIN,2024-2025,24504,34,253,162,25,63,19,6,41,22,19,11,8,37,21,16,17,20,145,81,64,73,82,86,34,52,88,59,0,2,0,0,0,0,0,0,0,0,0,0,2,0,0,0,0,0,2,0,0,0,0,0,0,0,2,0,46,20,4,14,3,1,6,8,3,2,2,26,2,9,16,12,18,14,0,2,1,1,2,7,5,19,7,1,0,0,0,0,0,0,0,0,0,0,1,0,0,0,0,0,1,0,0,0,0,0,0,0,1,0,172,122,18,38,14,4,27,11,30,17,8,99,4,56,55,63,56,36,0,18,12,14,16,23,40,49,50,32,20,3,11,2,1,8,3,4,0,1,17,2,8,11,11,14,6,0,1,3,2,2,4,7,10,7,38,8,2,7,1,1,3,4,2,2,1,1,0,1,6,5,9,4,9,2,21,15,5,2,2,1,1,2,0,0,1,1,2,1,3,3,1,4,1,8,0,0,0,0,0,0,0,0,0,0,0,0,0,0,0,0,0,0,0,0,0,0,0,0,0,0,0,0,0,0,0,0,0,0,0,0,0,0,0,0,0,0,0,0,11,0,0,3,0,0,0,3,0,0,0,0,0,0,3,0,3,0,8,0,0,12,3,0,2,0,0,1,1,1,1,1,4,0,2,3,3,2,1,5,0,1,176,126,16,49,31,10,24,7,1,3,2,4,53,29,8,11,4,5,28,5,1,5,1,2,2,0,0,1,0,0,8,3,1,1,0,0,56,88,23,16,5,9,0,0,0.640316206,0.098814229,0.075098814,0.146245059,0.339920949,0.288537549,0.434782609,0.086956522,0.043478261,0.065217391,0,0,0,0,0,0,0,0,0.709302326,0.104651163,0.098837209,0.174418605,0.625,0.09375,0,0.125,0.210526316,0.052631579,0.052631579,0.026315789,0.131578947,0.333333333,0.133333333,0.066666667,,,,,,,0,0,0,0.25,0,0.083333333,0.316666667,0.214285714,0.681818182,0.318181818,0.470967742,0.529032258,0.339920949,0.083003953,0.063241107,0.067193676,0.079051383,0.320158103,0.252964427,0.347826087,0.233201581,0,0.043478261,0.031620553,0.341463415,0.266666667,0.732142857,0.267857143,0.504504505,0.495495495,0.36627907,0.104651163,0.069767442,0.081395349,0.093023256,0.284883721,0.290697674,0.325581395,0.209302326,0,0.046511628,0.023255814,0.2,0.25,0.714285714,0.285714286,0.421052632,0.578947368,0.34375,0.03125,0.09375,0.0625,0.0625,0.3125,0.21875,0.4375,0.1875,0,0.03125,0.0625,0.333333333,0.111111111,0.5,0.5,0.36,0.64,0.260869565,0.043478261,0.02173913,0.02173913,0.043478261,0.413043478,0.152173913,0.391304348,0.304347826,0,0.043478261,0.043478261,,,,,,,0,0,0,0,0,1,0,0,1,0,0,0,,,,,,,0,0,0,0,0,1,0,0,1,0,0,0,0.25,0.2,0.444444444,0.555555556,0.357142857,0.642857143,0.105263158,0,0.026315789,0.236842105,0.052631579,0.552631579,0.052631579,0.026315789,0.333333333,1,0.75,0.25,0.5,0.5,0.066666667,0,0,0.266666667,0.066666667,0.533333333,0.066666667,0.066666667,,,,,,,,,,,,,,,,,,,,,,,,,,,,,,0,0,1,0,1,0,0,0,0.272727273,0,0.727272727,0,0,0,0,0.5,0.5,0.4,0.6,0.25,0,0.083333333,0.166666667,0.083333333,0.416666667,0.083333333,0,0.715909091,0.090909091,0.695652174,0.291666667,0.041666667,0.09486166,0.547169811,0.150943396,0.209486166,0.178571429,0.035714286,0.736842105,0,0,0.052631579,0.375,0.125,0.210526316,0.733795353,0.555555556,Jonah Radebaugh,CB UCAM Murcia,1334,34,FALSE
SPAIN,2024-2025,31299,17,2,2,0,1,0,0,1,0,0,1,0,0,0,0,0,0,0,0,0,1,1,0,0,0,1,0,0,0,0,0,0,0,0,0,0,0,0,0,0,0,0,0,0,0,0,0,0,0,0,0,0,0,0,0,1,2,0,0,0,0,0,0,0,0,1,0,0,1,0,0,0,0,0,0,0,0,0,0,0,0,0,0,0,0,0,0,0,0,0,0,0,0,0,0,0,0,0,0,0,0,0,0,0,0,0,0,0,0,0,0,0,0,0,0,0,0,0,0,0,0,0,0,0,0,0,0,0,0,0,0,0,0,0,0,0,1,0,0,1,0,0,1,0,0,0,0,0,0,0,1,0,1,0,0,0,0,0,0,0,0,0,0,76,24,5,9,1,4,4,5,2,5,0,4,2,2,11,14,11,11,14,0,45,14,5,0,1,0,0,1,0,2,1,2,3,0,4,2,3,1,0,8,1,1,1,3,0,0,0,0,0,0,1,0,0,1,0,1,0,1,0,0,0,0,1,0,0,0,0,0,0,0,0,0,0,0,0,0,0,0,0,0,0,0,0,0,36,13,4,4,1,3,2,2,1,1,2,3,0,7,5,3,8,0,22,1,0,24,3,1,4,0,1,1,3,0,0,1,4,0,2,4,4,5,0,14,0,0,0,0,0,0,0,0,0,0,0,0,0,0,2,2,0,1,0,0,45,15,3,6,2,2,12,5,2,2,0,0,19,4,0,1,2,0,0,1,2,2,14,14,0,0,1,0,0,0,0,0.5,2,0,0,0,,,,,,,,,,,,,0,0,0,0,0.315789474,0.065789474,0.026315789,0.052631579,0.184210526,0.357142857,0,0.071428571,3,0,0,,,,0.361111111,0.111111111,0.027777778,0.125,0.041666667,0,0,,1,0,0.5,0.5,0,0,0,0,0,0,0,0.5,0,0,0.5,0,,,,,,,,,,,,,,,,,,,0,,1,0,0,1,0,0,0,0,0,0,0,1,0,0,0,0,,,,,1,0,0,0,0,0,0,0,0,0,0,0,1,0,,,,,,,,,,,,,,,,,,,,,,,,,,,,,,,,,,,,,0.2,0.444444444,0.357142857,0.642857143,0.56,0.44,0.144736842,0.026315789,0.026315789,0.184210526,0,0.592105263,0.065789474,0,0,,1,0,0.666666667,0.333333333,0.214285714,0.071428571,0.071428571,0.071428571,0,0.571428571,0.142857143,0,,,,,1,0,1,0,1,0,0,0,0,0,,,,,,,,,,,,,,,0.333333333,0.6,0.375,0.625,0.583333333,0.416666667,0.083333333,0.027777778,0,0.222222222,0,0.611111111,0.055555556,0,0,0.25,0.2,0.8,0.333333333,0.666666667,0.166666667,0,0,0.208333333,0,0.583333333,0.041666667,0,,,0,,,0,1,0,1,0.333333333,0.066666667,0.592105263,0.416666667,0.166666667,0.157894737,0.210526316,0,0.25,1.063829787,1,Vladimir Brodziansky,CB UCAM Murcia,1334,17,FALSE
SPAIN,2024-2025,35643,10,0,0,0,0,0,0,0,0,0,0,0,0,0,0,0,0,0,0,0,0,0,0,0,0,0,0,0,0,0,0,0,0,0,0,0,0,0,0,0,0,0,0,0,0,0,0,0,0,0,0,0,0,0,0,0,0,0,0,0,0,0,0,0,0,0,0,0,0,0,0,0,0,0,0,0,0,0,0,0,0,0,0,0,0,0,0,0,0,0,0,0,0,0,0,0,0,0,0,0,0,0,0,0,0,0,0,0,0,0,0,0,0,0,0,0,0,0,0,0,0,0,0,0,0,0,0,0,0,0,0,0,0,0,0,0,0,0,0,0,0,0,0,0,0,0,0,0,0,0,0,0,0,0,0,0,0,0,0,0,0,0,0,76,26,12,3,12,0,3,0,1,0,0,1,1,0,2,13,4,2,15,0,58,4,0,0,0,0,0,0,0,0,0,0,0,0,0,0,0,0,0,4,0,0,0,0,0,0,0,0,0,0,0,0,0,0,0,0,0,0,0,0,0,0,0,1,0,0,0,0,0,0,0,0,0,0,0,0,0,0,0,0,0,1,0,0,24,12,6,1,6,0,1,0,0,0,0,1,0,6,1,1,7,0,16,0,0,47,14,6,2,6,0,2,0,1,1,0,1,0,7,3,1,8,0,37,1,0,0,0,0,0,0,0,0,0,0,0,0,0,0,0,0,0,0,0,56,20,9,3,1,0,7,4,2,0,0,1,13,2,1,0,0,0,0,0,0,0,24,15,0,0,,,,,,,,,,,,,,,,,,,,,,,,,,,0.342105263,0.157894737,0.013157895,0.013157895,0.171052632,0,0,0,,,,0,0,0,0.5,0.25,0,0.29787234,0.127659574,0.021276596,,,,,,,,,,,,,,,,,,,,,,,,,,,,,,,,,,,,,,,,,,,,,,,,,,,,,,,,,,,,,,,,,,,,,,,,,,,,,,,,,,,,,,,,,,,,,,,,,,,,,,,,,,,,,0.8,,1,0,0.764705882,0.235294118,0.026315789,0.013157895,0,0.197368421,0,0.763157895,0,0,,,,,,,0,0,0,0,0,1,0,0,,,,,,,,,,,,,,,,,,,,,0,0,0,0,0,1,0,0,0.857142857,,1,0,0.857142857,0.142857143,0.041666667,0,0,0.291666667,0,0.666666667,0,0,0.75,,1,0,0.7,0.3,0.021276596,0.021276596,0,0.170212766,0,0.787234043,0,0,,,,,,,,,,0.357142857,0.160714286,0.736842105,0.571428571,0.285714286,0.092105263,0.153846154,0.076923077,0.171052632,,1.6,Johnathan Hamilton,ICG Forca Lleida,1323,10,FALSE
SPAIN,2024-2025,59200,34,0,0,0,0,0,0,0,0,0,0,0,0,0,0,0,0,0,0,0,0,0,0,0,0,0,0,0,0,0,0,0,0,0,0,0,0,0,0,0,0,0,0,0,0,0,0,0,0,0,0,0,0,0,0,0,0,0,0,0,0,0,0,0,0,0,0,0,0,0,0,0,0,0,0,0,0,0,0,0,0,0,0,0,0,0,0,0,0,0,0,0,0,0,0,0,0,0,0,0,0,0,0,0,0,0,0,0,0,0,0,0,0,0,0,0,0,0,0,0,0,0,0,0,0,0,0,0,0,0,0,0,0,0,0,0,0,0,0,0,0,0,0,0,0,0,0,0,0,0,0,0,0,0,0,0,0,0,0,0,0,0,0,80,29,9,11,9,0,8,3,2,3,1,4,1,3,6,16,13,4,20,2,51,13,9,2,0,2,0,0,0,2,0,0,2,0,4,0,2,2,0,9,1,1,0,0,0,0,0,0,0,0,0,0,0,0,0,0,0,0,0,0,0,0,0,0,0,0,0,0,0,0,0,0,0,0,0,0,0,0,0,0,0,0,0,0,39,12,3,8,3,0,6,2,2,1,1,3,1,6,9,2,11,1,24,0,2,28,8,4,3,4,0,2,1,0,1,2,1,0,6,4,0,7,1,18,0,0,0,0,0,0,0,0,0,0,0,0,0,0,0,0,0,0,0,0,47,20,7,5,2,1,13,5,1,1,1,0,20,4,1,5,1,1,0,0,0,0,18,20,0,0,,,,,,,,,,,,,,,,,,,,,,,,,,,0.3625,0.1125,0.025,0.05,0.2,0.692307692,0.153846154,0,,,,,,,0.307692308,0.076923077,0.025641026,0.285714286,0.142857143,0.035714286,,,,,,,,,,,,,,,,,,,,,,,,,,,,,,,,,,,,,,,,,,,,,,,,,,,,,,,,,,,,,,,,,,,,,,,,,,,,,,,,,,,,,,,,,,,,,,,,,,,,,,,,,,,,,0.529411765,0,0.85,0.15,0.551724138,0.448275862,0.05,0.0125,0.0375,0.25,0.025,0.6375,0.0375,0.0125,1,,1,0,1,0,0.153846154,0.076923077,0.076923077,0.153846154,0,0.692307692,0,0,,,,,,,,,,,,,,,,,,,,,,,,,,,,,0.333333333,0,0.818181818,0.181818182,0.4,0.6,0.051282051,0,0.051282051,0.282051282,0.025641026,0.615384615,0.025641026,0.025641026,0.666666667,0,0.857142857,0.142857143,0.6,0.4,0,0,0,0.25,0.035714286,0.642857143,0.071428571,0,,,,,,,,,,0.425531915,0.14893617,0.5875,0.384615385,0.076923077,0.1625,0.2,0.05,0.25,,0.9,Tyson Perez,Malaga,1339,34,FALSE
SPAIN,2024-2025,59096,34,0,0,0,0,0,0,0,0,0,0,0,0,0,0,0,0,0,0,0,0,0,0,0,0,0,0,0,0,0,0,0,0,0,0,0,0,0,0,0,0,0,0,0,0,0,0,0,0,0,0,0,0,0,0,0,0,0,0,0,0,0,0,0,0,0,0,0,0,0,0,0,0,0,0,0,0,0,0,0,0,0,0,0,0,0,0,0,0,0,0,0,0,0,0,0,0,0,0,0,0,0,0,0,0,0,0,0,0,0,0,0,0,0,0,0,0,0,0,0,0,0,0,0,0,0,0,0,0,0,0,0,0,0,0,0,0,0,0,0,0,0,0,0,0,0,0,0,0,0,0,0,0,0,0,0,0,0,0,0,0,0,0,564,179,63,42,63,0,42,0,13,31,6,23,16,7,67,112,55,54,105,13,361,44,14,6,2,6,0,2,0,1,1,2,3,0,9,3,3,8,0,30,1,0,0,0,0,0,0,0,0,0,0,0,0,0,0,0,0,0,0,0,0,0,0,2,2,0,0,0,0,0,0,1,0,1,1,0,2,0,1,0,0,0,1,0,269,85,27,17,27,0,17,0,13,9,12,34,5,51,26,26,44,8,177,8,5,245,78,30,22,30,0,22,0,8,3,16,29,1,50,25,24,52,5,151,6,2,0,0,0,0,0,0,0,0,0,0,0,0,0,0,0,0,0,0,412,131,46,34,17,10,69,23,7,6,4,2,83,25,10,2,2,1,0,0,0,0,126,105,0,0,,,,,,,,,,,,,,,,,,,,,,,,,,,0.317375887,0.111702128,0.023049645,0.040780142,0.19858156,0.318181818,0.136363636,0.022727273,,,,1,0,0,0.31598513,0.100371747,0.033457249,0.318367347,0.12244898,0.012244898,,,,,,,,,,,,,,,,,,,,,,,,,,,,,,,,,,,,,,,,,,,,,,,,,,,,,,,,,,,,,,,,,,,,,,,,,,,,,,,,,,,,,,,,,,,,,,,,,,,,,,,,,,,,,0.6,,1,0,0.670658683,0.329341317,0.095744681,0.028368794,0.012411348,0.186170213,0.023049645,0.640070922,0.054964539,0.010638298,0.75,,1,0,0.75,0.25,0.068181818,0.022727273,0,0.181818182,0,0.681818182,0.045454545,0,,,,,,,,,,,,,,,,,,,1,0,0.5,0.5,0,0,0,0,0.5,0,0.613636364,,1,0,0.662337662,0.337662338,0.096654275,0.029739777,0.018587361,0.163568773,0.029739777,0.657992565,0.044609665,0.018587361,0.576923077,,1,0,0.666666667,0.333333333,0.097959184,0.024489796,0.008163265,0.212244898,0.020408163,0.616326531,0.065306122,0.004081633,,,,,,,,,,0.317961165,0.111650485,0.730496454,0.333333333,0.101449275,0.122340426,0.301204819,0.120481928,0.147163121,,1.2,Ante Tomic,Club Joventut Badalona,1336,34,FALSE
SPAIN,2024-2025,28179,10,6,8,0,1,0,0,1,0,0,0,1,3,1,2,1,2,5,1,4,3,1,4,1,3,1,1,0,0,0,0,0,0,0,0,0,0,0,0,0,0,0,0,0,0,0,0,0,0,0,0,0,0,0,0,0,0,0,0,0,0,0,0,0,0,0,0,0,0,0,0,0,0,0,0,0,0,0,0,0,0,0,0,0,0,0,0,0,0,0,0,0,0,0,0,0,0,0,0,0,0,0,0,0,0,0,0,0,0,6,8,0,1,0,0,1,0,3,0,0,5,1,3,1,4,1,1,0,1,2,1,2,1,3,1,4,0,0,0,0,0,0,0,0,0,0,0,0,0,0,0,0,0,0,0,0,0,0,0,0,0,0,0,1,0,0,0,0,0,0,0,0,0,0,0,0,0,0,0,0,0,0,0,1,0,0,0,0,0,0,0,0,0,0,0,0,0,0,0,0,0,0,0,0,0,0,0,0,0,0,0,0,0,0,0,0,0,0,0,0,0,0,0,0,0,0,0,0,0,0,0,0,0,0,0,0,0,0,0,0,0,0,0,0,0,0,0,0,0,0,0,0,0,0,0,0,0,0,0,0,0,0,0,0,0,0,0,0,1,0,0,0,0,0,0,0,0,0,0,0,0,0,0,0,0,0,1,0,0,3,5,0,0,2,0,3,3,0,1,1,0,0,0,0,0,0,0,1,0,0,0,0,0,0,0,0,0,0,0,0,0,0,0,0,0,0,1,0,0,0,0,0,0,1.333333333,0,0,0.5,0.666666667,0.5,,,,,,,,,,,,,1.333333333,0,0,0.5,,,,,0,0,0,0,0,,,,,,,,,,,,,0,0,0,0,,1,0,0.75,0.25,0.666666667,0.166666667,0.333333333,0.166666667,0.333333333,0.166666667,0.666666667,0.166666667,0.166666667,0,0,0.166666667,0,,1,0,0.75,0.25,0.666666667,0.166666667,0.333333333,0.166666667,0.333333333,0.166666667,0.666666667,0.166666667,0.166666667,0,0,0.166666667,,,,,,,,,,,,,,,,,,,,,,,,,,,,,,,,,,,,,,,,,,,,,,,,,,,,,,,,,,,,,,,,,,,,,,,,,,,,,,,0,0,0,0,0,1,0,0,,,,,,,,,,,,,,,,,,,,,,,,,,,,,,,,,,,,,,,,,,,,,,,,,,,,,,,,,,,,,,,0,0,0,0,0,1,0,0,1.666666667,0,0.5,1,0,0.5,,,0,0,0,1,,,0,,,0,0,,Miye Oni,Club Joventut Badalona,1336,10,FALSE
SPAIN,2024-2025,59237,26,51,37,8,16,6,2,9,7,6,4,0,6,4,2,5,1,22,10,12,17,22,13,7,6,24,9,0,0,0,0,0,0,0,0,0,0,0,0,0,0,0,0,0,0,0,0,0,0,0,0,0,0,0,0,9,14,3,2,1,2,1,1,2,0,1,3,0,6,2,3,5,0,0,2,0,1,1,1,2,1,2,0,0,0,0,0,0,0,0,0,0,0,0,0,0,0,0,0,0,0,0,0,0,0,0,0,0,0,38,21,4,12,4,0,7,5,4,6,3,18,0,10,18,10,16,8,0,2,2,4,0,6,4,8,10,4,2,1,2,1,0,1,1,0,0,0,1,0,1,2,0,3,1,0,0,0,0,0,0,0,1,0,6,2,0,0,0,0,0,0,0,0,0,1,1,0,1,1,0,1,0,0,5,3,0,0,0,0,0,0,0,0,0,0,0,0,0,0,0,0,0,3,0,0,0,0,0,0,0,0,0,0,0,0,0,0,0,0,0,0,0,0,0,0,0,0,0,0,0,0,0,0,0,0,0,0,0,0,0,0,0,0,0,0,0,0,2,2,0,0,0,0,0,0,1,0,0,1,0,1,0,1,0,0,1,1,0,1,0,0,0,0,0,0,0,0,0,0,0,0,0,0,0,0,0,1,0,0,38,32,7,14,5,4,5,2,1,1,0,0,8,3,0,1,1,2,4,0,0,0,0,0,0,0,0,0,0,0,2,2,0,0,1,0,18,24,7,5,0,0,0,0,0.725490196,0.156862745,0.117647059,0.117647059,0.254901961,0.333333333,1.555555556,0.333333333,0,0.222222222,,,,,,,,,0.552631579,0.105263158,0.157894737,0.105263158,0.5,0.25,0,0,0.333333333,0,0,0.166666667,0.166666667,0,0,0,,,,,,,1,0,0,0,0,0,0.4,0.222222222,0.625,0.375,0.435897436,0.564102564,0.254901961,0.078431373,0.039215686,0.098039216,0.019607843,0.196078431,0.235294118,0.470588235,0.176470588,0,0.078431373,0,0.363636364,0,0.6875,0.3125,0.357142857,0.642857143,0.263157895,0.052631579,0.052631579,0.105263158,0,0.210526316,0.263157895,0.421052632,0.210526316,0,0.078947368,0,0.5,0,0.666666667,0.333333333,0.333333333,0.666666667,0,0,0,0,0,0.25,0,0.75,0.25,0,0,0,0.5,0.666666667,0.4,0.6,0.75,0.25,0.333333333,0.222222222,0,0.111111111,0.111111111,0.111111111,0.222222222,0.555555556,0,0,0.111111111,0,,,,,,,,,,,,,,,,,,,,,,,,,,,,,,,,,,,,,,,,,1,0,0.166666667,0.166666667,0,0,0,0.833333333,0,0,,,,,,,0,0,0,0,0,1,0,0,,,,,,,,,,,,,,,,,,,,,,,,,,,,,,,,,1,0,0.5,0.5,0,0,0,0.5,0,0,,,,,,,0,0,0,0,0,1,0,0,0.842105263,0.184210526,0.745098039,0.4,0.2,0.098039216,0.375,0,0.156862745,0,0,0.666666667,,,0,1,0,0.333333333,0.849335303,,Nihad Dedovic,Malaga,1339,26,FALSE
SPAIN,2024-2025,59290,20,224,214,21,38,16,5,21,17,21,5,0,65,33,32,23,42,155,67,88,90,59,107,39,68,59,48,0,0,0,0,0,0,0,0,0,0,0,0,0,0,0,0,0,0,0,0,0,0,0,0,0,0,0,0,25,28,2,3,1,1,1,2,8,0,2,19,0,11,3,15,5,4,0,3,5,2,6,4,11,8,11,1,0,0,0,0,0,0,0,0,0,0,1,0,0,0,0,0,1,0,0,0,0,0,0,0,1,0,125,123,10,20,10,0,15,5,40,14,3,88,0,53,34,66,30,22,0,20,20,14,26,26,40,36,52,73,63,9,15,5,4,5,10,17,7,0,47,0,26,22,26,24,21,0,10,7,7,10,9,17,22,25,1,0,0,0,0,0,0,0,0,0,0,0,0,0,0,0,0,0,0,0,1,0,0,0,0,0,0,0,0,0,0,0,0,0,0,0,0,0,0,0,0,0,0,0,0,0,0,0,0,0,0,0,0,0,0,0,0,0,0,0,0,0,0,0,0,0,0,0,0,0,0,0,0,0,0,0,0,0,0,0,0,0,0,0,0,0,0,0,0,0,0,0,0,0,0,0,0,0,0,0,0,0,0,0,0,1,0,0,0,0,0,0,0,0,0,0,0,0,0,0,0,0,0,1,0,0,144,139,16,26,41,11,34,30,1,5,10,5,46,45,4,7,14,5,1,0,0,0,0,0,0,0,0,0,0,0,0,0,0,0,0,0,47,59,7,5,0,0,0,0,0.955357143,0.09375,0.09375,0.290178571,0.477678571,0.401785714,1.12,0.08,0,0.32,,,,,0,0,0,0,0.984,0.08,0.112,0.32,0.863013699,0.123287671,0.095890411,0.232876712,0,0,0,0,0,,,,,,,,,,,,,0,0,0,0.432432432,0.227272727,0.627118644,0.372881356,0.604026846,0.395973154,0.477678571,0.147321429,0.142857143,0.102678571,0.1875,0.299107143,0.392857143,0.263392857,0.214285714,0,0.022321429,0,0.4,0,0.833333333,0.166666667,0.609195402,0.390804598,0.528,0.16,0.16,0.112,0.208,0.288,0.416,0.24,0.176,0,0.024,0,0.5,0.285714286,0.416666667,0.583333333,0.541666667,0.458333333,0.356164384,0.136986301,0.095890411,0.095890411,0.136986301,0.301369863,0.342465753,0.328767123,0.287671233,0,0,0,0.5,0.333333333,0.4,0.6,0.785714286,0.214285714,0.6,0.12,0.2,0.08,0.24,0.32,0.44,0.2,0.16,0,0.08,0,,,,,,,0,0,0,0,0,1,0,0,1,0,0,0,,,,,,,,,,,,,,,,,,,,,,,,,0,0,0,0,0,1,0,0,,,,,,,,,,,,,,,,,,,,,,,,,,,,,,,,,,,,,,,,,,,,,,,,,,,,,,,,,,,,,,,0,0,0,0,0,1,0,0,0.965277778,0.111111111,0.642857143,0.882352941,0.029411765,0.151785714,0.97826087,0.086956522,0.205357143,0,0,1,,,0,,,0,0.837628866,,Juan Nunez Garcia,BC Barcelona,1340,20,FALSE
SPAIN,2024-2025,59105,26,41,35,5,8,1,4,5,3,1,0,1,9,6,3,4,5,28,15,13,14,9,19,7,12,13,9,0,0,0,0,0,0,0,0,0,0,0,0,0,0,0,0,0,0,0,0,0,0,0,0,0,0,0,0,7,10,2,2,0,2,2,0,2,0,0,3,0,4,2,3,4,0,0,2,0,1,1,2,1,2,1,0,0,0,0,0,0,0,0,0,0,0,0,0,0,0,0,0,0,0,0,0,0,0,0,0,0,0,25,14,2,4,1,1,2,2,4,0,0,19,1,6,4,11,6,8,0,3,1,1,3,3,8,11,8,9,11,1,2,0,1,1,1,3,1,0,6,0,4,3,5,3,1,0,1,2,2,1,2,3,2,4,10,0,0,1,0,0,0,1,0,0,0,0,0,0,1,0,1,1,1,0,8,2,0,0,0,0,0,0,0,0,0,0,0,0,0,0,0,0,0,2,0,0,0,0,0,0,0,0,0,0,0,0,0,0,0,0,0,0,0,0,0,0,0,0,0,0,0,0,0,0,0,0,0,0,0,0,0,0,0,0,0,0,0,0,5,0,0,0,0,0,0,0,0,0,0,1,0,0,0,1,0,0,4,0,0,3,0,0,1,0,0,0,1,0,0,0,0,0,0,1,0,1,0,2,0,0,23,19,2,4,6,1,8,7,1,2,2,0,10,9,2,2,1,0,8,0,0,0,0,0,1,0,0,1,0,0,1,0,0,0,0,0,14,13,0,0,0,1,0,0,0.853658537,0.12195122,0.024390244,0.219512195,0.463414634,0.341463415,1.428571429,0.285714286,0,0.285714286,,,,,,,,,0.56,0.08,0,0.16,1.222222222,0.111111111,0.111111111,0.333333333,0,0,0,0,0,0,0,0,,,,,,,0,0,0,0,0,0,0.166666667,0.571428571,0.461538462,0.538461538,0.608695652,0.391304348,0.463414634,0.146341463,0.073170732,0.097560976,0.12195122,0.365853659,0.317073171,0.317073171,0.219512195,0,0,0.024390244,0.333333333,0.333333333,0.5,0.5,0.6,0.4,0.44,0.12,0.04,0.04,0.12,0.44,0.32,0.24,0.32,0,0,0.04,0,0.5,0.333333333,0.666666667,0.571428571,0.428571429,0.555555556,0.111111111,0.222222222,0.222222222,0.111111111,0.222222222,0.444444444,0.333333333,0.111111111,0,0,0,0,1,0.5,0.5,0.666666667,0.333333333,0.428571429,0.285714286,0,0.142857143,0.142857143,0.285714286,0.142857143,0.571428571,0,0,0,0,,,,,,,,,,,,,,,,,,,,,,,,,,,,,,,,,,,,,,0,0,1,0,1,0.1,0,0,0.1,0,0.8,0,0,,,,,,,0,0,0,0,0,1,0,0,,,,,,,,,,,,,,,,,,,,,,,,,,,,,,,,,,,0.2,0,0,0,0,0.8,0,0,,0,0,1,0,1,0,0,0,0.333333333,0,0.666666667,0,0,0.826086957,0.086956522,0.56097561,0.875,0.125,0.195121951,0.9,0.2,0.243902439,0,0,0.8,0,0,0.1,0,0,0.1,1.076923077,0,Arturs Kurucs,Leche Rio Breogan,1322,26,TRUE
SPAIN,2024-2025,58528,33,198,126,20,31,14,6,12,19,27,12,4,25,10,15,7,18,128,54,74,52,58,82,27,55,51,46,0,1,0,0,0,0,0,0,0,0,0,0,1,0,0,0,0,0,1,0,0,0,0,0,0,0,1,0,22,13,2,3,1,1,2,1,2,6,1,13,0,5,9,10,5,3,0,0,2,0,2,1,9,1,12,4,0,0,0,0,0,0,0,0,0,0,4,0,0,0,3,0,1,0,0,0,0,0,2,1,3,1,124,74,10,19,9,1,10,9,16,19,7,82,4,30,38,48,29,34,0,5,11,4,12,18,30,37,45,47,39,8,9,4,4,0,9,7,2,4,28,0,17,11,21,17,7,0,5,2,3,4,6,15,12,16,3,0,0,1,0,0,0,1,0,0,0,0,0,0,0,0,1,0,1,0,2,1,0,0,1,0,0,0,1,0,0,0,0,0,0,1,0,1,0,0,0,0,0,0,0,0,0,0,0,0,0,0,0,0,0,0,0,0,0,0,0,0,0,0,0,0,0,0,0,0,0,0,0,0,0,0,0,0,0,0,0,0,0,0,1,0,0,0,0,0,0,0,0,0,0,0,0,0,0,0,0,0,1,0,0,1,0,0,0,0,0,0,0,0,0,0,0,0,0,0,0,0,0,1,0,0,123,91,15,21,18,16,38,13,1,6,3,5,37,22,4,4,4,6,1,0,0,0,0,0,2,0,0,1,0,0,0,0,0,0,0,0,46,51,16,15,0,1,0,0,0.636363636,0.101010101,0.136363636,0.126262626,0.414141414,0.262626263,0.590909091,0.090909091,0.272727273,0.090909091,0,0,0,0,0,0,0,0,0.596774194,0.080645161,0.153225806,0.129032258,0.829787234,0.170212766,0.042553191,0.14893617,0,0,0,0,0,0,0,0,,,,,,,0,0,0,0,0,0,0.538461538,0.24,0.509803922,0.490196078,0.472727273,0.527272727,0.414141414,0.050505051,0.075757576,0.035353535,0.090909091,0.272727273,0.373737374,0.257575758,0.232323232,0,0.060606061,0.02020202,0.473684211,0.1,0.655172414,0.344827586,0.441176471,0.558823529,0.387096774,0.040322581,0.088709677,0.032258065,0.096774194,0.298387097,0.362903226,0.233870968,0.274193548,0,0.056451613,0.032258065,1,0.307692308,0.235294118,0.764705882,0.607142857,0.392857143,0.446808511,0.106382979,0.042553191,0.063829787,0.085106383,0.255319149,0.340425532,0.361702128,0.14893617,0,0.085106383,0,0.333333333,0.5,0.6,0.4,0.357142857,0.642857143,0.454545455,0,0.090909091,0,0.090909091,0.045454545,0.545454545,0.227272727,0.136363636,0,0.045454545,0,,,,,,,0.75,0,0,0,0,0.75,0.25,0,0.25,0,0,0,,,,,,,0,0,0,0,0,1,0,0,1,0,0,0,,0,0,1,0,1,0,0,0,0.333333333,0,0.666666667,0,0,,0,0,1,0,1,0,0,0,1,0,0,0,0,,,,,,,,,,,,,,,,,,,,,,,,,,,,,,,,,,,0,0,0,0,0,1,0,0,,,,,,,0,0,0,0,0,1,0,0,0.739837398,0.12195122,0.621212121,0.342105263,0.026315789,0.191919192,0.594594595,0.108108108,0.186868687,0,0,0.333333333,0,0,0.666666667,,,0,1.050999311,0,Torrian Corey Walden,ICG Forca Lleida,1323,33,FALSE
SPAIN,2024-2025,35126,37,213,158,28,29,23,5,22,7,14,25,3,26,16,10,16,10,131,96,35,76,43,55,31,24,57,76,0,1,0,0,0,0,0,0,0,0,0,0,1,0,0,0,0,0,1,0,0,0,0,0,0,0,1,0,14,22,2,1,1,1,0,1,5,0,2,9,0,9,1,6,3,3,0,1,4,2,3,2,4,4,5,6,2,0,1,0,0,1,0,0,0,1,4,0,1,1,2,1,2,0,0,0,0,0,2,0,4,0,171,125,24,25,20,4,21,4,21,9,19,105,3,61,34,43,49,62,0,15,6,14,7,26,17,82,23,21,9,2,2,2,0,0,2,0,5,3,12,0,5,7,4,4,8,0,0,0,0,0,1,3,5,7,16,2,0,2,0,0,1,1,0,0,0,1,1,0,2,1,2,2,2,0,12,8,2,0,0,0,0,0,0,1,0,0,2,0,1,0,2,0,0,6,1,0,0,0,0,0,0,0,0,0,0,0,0,0,0,0,0,0,0,0,0,0,0,0,0,0,0,0,0,0,0,0,0,0,0,0,0,0,0,0,0,0,0,0,4,0,0,0,0,0,0,0,0,0,0,0,0,0,0,0,0,0,4,0,0,4,0,0,2,0,0,1,1,0,0,0,0,0,0,2,0,2,0,2,0,0,118,90,14,19,15,8,36,26,7,4,3,4,59,42,7,6,8,2,5,0,0,1,0,0,9,2,0,1,1,0,2,0,0,0,0,0,61,57,42,35,0,2,0,0,0.741784038,0.131455399,0.0657277,0.122065728,0.258215962,0.356807512,1.571428571,0.142857143,0,0.357142857,0,0,0,0,0.333333333,0,0,0,0.730994152,0.140350877,0.052631579,0.122807018,0.428571429,0.095238095,0.238095238,0,0.125,0,0,0.0625,0.0625,0.25,0,0,,,,,,,0,0,0,0,0,0,0.511111111,0.416666667,0.789473684,0.210526316,0.638655462,0.361344538,0.258215962,0.075117371,0.046948357,0.075117371,0.046948357,0.450704225,0.164319249,0.267605634,0.356807512,0,0.117370892,0.014084507,0.487804878,0.5,0.836734694,0.163265306,0.642105263,0.357894737,0.251461988,0.087719298,0.035087719,0.081871345,0.040935673,0.479532164,0.134502924,0.286549708,0.362573099,0,0.111111111,0.01754386,1,0,0.5,0.5,0.416666667,0.583333333,0.19047619,0,0,0,0,0.238095238,0.333333333,0.19047619,0.380952381,0,0.142857143,0,1,0.5,0.333333333,0.666666667,0.9,0.1,0.428571429,0.071428571,0.285714286,0.142857143,0.214285714,0.285714286,0.357142857,0.214285714,0.214285714,0,0.142857143,0,0,,1,0,0.5,0.5,0.333333333,0,0,0,0,0.666666667,0,0.166666667,0.333333333,0,0.166666667,0,,,,,,,0,0,0,0,0,1,0,0,1,0,0,0,0,0,0.5,0.5,0.333333333,0.666666667,0.125,0.0625,0,0.125,0,0.75,0,0,,,,,1,0,0.25,0.125,0,0,0,0.75,0,0,,,,,,,,,,,,,,,,,,,,,,,,,,,,,,,,,,,0,0,0,0,0,1,0,0,0,0,0.5,0.5,0,1,0,0,0,0.5,0,0.5,0,0,0.762711864,0.118644068,0.55399061,0.722222222,0.194444444,0.169014085,0.711864407,0.118644068,0.276995305,0,0,0.3125,0.222222222,0,0.5625,0,0,0.125,1.271860095,0,Dzanan Musa,Real Madrid,1338,37,FALSE
SPAIN,2024-2025,31700,21,2,0,0,0,0,0,0,0,1,0,0,0,0,0,0,0,1,0,1,0,1,1,0,1,0,0,0,0,0,0,0,0,0,0,0,0,0,0,0,0,0,0,0,0,0,0,0,0,0,0,0,0,0,0,0,0,0,0,0,0,0,0,0,0,0,0,0,0,0,0,0,0,0,0,0,0,0,0,0,0,0,0,0,0,0,0,0,0,0,0,0,0,0,0,0,0,0,0,0,0,0,0,0,0,0,0,0,0,2,0,0,0,0,0,0,0,0,1,0,1,0,0,1,1,0,0,0,0,0,0,0,0,1,0,1,0,0,0,0,0,0,0,0,0,0,0,0,0,0,0,0,0,0,0,0,0,0,0,0,0,0,0,261,77,26,28,19,7,13,15,4,9,2,7,3,4,21,40,32,18,54,3,176,33,5,1,0,0,1,0,0,1,0,4,2,0,6,0,1,1,1,26,1,0,0,0,0,0,0,0,0,0,0,0,0,0,0,0,0,0,0,0,0,0,0,2,0,0,1,0,0,0,1,0,0,0,0,0,0,1,0,1,0,1,0,0,126,43,16,14,13,3,7,7,3,2,4,12,1,22,16,11,30,1,79,1,2,99,29,9,13,6,3,6,7,3,2,1,7,1,12,15,6,22,1,69,1,2,1,0,0,0,0,1,0,0,0,0,0,0,1,0,0,0,0,0,165,53,18,23,4,3,27,9,3,1,1,0,69,15,5,4,2,1,0,0,0,0,59,54,0,0,0,0,0.5,0,0.5,0,,,,,,,,,,,,,0,0,0.5,0,,,,,0.295019157,0.099616858,0.01532567,0.026819923,0.153256705,0.151515152,0.03030303,0,,,,0,0,0,0.341269841,0.126984127,0.015873016,0.292929293,0.090909091,0.02020202,,,,,0,1,0.5,0,0,0,0,0,0.5,0,0,0,0,0,,,,,0,1,0.5,0,0,0,0,0,0.5,0,0,0,0,0,,,,,,,,,,,,,,,,,,,,,,,,,,,,,,,,,,,,,,,,,,,,,,,,,,,,,,,,,,,,,,,,,,,,,,,,,0.59375,0.318181818,0.592592593,0.407407407,0.555555556,0.444444444,0.068965517,0.011494253,0.01532567,0.206896552,0.011494253,0.674329502,0.034482759,0.007662835,,1,0,1,1,0,0.03030303,0.03030303,0,0.03030303,0.03030303,0.787878788,0.121212121,0,,,,,,,,,,,,,,,,0,0,1,0,1,0,0,0,0.5,0,0.5,0,0,0.65,0.3,0.666666667,0.333333333,0.578947368,0.421052632,0.087301587,0.007936508,0.015873016,0.238095238,0.007936508,0.626984127,0.031746032,0.007936508,0.5,0.3,0.545454545,0.454545455,0.444444444,0.555555556,0.060606061,0.01010101,0.02020202,0.222222222,0.01010101,0.696969697,0.01010101,0.01010101,0,0,0.5,,,0,0,0,0.5,0.321212121,0.109090909,0.632183908,0.333333333,0.111111111,0.103448276,0.217391304,0.072463768,0.264367816,,1.092592593,Martinas Geben,Basquet Girona,1315,21,FALSE
SPAIN,2024-2025,59298,3,0,0,0,0,0,0,0,0,0,0,0,0,0,0,0,0,0,0,0,0,0,0,0,0,0,0,0,0,0,0,0,0,0,0,0,0,0,0,0,0,0,0,0,0,0,0,0,0,0,0,0,0,0,0,0,0,0,0,0,0,0,0,0,0,0,0,0,0,0,0,0,0,0,0,0,0,0,0,0,0,0,0,0,0,0,0,0,0,0,0,0,0,0,0,0,0,0,0,0,0,0,0,0,0,0,0,0,0,0,0,0,0,0,0,0,0,0,0,0,0,0,0,0,0,0,0,0,0,0,0,0,0,0,0,0,0,0,0,0,0,0,0,0,0,0,0,0,0,0,0,0,0,0,0,0,0,0,0,0,0,0,0,1,0,0,0,0,0,0,0,0,0,0,0,0,0,0,0,0,0,0,0,1,0,0,0,0,0,0,0,0,0,0,0,0,0,0,0,0,0,0,0,0,0,0,0,0,0,0,0,0,0,0,0,0,0,0,0,0,0,0,0,0,0,0,0,0,0,0,0,0,0,0,0,0,0,0,0,0,0,0,0,0,0,0,0,1,0,0,0,0,0,0,0,0,0,0,0,0,0,0,0,0,0,1,0,0,0,0,0,0,0,0,0,0,0,0,0,0,0,0,0,0,0,0,0,0,0,0,0,0,0,0,0,0,0,0,0,0,0,0,0,0,0,0,0,1,0,0,0,0,0,0,0,0,0,0,0,0,0,0,0,0,0,0,0,0,0,0,0,0,0,,,,,,,,,,,,,,,,,,,,,,,,,,,0,0,0,0,0,,,,,,,,,,0,0,0,,,,,,,,,,,,,,,,,,,,,,,,,,,,,,,,,,,,,,,,,,,,,,,,,,,,,,,,,,,,,,,,,,,,,,,,,,,,,,,,,,,,,,,,,,,,,,,,,,,,,,,,,,,,,,,,,,,,,,0,0,0,0,0,1,0,0,,,,,,,,,,,,,,,,,,,,,,,,,,,,,,,,,,,,,,,,,,,,,,,,,0,0,0,0,0,1,0,0,,,,,,,,,,,,,,,,,,,,,,,,0,0,1,,,0,,,0,,,Joao Neves,CB UCAM Murcia,1334,3,FALSE
SPAIN,2024-2025,59252,27,120,77,15,25,13,2,22,3,24,6,2,16,7,9,4,12,64,24,40,37,49,29,7,22,40,35,0,0,0,0,0,0,0,0,0,0,0,0,0,0,0,0,0,0,0,0,0,0,0,0,0,0,0,0,17,11,2,5,2,0,4,1,3,2,0,9,0,5,7,5,7,4,0,2,1,1,2,2,3,5,4,2,0,0,1,0,0,1,0,0,0,0,1,0,0,1,1,1,0,0,0,0,0,0,1,0,1,0,77,47,9,16,9,0,16,0,9,15,5,42,1,23,31,16,25,26,0,2,7,2,7,2,14,13,29,24,19,4,3,2,2,1,2,4,7,1,12,1,9,10,7,7,5,0,3,1,1,3,2,5,5,7,3,2,1,0,1,0,0,0,0,0,0,0,0,0,0,1,0,0,1,0,2,1,0,0,0,0,0,0,0,0,0,0,0,0,0,0,0,0,0,1,0,0,0,0,0,0,0,0,0,0,0,0,0,0,0,0,0,0,0,0,0,0,0,0,0,0,0,0,0,0,0,0,0,0,0,0,0,0,0,0,0,0,0,0,1,0,0,0,0,0,0,0,0,0,0,0,0,0,0,0,0,0,1,0,0,1,2,1,0,1,0,0,0,0,0,0,0,0,1,0,0,1,0,0,0,0,81,53,10,21,10,14,22,14,2,1,4,8,17,10,3,3,2,2,3,2,1,0,0,0,0,0,0,0,0,0,0,0,0,0,0,0,32,40,8,4,2,1,0,0,0.641666667,0.125,0.2,0.133333333,0.241666667,0.308333333,0.647058824,0.117647059,0.117647059,0.176470588,,,,,0,0,0,0,0.61038961,0.116883117,0.194805195,0.116883117,0.791666667,0.166666667,0.291666667,0.166666667,0.666666667,0.333333333,0,0,0.333333333,0,0,0,,,,,,,0,0,0,2,1,0,0.371428571,0.4,0.875,0.125,0.430232558,0.569767442,0.241666667,0.058333333,0.075,0.033333333,0.1,0.2,0.333333333,0.333333333,0.291666667,0,0.05,0.016666667,0.36,,1,0,0.425925926,0.574074074,0.207792208,0.025974026,0.090909091,0.025974026,0.090909091,0.168831169,0.376623377,0.324675325,0.337662338,0,0.064935065,0.012987013,0.666666667,0.5,0.428571429,0.571428571,0.473684211,0.526315789,0.291666667,0.125,0.041666667,0.041666667,0.125,0.208333333,0.291666667,0.291666667,0.208333333,0,0.041666667,0.041666667,0.333333333,0,0.857142857,0.142857143,0.416666667,0.583333333,0.294117647,0.117647059,0.058823529,0.058823529,0.117647059,0.294117647,0.235294118,0.411764706,0.235294118,0,0,0,0,,1,0,0,1,0.5,0,0,0,0,0.5,0,0.5,0,0,0,0,,,,,,,,,,,,,,,,,,,1,,1,0,1,0,0,0,0,0.333333333,0,0.666666667,0,0,,,,,,,0,0,0,0,0,1,0,0,,,,,,,,,,,,,,,,,,,,,,,,,,,,,,,,,,,0,0,0,0,0,1,0,0,1,,1,0,1,0,0,0,0,1,0,0,0,0,0.654320988,0.12345679,0.675,0.636363636,0.090909091,0.183333333,0.588235294,0.176470588,0.141666667,0.666666667,0.333333333,1,,,0,,,0,0.827205882,2,Ognjen Jaramaz,Bitci Baskonia,1326,27,FALSE
SPAIN,2024-2025,24111,34,328,270,58,85,33,25,43,42,30,21,2,45,30,15,25,20,156,87,69,121,115,90,39,51,143,66,0,2,0,0,0,0,0,0,0,0,1,0,2,0,0,1,0,0,2,0,0,0,0,0,0,0,2,0,60,52,16,17,9,7,5,12,3,4,7,20,1,25,21,7,33,13,0,3,0,3,0,4,3,14,6,7,6,1,1,1,0,1,0,1,1,1,4,0,3,2,2,2,2,0,0,1,0,1,0,2,0,4,234,184,35,59,20,15,32,27,37,22,10,122,1,81,81,74,94,48,0,24,13,21,16,34,40,70,52,25,28,6,8,3,3,5,3,4,2,3,8,0,12,10,7,14,1,0,3,1,1,3,1,6,1,7,14,2,0,5,0,0,1,4,0,0,0,1,1,0,3,1,5,3,5,0,6,1,0,0,0,0,0,0,0,0,0,0,1,0,0,0,1,0,0,0,0,0,0,0,0,0,0,0,0,0,0,0,0,0,0,0,0,0,0,0,0,0,0,0,0,0,0,0,0,0,0,0,0,0,0,0,0,0,0,0,0,0,0,0,8,2,0,4,0,0,1,3,1,0,0,1,0,1,4,1,4,0,3,1,0,5,0,0,1,0,0,0,1,0,0,0,1,0,0,1,1,1,0,3,0,0,194,161,34,53,32,18,40,30,8,11,4,1,94,79,16,21,9,11,12,2,0,5,1,0,2,0,0,0,0,0,0,0,0,0,0,0,141,143,30,24,0,5,0,0,0.823170732,0.176829268,0.091463415,0.137195122,0.274390244,0.368902439,0.866666667,0.266666667,0.066666667,0.05,0,0,0.5,0,0.857142857,0.142857143,0.142857143,0.142857143,0.786324786,0.14957265,0.094017094,0.158119658,1.12,0.24,0.08,0.16,0.142857143,0,0,0.071428571,0.071428571,0,0,0,,,,,,,0.25,0,0,0,0,0,0.434210526,0.373134328,0.531468531,0.468531469,0.512711864,0.487288136,0.274390244,0.091463415,0.045731707,0.076219512,0.06097561,0.265243902,0.210365854,0.43597561,0.201219512,0,0.06402439,0.006097561,0.384615385,0.357142857,0.553191489,0.446808511,0.5,0.5,0.316239316,0.102564103,0.055555556,0.08974359,0.068376068,0.299145299,0.222222222,0.401709402,0.205128205,0,0.042735043,0.004273504,0.375,0.5,0.571428571,0.428571429,0.545454545,0.454545455,0.28,0.12,0.04,0.04,0.12,0.04,0.28,0.56,0.04,0,0.12,0,0.642857143,0.368421053,0.424242424,0.575757576,0.543478261,0.456521739,0.116666667,0.05,0,0.05,0,0.233333333,0.1,0.55,0.216666667,0,0.116666667,0.016666667,0.5,,1,0,0.6,0.4,0.285714286,0,0.142857143,0,0.142857143,0,0.571428571,0.285714286,0.285714286,0,0.142857143,0,,,,,0,1,0,0,0,0,0,1,0,0,1,0,0,0,0,0,0.2,0.8,0.166666667,0.833333333,0.214285714,0.071428571,0,0.357142857,0,0.428571429,0,0,,,,,,,1,0,0,0,0,0,0,0,,,,,,,,,,,,,,,,,,,,,,,,,,,,,0,0,0.25,0.75,0.2,0.8,0.125,0.125,0,0.5,0,0.375,0,0,,0,0,1,0,1,0.2,0,0,0.2,0,0.6,0,0,0.829896907,0.175257732,0.591463415,0.75,0.2,0.12195122,0.840425532,0.170212766,0.286585366,0.166666667,0,0.857142857,0,0,0.142857143,,,0,1.056338028,0,Caleb Homesley,Dreamland Gran Canaria,1328,34,FALSE
SPAIN,2024-2025,59186,2,1,0,0,0,0,0,0,0,0,0,0,0,0,0,0,0,1,0,1,0,0,0,0,0,0,1,0,0,0,0,0,0,0,0,0,0,0,0,0,0,0,0,0,0,0,0,0,0,0,0,0,0,0,0,1,0,0,0,0,0,0,0,0,0,0,1,0,0,0,0,0,1,0,0,0,0,0,0,0,0,1,0,0,0,0,0,0,0,0,0,0,0,0,0,0,0,0,0,0,0,0,0,0,0,0,0,0,0,0,0,0,0,0,0,0,0,0,0,0,0,0,0,0,0,0,0,0,0,0,0,0,0,0,0,0,0,0,0,0,0,0,0,0,0,0,0,0,0,0,0,0,0,0,0,0,0,0,0,0,0,0,0,1,0,0,0,0,0,0,0,0,0,0,0,0,0,0,0,0,0,0,0,1,0,0,0,0,0,0,0,0,0,0,0,0,0,0,0,0,0,0,0,0,0,0,0,0,0,0,0,0,0,0,0,0,0,0,0,0,0,0,0,0,0,0,0,0,0,0,0,0,0,0,0,0,0,0,0,0,0,0,0,0,0,0,0,1,0,0,0,0,0,0,0,0,0,0,0,0,0,0,0,0,0,1,0,0,0,0,0,0,0,0,0,0,0,0,0,0,0,0,0,0,0,0,0,0,0,1,0,0,0,0,0,0,0,0,0,0,0,0,0,0,0,0,0,1,0,0,0,0,0,0,0,0,0,0,0,0,0,0,0,0,0,0,0,0,0,0,0,0,0,0,0,0,0,0,0,0,0,0,0,,,,,,,,,,,,,,,,,0,0,0,0,0,,,,,,,,,,0,0,0,,,,,,,,,,0,0,0,0,0,0,1,0,1,0,0,0,,,,,,,,,,,,,,,,,,,,,,,,,,,,,,,,,,,,,,,,,,,0,0,0,0,0,0,1,0,1,0,0,0,,,,,,,,,,,,,,,,,,,,,,,,,,,,,,,,,,,,,,,,,,,0,0,0,0,0,1,0,0,,,,,,,,,,,,,,,,,,,,,,,,,,,,,,,,,,,,,,,,,,,,,,,,,0,0,0,0,0,1,0,0,,,,,,,,,,,,,,,0,0,1,,,0,,,0,0,0,1,,,0,,,0,,,Max Gaspa,BAXI Manresa,1330,2,FALSE
SPAIN,2024-2025,59299,9,26,16,1,7,1,0,7,0,1,2,2,4,2,2,2,2,15,5,10,7,8,13,4,9,8,2,0,0,0,0,0,0,0,0,0,0,0,0,0,0,0,0,0,0,0,0,0,0,0,0,0,0,0,0,5,2,0,1,0,0,1,0,1,1,0,3,1,1,2,3,1,0,0,1,0,1,0,1,2,1,2,0,0,0,0,0,0,0,0,0,0,0,0,0,0,0,0,0,0,0,0,0,0,0,0,0,0,0,17,9,1,5,1,0,5,0,2,0,1,10,1,4,5,8,6,2,0,1,1,1,1,3,5,4,6,4,5,0,1,0,0,1,0,1,0,1,2,0,2,1,2,1,0,0,0,1,0,1,0,2,0,2,0,0,0,0,0,0,0,0,0,0,0,0,0,0,0,0,0,0,0,0,0,0,0,0,0,0,0,0,0,0,0,0,0,0,0,0,0,0,0,0,0,0,0,0,0,0,0,0,0,0,0,0,0,0,0,0,0,0,0,0,0,0,0,0,0,0,0,0,0,0,0,0,0,0,0,0,0,0,0,0,0,0,0,0,0,0,0,0,0,0,0,0,0,0,0,0,0,0,0,0,0,0,0,0,0,0,0,0,0,0,0,0,0,0,0,0,0,0,0,0,0,0,0,0,0,0,20,12,0,6,4,1,4,4,1,0,0,0,2,0,0,1,0,0,0,0,0,0,0,0,0,0,0,0,0,0,0,0,0,0,0,0,2,8,4,4,0,0,0,0,0.615384615,0.038461538,0.038461538,0.153846154,0.5,0.269230769,0.4,0,0.2,0.2,,,,,,,,,0.529411765,0.058823529,0,0.117647059,1.25,0,0,0.25,,,,,,,,,,,,,,,,,,,,,0.125,,1,0,0.466666667,0.533333333,0.5,0.076923077,0.076923077,0.076923077,0.076923077,0.192307692,0.384615385,0.307692308,0.076923077,0,0.076923077,0.076923077,0.166666667,,1,0,0.444444444,0.555555556,0.470588235,0.058823529,0.058823529,0.058823529,0.058823529,0.235294118,0.352941176,0.352941176,0.117647059,0,0.058823529,0.058823529,0,,1,0,0.666666667,0.333333333,0.5,0,0.25,0,0.25,0,0.5,0.25,0,0,0.25,0,0,,1,0,0.333333333,0.666666667,0.6,0.2,0,0.2,0,0.2,0.4,0.2,0,0,0,0.2,,,,,,,,,,,,,,,,,,,,,,,,,,,,,,,,,,,,,,,,,,,,,,,,,,,,,,,,,,,,,,,,,,,,,,,,,,,,,,,,,,,,,,,,,,,,,,,,,,,,,,,,,,,,,,,,,,,,,,,,,0.6,0,0.769230769,1,0.25,0.153846154,0,0,0.076923077,,,,,,,,,,0.614754098,,Adam Somogyi,Leche Rio Breogan,1322,9,FALSE
SPAIN,2024-2025,692,16,34,22,2,6,2,0,6,0,5,3,0,6,2,4,2,4,20,10,10,11,11,9,3,6,8,11,0,0,0,0,0,0,0,0,0,0,0,0,0,0,0,0,0,0,0,0,0,0,0,0,0,0,0,0,3,2,0,0,0,0,0,0,0,1,1,1,0,1,1,0,0,1,0,0,0,0,0,0,0,1,0,0,0,0,0,0,0,0,0,0,0,0,0,0,0,0,0,0,0,0,0,0,0,0,0,0,0,0,22,18,2,4,2,0,4,0,5,4,1,13,0,8,8,6,6,7,0,1,4,1,4,1,5,4,9,9,2,0,2,0,0,2,0,1,0,1,6,0,2,2,3,2,3,0,1,0,1,0,2,1,5,1,2,0,0,0,0,0,0,0,0,0,0,0,0,0,1,0,0,1,0,0,1,1,0,0,0,0,0,0,0,0,0,0,0,0,0,0,0,0,0,1,0,0,0,0,0,0,0,0,0,0,0,0,0,0,0,0,0,0,0,0,0,0,0,0,0,0,0,0,0,0,0,0,0,0,0,0,0,0,0,0,0,0,0,0,0,0,0,0,0,0,0,0,0,0,0,0,0,0,0,0,0,0,0,0,0,1,0,0,0,0,0,0,0,0,0,0,1,0,0,0,1,0,0,0,0,0,15,8,0,5,2,2,6,5,1,0,1,0,13,9,1,1,3,3,2,0,0,0,0,0,0,0,0,0,0,0,0,0,0,0,0,0,4,8,4,2,0,0,0,0,0.647058824,0.058823529,0.147058824,0.176470588,0.264705882,0.323529412,0.666666667,0,0.333333333,0,,,,,,,,,0.818181818,0.090909091,0.181818182,0.227272727,0.222222222,0,0,0.111111111,0,0,0,0,0,0,0,0,,,,,,,,,,0,0,0,0.25,,1,0,0.5,0.5,0.264705882,0.058823529,0.117647059,0.058823529,0.117647059,0.294117647,0.294117647,0.235294118,0.323529412,0,0.088235294,0,0.333333333,,1,0,0.5,0.5,0.272727273,0.045454545,0.181818182,0.045454545,0.181818182,0.181818182,0.409090909,0.272727273,0.318181818,0,0.045454545,0,0,,1,0,0.5,0.5,0.333333333,0.111111111,0,0.111111111,0,0.555555556,0.111111111,0.222222222,0.333333333,0,0.111111111,0,,,,,0.5,0.5,0,0,0,0,0,0.333333333,0,0,0.333333333,0,0.333333333,0,,,,,,,,,,,,,,,,,,,,,,,,,,,,,,,,,,,,,,,,,,,0.5,0,0,0,0,0.5,0,0,,,,,,,0,0,0,0,0,1,0,0,,,,,,,,,,,,,,,,,,,,,,,,,,,,,,,,,,,,,,,,,,,,,,,,,1,0,0,0,0,0,0,0,0.533333333,0,0.441176471,0.833333333,0.166666667,0.176470588,0.692307692,0.076923077,0.382352941,0,0,1,,,0,,,0,0.614754098,,Raul Villar,BC Barcelona,1340,16,FALSE
SPAIN,2024-2025,59294,9,55,45,9,8,6,3,3,5,10,2,0,8,4,4,2,6,32,13,19,19,18,19,5,14,17,13,0,0,0,0,0,0,0,0,0,0,0,0,0,0,0,0,0,0,0,0,0,0,0,0,0,0,0,0,4,0,0,1,0,0,0,1,0,1,0,3,0,0,2,1,1,2,0,0,0,0,0,1,0,2,1,0,0,0,0,0,0,0,0,0,0,0,0,0,0,0,0,0,0,0,0,0,0,0,0,0,0,0,32,27,3,3,2,1,2,1,6,8,2,20,0,11,11,14,6,6,0,2,4,1,5,2,12,6,14,19,18,6,4,4,2,1,3,2,1,0,9,0,8,5,4,10,5,0,2,0,1,1,2,2,5,4,2,2,0,0,0,0,0,0,0,0,0,1,1,0,1,1,0,1,0,0,1,0,0,0,0,0,0,0,0,0,0,0,0,0,0,0,0,0,0,0,0,0,0,0,0,0,0,0,0,0,0,0,0,0,0,0,0,0,0,0,0,0,0,0,0,0,0,0,0,0,0,0,0,0,0,0,0,0,0,0,0,0,0,0,0,0,0,0,0,0,0,0,0,0,0,0,0,0,0,0,0,0,0,0,0,2,2,0,0,0,0,0,0,1,0,0,1,0,1,0,1,0,0,1,1,0,36,21,6,6,3,6,14,16,2,2,3,2,5,8,1,0,2,2,1,0,0,0,0,0,0,0,0,0,0,0,1,2,0,0,1,0,21,17,4,4,0,0,0,0,0.818181818,0.163636364,0.181818182,0.145454545,0.345454545,0.345454545,0,0,0.25,0,,,,,,,,,0.84375,0.09375,0.25,0.1875,0.947368421,0.315789474,0.052631579,0.105263158,1,0,0,0.5,0.5,,,,,,,,,,,,,1,0,0,0.666666667,0.375,0.529411765,0.470588235,0.513513514,0.486486486,0.345454545,0.072727273,0.072727273,0.036363636,0.109090909,0.236363636,0.345454545,0.309090909,0.236363636,0,0.036363636,0,0.5,0.5,0.666666667,0.333333333,0.5,0.5,0.4375,0.0625,0.125,0.03125,0.15625,0.1875,0.4375,0.1875,0.1875,0,0.0625,0,0.8,0.4,0.5,0.5,0.615384615,0.384615385,0.210526316,0.105263158,0,0.052631579,0.052631579,0.263157895,0.210526316,0.526315789,0.263157895,0,0,0,,0,0,1,0,1,0.25,0,0,0,0,0.5,0.25,0.25,0.5,0,0,0,,,,,,,,,,,,,,,,,,,,,,,,,,,,,,,,,,,,,,,,,1,0,0.5,0.5,0,0,0,0.5,0,0,,,,,,,,,,,,,,,,,,,,,,,,,,,,,,,,,,,,,,,,,,,,,,,,,,,,,,,,,,,,,1,0,0.5,0.5,0,0,0,0.5,0,0,0.583333333,0.166666667,0.654545455,1.142857143,0.142857143,0.254545455,1.6,0.2,0.090909091,0,0,0.5,,,0,2,0,0.5,1.332622601,,Nikola Radicevic,BC MoraBanc Andorra,1332,9,FALSE
SPAIN,2024-2025,59104,25,286,219,44,48,29,15,26,22,25,18,3,40,27,13,17,23,174,80,94,99,73,102,32,70,92,72,0,1,0,0,0,0,0,0,0,0,0,0,1,0,0,0,0,0,1,0,0,0,0,0,0,0,1,0,45,26,5,11,1,4,6,5,5,6,0,27,0,10,17,13,16,14,0,3,2,1,4,1,12,10,17,0,0,0,0,0,0,0,0,0,0,0,0,0,0,0,0,0,0,0,0,0,0,0,0,0,0,0,164,134,26,19,20,6,14,5,27,14,11,108,1,62,33,67,45,41,0,18,9,12,15,22,45,49,59,76,59,13,18,8,5,6,12,8,5,7,38,2,27,23,22,31,16,0,6,2,4,4,9,13,20,18,5,2,0,0,0,0,0,0,0,0,0,1,1,0,2,1,0,2,0,0,3,1,0,0,0,0,0,0,0,0,0,0,0,0,0,0,0,0,0,1,0,0,0,0,0,0,0,0,0,0,0,0,0,0,0,0,0,0,0,0,0,0,0,0,0,0,0,0,0,0,0,0,0,0,0,0,0,0,0,0,0,0,0,0,2,0,0,0,0,0,0,0,0,0,0,1,0,0,0,1,0,0,1,0,0,2,2,0,0,0,0,0,0,1,0,0,1,0,1,0,1,0,0,1,1,0,190,149,29,33,28,17,44,28,6,5,4,4,52,42,9,10,8,4,5,2,0,0,1,0,0,0,0,0,0,0,0,0,0,0,0,0,103,92,31,23,0,0,0,0,0.765734266,0.153846154,0.087412587,0.13986014,0.356643357,0.346153846,0.577777778,0.111111111,0.133333333,0.111111111,0,0,0,0,,,,,0.817073171,0.158536585,0.085365854,0.164634146,0.776315789,0.171052632,0.065789474,0.105263158,0.4,0,0,0.2,0.2,0,0,0,,,,,,,0,0,0,1,0,0,0.527272727,0.405405405,0.597826087,0.402173913,0.575581395,0.424418605,0.356643357,0.094405594,0.045454545,0.059440559,0.08041958,0.27972028,0.328671329,0.321678322,0.251748252,0,0.062937063,0.01048951,0.588235294,0.545454545,0.755555556,0.244444444,0.652631579,0.347368421,0.408536585,0.109756098,0.054878049,0.073170732,0.091463415,0.298780488,0.359756098,0.274390244,0.25,0,0.067073171,0.006097561,0.571428571,0.294117647,0.451612903,0.548387097,0.54,0.46,0.289473684,0.078947368,0.026315789,0.052631579,0.052631579,0.263157895,0.236842105,0.407894737,0.210526316,0,0.092105263,0.026315789,0.142857143,0.444444444,0.4375,0.5625,0.37037037,0.62962963,0.288888889,0.066666667,0.044444444,0.022222222,0.088888889,0.222222222,0.377777778,0.355555556,0.311111111,0,0,0,,,,,,,,,,,,,,,,,,,,,,,,,0,0,0,0,0,1,0,0,1,0,0,0,,,,,1,0,0.4,0.2,0,0,0,0.6,0,0,,,,,,,0,0,0,0,0,1,0,0,,,,,,,,,,,,,,,,,,,,,,,,,,,,,,,,,,,0.5,0,0,0,0,0.5,0,0,,,,,1,0,0.5,0.5,0,0,0,0.5,0,0,0.784210526,0.152631579,0.664335664,0.636363636,0.136363636,0.153846154,0.807692308,0.173076923,0.181818182,0.4,0,1,,,0,,,0,1.192730027,,Dominik Mavra,Leche Rio Breogan,1322,25,FALSE
SPAIN,2024-2025,59220,34,393,299,44,90,28,16,37,53,22,21,0,70,41,29,27,43,234,101,133,134,112,147,50,97,134,87,0,1,3,0,0,0,0,0,0,1,0,0,1,0,1,0,1,0,0,0,0,1,0,1,0,1,0,1,61,35,8,19,4,4,6,13,6,2,1,32,0,15,21,17,27,15,0,5,1,2,4,6,11,13,19,1,2,0,0,0,0,0,0,1,0,0,1,0,1,0,1,0,0,0,1,0,1,0,1,0,1,0,256,201,27,52,21,6,25,27,49,16,16,158,0,91,68,103,79,55,0,26,23,19,30,34,69,68,90,74,58,9,19,3,6,6,13,13,4,4,42,0,26,23,25,28,17,0,9,4,5,8,9,16,19,23,7,3,0,0,0,0,0,0,0,0,0,1,0,1,2,1,0,2,0,0,5,1,0,0,0,0,0,0,0,0,0,0,0,0,0,0,0,0,0,1,0,0,0,0,0,0,0,0,0,0,0,0,0,0,0,0,0,0,0,0,0,0,0,0,0,0,0,0,0,0,0,0,0,0,0,0,0,0,0,0,0,0,0,0,5,3,0,0,0,0,0,0,1,0,0,2,0,1,0,2,0,0,3,0,1,1,0,0,0,0,0,0,0,0,0,0,0,0,0,0,0,0,0,1,0,0,266,212,27,70,56,15,68,44,8,10,7,5,59,43,9,10,7,2,3,0,0,0,0,0,3,0,0,0,0,0,1,3,0,0,1,0,104,134,30,26,0,0,0,0,0.760814249,0.111959288,0.055979644,0.178117048,0.374045802,0.340966921,0.573770492,0.131147541,0.032786885,0.098360656,3,0,0,1,2,0,0,1,0.78515625,0.10546875,0.0625,0.19140625,0.783783784,0.121621622,0.054054054,0.175675676,0.428571429,0,0,0.142857143,0.142857143,0,0,0,,,,,,,0.6,0,0,0,0,0,0.430769231,0.231884058,0.485074627,0.514925373,0.544715447,0.455284553,0.374045802,0.1043257,0.073791349,0.06870229,0.109414758,0.256997455,0.338422392,0.340966921,0.221374046,0,0.053435115,0,0.456521739,0.181818182,0.582278481,0.417721519,0.572327044,0.427672956,0.40234375,0.1015625,0.08984375,0.07421875,0.1171875,0.265625,0.3515625,0.30859375,0.21484375,0,0.0625,0,0.333333333,0.315789474,0.321428571,0.678571429,0.530612245,0.469387755,0.337837838,0.121621622,0.054054054,0.067567568,0.108108108,0.256756757,0.310810811,0.378378378,0.22972973,0,0.054054054,0,0.4,0.235294118,0.37037037,0.62962963,0.416666667,0.583333333,0.278688525,0.081967213,0.016393443,0.032786885,0.06557377,0.213114754,0.31147541,0.442622951,0.245901639,0,0.016393443,0,,,,,1,0,1,1,0,1,0,1,0,0,0,0,0,0,,,,,1,0,1,0,1,0,1,0,1,0,0,0,0,0,,,,,1,0,0.285714286,0,0.142857143,0,0,0.714285714,0,0,,,,,,,0,0,0,0,0,1,0,0,,,,,,,,,,,,,,,,,,,,,,,,,,,,,,,,,1,0,0.4,0,0.2,0,0,0.6,0,0,,,,,,,0,0,0,0,0,1,0,0,0.796992481,0.101503759,0.676844784,0.647058824,0.117647059,0.17302799,0.728813559,0.152542373,0.150127226,0,0,0.428571429,0,0,0.428571429,3,0,0.142857143,0.883152174,,Jonathan Rousselle,Coviran Granada,1319,34,FALSE
SPAIN,2024-2025,35246,34,13,5,0,6,0,0,2,4,3,0,0,2,1,1,1,1,6,1,5,2,9,4,1,3,6,2,0,0,0,0,0,0,0,0,0,0,0,0,0,0,0,0,0,0,0,0,0,0,0,0,0,0,0,0,2,3,0,1,0,0,0,1,1,0,0,1,0,1,1,1,1,0,0,0,1,0,1,0,1,0,1,0,0,0,0,0,0,0,0,0,0,0,0,0,0,0,0,0,0,0,0,0,0,0,0,0,0,0,8,2,0,4,0,0,1,3,1,3,0,3,0,1,7,1,4,2,0,1,0,1,0,1,0,1,2,3,0,0,1,0,0,1,0,0,0,0,2,0,0,1,2,1,0,0,0,0,0,0,0,2,0,2,22,8,2,2,0,2,0,2,0,0,0,1,1,0,1,3,2,1,4,0,17,1,2,0,0,0,0,0,0,1,0,0,1,0,1,0,1,0,0,0,1,0,0,0,0,0,0,0,0,0,0,0,0,0,0,0,0,0,0,0,0,0,0,0,0,0,0,0,0,0,0,0,0,0,0,0,0,0,0,0,0,0,0,0,8,6,2,1,0,2,0,1,0,0,0,0,0,2,1,0,3,0,5,0,0,13,0,0,1,0,0,0,1,0,0,0,0,0,0,1,0,1,0,12,0,0,5,0,0,2,0,2,3,0,0,2,0,1,5,5,0,2,2,0,19,8,2,1,1,0,1,0,0,0,0,0,2,0,0,1,0,0,0,6,0,0,6,4,0,0,0.384615385,0,0.230769231,0.153846154,0.307692308,0.153846154,1.5,0,0,0.5,,,,,,,,,0.25,0,0.375,0.125,0,0,0,0,0.363636364,0.090909091,0,0.045454545,0.136363636,2,0,0,,,,,,,0.75,0.25,0,0,0,0,0,0,0.333333333,0.666666667,0.181818182,0.818181818,0.307692308,0.076923077,0.076923077,0.076923077,0.076923077,0.076923077,0.384615385,0.461538462,0.153846154,0,0,0,0,0,0.25,0.75,0.125,0.875,0.125,0.125,0,0.125,0,0.125,0.25,0.5,0.25,0,0,0,0,,1,0,0,1,0.666666667,0,0,0,0,0,0.666666667,0.333333333,0,0,0,0,,0,0,1,0.5,0.5,0.5,0,0.5,0,0.5,0,0.5,0.5,0,0,0,0,,,,,,,,,,,,,,,,,,,,,,,,,,,,,,,,,,,,,,0.5,0,1,0.6,0.4,0.045454545,0.045454545,0,0.181818182,0,0.772727273,0,0,,,,,1,0,1,1,0,0,0,0,0,0,,,,,,,,,,,,,,,,,,,,,,,,,,,,,,0.666666667,0,1,0.666666667,0.333333333,0,0,0,0.375,0,0.625,0,0,,0,0,1,0,1,0,0,0,0.076923077,0,0.923076923,0,0,0,0,0.384615385,0,0,0.230769231,1,0,0.384615385,0.421052632,0.105263158,0.863636364,0,0,0.045454545,0,0,0.090909091,0,1.5,Alejandro Abrines Redondo,BC Barcelona,1340,34,FALSE
SPAIN,2024-2025,59163,35,381,321,74,79,42,32,42,37,35,25,9,42,19,23,17,25,202,106,96,130,114,97,31,66,153,105,0,1,0,0,0,0,0,0,0,0,1,0,0,0,0,1,0,0,0,0,0,0,0,0,0,0,0,0,71,68,19,22,8,11,9,13,5,5,5,24,4,27,27,11,41,13,0,2,3,1,4,4,7,13,11,5,7,0,0,0,0,0,0,2,0,1,4,0,3,0,3,0,1,0,1,1,2,0,2,1,3,1,274,214,47,50,31,16,30,20,32,27,17,160,5,88,77,77,97,83,0,15,17,14,18,24,53,85,75,30,32,8,7,3,5,3,4,3,2,2,14,0,12,9,6,15,8,0,1,2,0,3,1,5,5,9,25,13,3,3,1,2,3,0,0,0,1,2,1,1,3,5,3,2,6,1,16,5,5,2,1,1,1,1,0,0,0,0,0,1,2,1,0,3,0,2,0,0,0,0,0,0,0,0,0,0,0,0,0,0,0,0,0,0,0,0,0,0,0,0,0,0,0,0,0,0,0,0,0,0,0,0,0,0,0,0,0,0,0,0,15,3,1,2,0,1,2,0,0,0,0,1,0,1,2,0,3,1,11,0,0,5,5,0,0,0,0,0,0,2,0,0,2,0,2,0,2,0,0,3,1,1,221,193,44,44,25,17,54,38,9,14,4,9,106,90,21,21,13,9,17,13,3,1,2,0,6,0,0,2,0,0,2,0,0,0,0,0,180,153,35,34,8,6,0,0,0.842519685,0.194225722,0.091863517,0.11023622,0.254593176,0.341207349,0.957746479,0.267605634,0.070422535,0.070422535,0,0,1,0,1.4,0,0,0.4,0.781021898,0.171532847,0.098540146,0.116788321,1.066666667,0.266666667,0.066666667,0.1,0.52,0.12,0,0.08,0.2,1,0.4,0,,,,,,,0.2,0.066666667,0,1,0,0,0.5,0.463768116,0.549019608,0.450980392,0.532786885,0.467213115,0.254593176,0.049868766,0.060367454,0.044619423,0.065616798,0.278215223,0.251968504,0.401574803,0.275590551,0,0.065616798,0.023622047,0.508196721,0.444444444,0.628865979,0.371134021,0.533333333,0.466666667,0.281021898,0.054744526,0.062043796,0.051094891,0.065693431,0.310218978,0.273722628,0.354014599,0.302919708,0,0.062043796,0.018248175,0.5,0.555555556,0.4,0.6,0.571428571,0.428571429,0.2,0.033333333,0.066666667,0,0.1,0.166666667,0.3,0.5,0.266666667,0,0.066666667,0,0.470588235,0.458333333,0.414634146,0.585365854,0.5,0.5,0.154929577,0.028169014,0.042253521,0.014084507,0.056338028,0.183098592,0.154929577,0.577464789,0.183098592,0,0.070422535,0.056338028,,,,,1,0,0.6,0.2,0.2,0.4,0,0.6,0.2,0,0.2,0,0.2,0,,,,,0,1,0,0,0,0,0,0,0,0,0,0,0,0,0.25,1,0.666666667,0.333333333,0.625,0.375,0.08,0.04,0.04,0.24,0.04,0.64,0,0.04,0.5,1,0.666666667,0.333333333,0.666666667,0.333333333,0,0,0,0.6,0,0.4,0,0.2,,,,,,,,,,,,,,,,,,,,,,,,,,,,,0,1,0.666666667,0.333333333,0.333333333,0.666666667,0,0,0,0.2,0.066666667,0.733333333,0,0,,,,,1,0,0.4,0.2,0.2,0,0,0.6,0,0,0.873303167,0.199095023,0.580052493,0.703703704,0.166666667,0.141732283,0.849056604,0.198113208,0.278215223,0.764705882,0.176470588,0.68,0,0,0.24,0,0,0.08,1.270783848,1.333333333,Kevin Punter,BC Barcelona,1340,35,FALSE
SPAIN,2024-2025,11646,24,26,27,1,3,1,0,1,2,2,4,2,7,4,3,6,1,17,11,6,12,5,13,8,5,4,4,0,0,0,0,0,0,0,0,0,0,0,0,0,0,0,0,0,0,0,0,0,0,0,0,0,0,0,0,3,0,0,1,0,0,0,1,0,1,0,1,1,0,2,0,1,1,0,0,0,0,0,0,0,1,0,1,2,0,0,0,0,0,0,0,0,1,0,0,1,0,0,0,0,0,0,0,0,0,0,0,0,0,21,25,1,1,1,0,0,1,7,1,3,16,0,11,2,13,2,3,0,4,3,6,1,8,5,10,6,1,0,0,1,0,0,1,0,0,0,0,0,1,0,1,0,1,0,0,0,0,0,0,0,0,0,0,16,0,0,3,0,0,1,2,0,0,2,0,0,0,0,0,3,0,3,0,13,7,0,0,1,0,0,0,1,0,0,0,0,1,0,1,0,1,0,6,0,0,0,0,0,0,0,0,0,0,0,0,0,0,0,0,0,0,0,0,0,0,0,0,0,0,0,0,0,0,0,0,0,0,0,0,0,0,0,0,0,0,0,0,3,0,0,1,0,0,0,1,0,0,0,0,0,0,1,0,1,0,2,0,0,5,0,0,1,0,0,1,0,0,0,0,0,1,0,1,0,1,0,4,0,0,11,8,0,2,3,0,1,0,0,0,0,0,14,19,1,1,4,2,8,0,0,2,0,0,2,0,0,0,0,0,6,0,0,1,0,0,2,4,8,8,0,3,0,0,1.038461538,0.038461538,0.076923077,0.269230769,0.5,0.461538462,0,0,0.333333333,0,,,,,2,0,0,0,1.19047619,0.047619048,0.047619048,0.333333333,0,0,0,0,0,0,0,0,0,0,0,0,,,,,,,0,0,0,0,0,0,0.5,0,0.5,0.5,0.705882353,0.294117647,0.5,0.153846154,0.115384615,0.230769231,0.038461538,0.423076923,0.230769231,0.153846154,0.153846154,0,0.153846154,0.076923077,1,0,0.5,0.5,0.846153846,0.153846154,0.619047619,0.19047619,0.142857143,0.285714286,0.047619048,0.476190476,0.285714286,0.095238095,0.142857143,0,0.142857143,0,0,,1,0,0,1,0,0,0,0,0,0,0,1,0,0,0,1,,0,0,1,0,1,0,0,0,0,0,0.333333333,0,0.333333333,0.333333333,0,0,0.333333333,,,,,1,0,0,0,0,0,0,0,0,0,0,0,1,0,,,,,,,,,,,,,,,,,,,0,0,0.333333333,0.666666667,0,1,0,0,0,0.1875,0,0.8125,0,0.125,,0,0,1,0,1,0,0,0,0.142857143,0,0.857142857,0,0.142857143,,,,,,,,,,,,,,,,,,,,,,,,,,,,,,0,0,1,0,1,0,0,0,0.333333333,0,0.666666667,0,0,0,,1,0,0,1,0,0,0,0.2,0,0.8,0,0.2,0.727272727,0,0.423076923,0,0,0.038461538,1.357142857,0.071428571,0.538461538,0,0,0.5,0,0,0.125,0,0,0.375,1.329787234,0,Santiago Vescovi,BAXI Manresa,1330,24,FALSE
SPAIN,2024-2025,59097,35,159,119,16,28,9,7,17,11,14,9,0,34,26,8,20,14,106,65,41,57,42,60,32,28,44,46,0,0,0,0,0,0,0,0,0,0,0,0,0,0,0,0,0,0,0,0,0,0,0,0,0,0,0,0,20,16,4,4,3,1,0,4,3,1,0,12,0,7,5,8,8,4,0,2,1,1,2,2,6,5,7,0,0,0,0,0,0,0,0,0,0,0,0,0,0,0,0,0,0,0,0,0,0,0,0,0,0,0,123,91,11,20,6,5,14,6,27,13,8,84,0,44,33,46,31,38,0,21,6,16,11,27,19,53,31,16,12,1,4,0,1,3,1,4,0,1,10,0,6,4,6,5,4,0,3,1,3,1,3,3,7,3,25,2,0,3,0,0,2,1,0,1,0,1,1,0,2,2,3,2,3,0,19,10,2,0,2,0,0,2,0,1,0,0,1,0,1,2,1,2,0,7,1,0,0,0,0,0,0,0,0,0,0,0,0,0,0,0,0,0,0,0,0,0,0,0,0,0,0,0,0,0,0,0,0,0,0,0,0,0,0,0,0,0,0,0,9,0,0,0,0,0,0,0,0,0,1,0,0,1,0,0,0,0,8,0,0,6,0,0,1,0,0,0,1,0,0,0,1,0,0,1,1,1,0,4,0,0,103,89,8,17,30,10,21,10,3,5,1,2,35,20,5,6,3,2,19,2,0,2,1,0,2,0,0,0,0,0,4,0,0,1,0,0,39,44,10,4,0,3,0,0,0.748427673,0.100628931,0.088050314,0.213836478,0.377358491,0.358490566,0.8,0.2,0.05,0.15,,,,,,,,,0.739837398,0.089430894,0.105691057,0.219512195,0.75,0.0625,0,0.25,0.08,0,0,0.04,0.08,0.2,0,0,,,,,,,0,0,0,0,0,0,0.346153846,0.388888889,0.590909091,0.409090909,0.575757576,0.424242424,0.377358491,0.163522013,0.050314465,0.125786164,0.088050314,0.408805031,0.257861635,0.27672956,0.289308176,0,0.056603774,0,0.3,0.454545455,0.64516129,0.35483871,0.571428571,0.428571429,0.37398374,0.170731707,0.048780488,0.130081301,0.089430894,0.430894309,0.25203252,0.25203252,0.308943089,0,0.06504065,0,0,0.5,0.6,0.4,0.6,0.4,0.375,0.1875,0.0625,0.1875,0.0625,0.4375,0.1875,0.3125,0.25,0,0.0625,0,1,0.2,0.375,0.625,0.583333333,0.416666667,0.4,0.1,0.05,0.05,0.1,0.25,0.35,0.4,0.2,0,0,0,,,,,,,,,,,,,,,,,,,,,,,,,,,,,,,,,,,,,0,0,0.666666667,0.333333333,0.4,0.6,0.08,0.04,0,0.12,0,0.76,0.04,0,0,,1,0,0.333333333,0.666666667,0.1,0.1,0,0.2,0,0.7,0,0,,,,,,,,,,,,,,,,,,,,,,,,,,,,,,,,,1,0,0,0,0,0,0,0.888888889,0.111111111,0,,0,0,1,0,1,0.166666667,0,0,0.166666667,0,0.666666667,0,0,0.86407767,0.077669903,0.647798742,0.476190476,0.142857143,0.132075472,0.571428571,0.142857143,0.220125786,0.105263158,0,0.76,0,0,0.08,0,0,0.16,0.888429752,0,Adam Hanga,Club Joventut Badalona,1336,35,FALSE
SPAIN,2024-2025,59257,33,158,110,20,44,13,7,27,17,24,9,3,20,13,7,10,10,79,32,47,48,68,51,22,29,64,28,0,0,0,0,0,0,0,0,0,0,0,0,0,0,0,0,0,0,0,0,0,0,0,0,0,0,0,0,24,6,2,12,0,2,7,5,0,4,0,10,0,2,16,3,14,7,0,0,0,0,0,0,3,2,8,0,0,0,0,0,0,0,0,0,0,0,0,0,0,0,0,0,0,0,0,0,0,0,0,0,0,0,125,90,15,31,13,2,20,11,19,18,8,67,3,41,49,47,46,20,0,13,6,9,10,21,26,28,39,9,14,3,1,0,3,0,1,1,2,1,2,0,5,3,1,4,1,0,0,1,1,0,1,0,2,0,23,15,5,3,3,2,1,2,0,0,0,1,0,1,2,6,3,2,8,0,13,4,8,2,0,1,1,0,0,1,0,0,1,0,3,0,1,2,0,1,0,1,0,0,0,0,0,0,0,0,0,0,0,0,0,0,0,0,0,0,0,0,0,0,0,0,0,0,0,0,0,0,0,0,0,0,0,0,0,0,0,0,0,0,11,5,2,3,1,1,1,2,0,0,0,1,0,2,3,1,5,0,5,0,0,7,2,1,0,1,0,0,0,0,0,0,0,0,1,0,0,1,0,6,0,0,83,59,11,20,9,15,23,19,5,6,3,2,52,32,4,18,8,7,14,4,2,1,0,0,3,9,2,0,1,0,6,2,1,2,0,0,47,64,17,16,12,8,0,0,0.696202532,0.126582278,0.151898734,0.126582278,0.32278481,0.303797468,0.25,0.083333333,0.166666667,0,,,,,,,,,0.72,0.12,0.144,0.152,1.555555556,0.333333333,0.222222222,0.111111111,0.652173913,0.217391304,0,0.043478261,0.260869565,2,0.5,0,,,,,,,0.454545455,0.181818182,0,0.285714286,0.142857143,0,0.325,0.291666667,0.625,0.375,0.413793103,0.586206897,0.32278481,0.082278481,0.044303797,0.063291139,0.063291139,0.202531646,0.297468354,0.405063291,0.17721519,0,0.056962025,0.018987342,0.393939394,0.153846154,0.717391304,0.282608696,0.455555556,0.544444444,0.376,0.104,0.048,0.072,0.08,0.224,0.312,0.368,0.16,0,0.064,0.024,,0.75,0,1,0.625,0.375,0.111111111,0,0.111111111,0.111111111,0,0.222222222,0,0.444444444,0.111111111,0,0.111111111,0,0,0.285714286,0.5,0.5,0.111111111,0.888888889,0.125,0,0,0,0,0.083333333,0.333333333,0.583333333,0.291666667,0,0,0,,,,,,,,,,,,,,,,,,,,,,,,,,,,,,,,,,,,,0.75,0.5,0.5,0.5,0.666666667,0.333333333,0.086956522,0,0.043478261,0.347826087,0,0.565217391,0,0,1,1,0.5,0.5,1,0,0.25,0,0.25,0.5,0,0.25,0,0,,,,,,,,,,,,,,,,,,,,,,,,,,,,,0.5,0.333333333,0.4,0.6,0.4,0.6,0.090909091,0,0,0.454545455,0,0.454545455,0,0,1,,1,0,1,0,0,0,0,0.142857143,0,0.857142857,0,0,0.710843373,0.13253012,0.525316456,0.826086957,0.217391304,0.14556962,0.615384615,0.076923077,0.329113924,0.285714286,0.142857143,0.608695652,3,0.666666667,0.130434783,0.333333333,0.166666667,0.260869565,0.881365417,1.5,Thomas Bropleh,ICG Forca Lleida,1323,33,FALSE
SPAIN,2024-2025,22781,34,146,107,25,52,16,9,22,30,20,12,3,12,8,4,7,5,46,21,25,47,72,23,8,15,77,23,0,1,0,0,0,0,0,0,0,0,0,0,1,0,0,0,0,0,1,0,0,0,0,0,0,0,1,0,41,31,11,17,7,4,8,9,0,7,2,8,0,13,24,2,28,6,0,0,0,0,0,0,2,1,7,1,0,0,1,0,0,0,1,0,0,0,0,1,0,1,0,1,0,0,0,0,0,0,0,0,0,0,91,65,11,28,9,2,12,16,11,12,10,35,2,30,40,19,39,16,0,7,4,7,4,8,11,19,16,12,11,3,6,0,3,2,4,1,1,0,2,0,4,7,2,9,0,0,1,0,0,1,0,2,0,2,67,29,11,8,8,3,2,6,4,8,0,2,2,0,7,18,12,5,19,2,33,16,6,3,1,3,0,0,1,0,2,2,3,0,4,3,3,4,0,6,0,0,0,0,0,0,0,0,0,0,0,0,0,0,0,0,0,0,0,0,0,0,0,0,0,0,0,0,0,0,0,0,0,0,0,0,0,0,0,0,0,0,0,0,38,19,7,5,4,3,2,3,1,2,4,3,0,10,7,1,12,2,20,1,0,13,4,1,2,1,0,0,2,1,0,2,1,0,4,2,1,3,0,7,1,0,67,44,11,25,5,10,19,15,1,7,3,1,60,48,13,20,4,9,37,21,9,6,0,1,16,4,0,2,2,1,14,4,2,0,0,2,59,77,23,20,25,19,0,0,0.732876712,0.171232877,0.136986301,0.082191781,0.157534247,0.321917808,0.756097561,0.268292683,0.170731707,0,0,0,0,0,0,0,0,0,0.714285714,0.120879121,0.131868132,0.120879121,0.916666667,0.25,0.083333333,0.083333333,0.432835821,0.164179104,0.059701493,0.029850746,0.268656716,0.375,0.1875,0.125,,,,,,,0.5,0.184210526,0.052631579,0.307692308,0.076923077,0,0.421052632,0.230769231,0.493506494,0.506493506,0.394957983,0.605042017,0.157534247,0.054794521,0.02739726,0.047945205,0.034246575,0.143835616,0.171232877,0.52739726,0.157534247,0,0.082191781,0.020547945,0.428571429,0.111111111,0.538461538,0.461538462,0.428571429,0.571428571,0.208791209,0.076923077,0.043956044,0.076923077,0.043956044,0.208791209,0.175824176,0.428571429,0.175824176,0,0.10989011,0.021978022,0,0.428571429,0.222222222,0.777777778,0.363636364,0.636363636,0.166666667,0.083333333,0,0,0.083333333,0,0.166666667,0.75,0,0,0,0,0.466666667,0.307692308,0.535714286,0.464285714,0.351351351,0.648648649,0.048780488,0,0,0,0,0.024390244,0.170731707,0.682926829,0.146341463,0,0.048780488,0,,0,0,1,0,1,0,0,0,0,0,0,0,1,0,0,0,1,,,,,,,0,0,0,0,0,1,0,0,1,0,0,0,0.8,0.333333333,0.526315789,0.473684211,0.6,0.4,0.074626866,0.029850746,0,0.28358209,0.029850746,0.492537313,0.119402985,0,1,0,0.75,0.25,0.571428571,0.428571429,0.1875,0,0,0.25,0,0.375,0.125,0,,,,,,,,,,,,,,,,,,,,,,,,,,,,,0.666666667,0.5,0.5,0.5,0.588235294,0.411764706,0.026315789,0.026315789,0,0.315789474,0.052631579,0.526315789,0.105263158,0,1,0,0.333333333,0.666666667,0.666666667,0.333333333,0.076923077,0.076923077,0,0.230769231,0,0.538461538,0.153846154,0,0.656716418,0.164179104,0.45890411,0.789473684,0.052631579,0.130136986,0.8,0.216666667,0.410958904,0.567567568,0.243243243,0.552238806,0.25,0,0.23880597,0.285714286,0.142857143,0.208955224,0.906795225,1.315789474,Derrick Alston Jr.,BAXI Manresa,1330,34,FALSE
SPAIN,2024-2025,2363,33,6,6,3,2,3,0,2,0,0,2,0,0,0,0,0,0,1,1,0,3,2,0,0,0,5,1,0,0,0,0,0,0,0,0,0,0,0,0,0,0,0,0,0,0,0,0,0,0,0,0,0,0,0,0,3,2,1,2,1,0,2,0,0,0,1,0,0,1,2,0,3,0,0,0,0,0,0,0,0,0,0,0,0,0,0,0,0,0,0,0,0,0,0,0,0,0,0,0,0,0,0,0,0,0,0,0,0,0,2,2,1,0,1,0,0,0,0,0,1,1,0,1,0,0,1,1,0,0,0,0,0,0,0,1,0,1,2,1,0,1,0,0,0,0,0,0,0,0,1,0,0,1,0,0,0,0,0,0,0,0,0,0,105,36,15,7,14,1,4,3,1,5,0,2,1,1,8,20,8,7,22,1,72,31,11,4,1,4,0,0,1,1,0,3,3,0,6,1,3,5,0,22,0,1,0,0,0,0,0,0,0,0,0,0,0,0,0,0,0,0,0,0,0,0,0,0,0,0,0,0,0,0,0,0,0,0,0,0,0,0,0,0,0,0,0,0,53,21,10,5,9,1,4,1,0,0,1,2,0,11,5,2,15,0,35,0,0,20,4,1,1,1,0,0,1,1,1,1,3,0,3,2,2,2,1,14,1,0,4,6,3,1,0,0,0,0,0,0,0,0,2,0,0,1,0,0,50,20,10,4,0,1,11,0,0,1,0,0,44,16,5,2,2,0,6,5,1,0,31,22,0,0,1,0.5,0,0,0,0.5,0.666666667,0.333333333,0,0,,,,,,,,,1,0.5,0,0,2,1,0,0,0.342857143,0.142857143,0.00952381,0.019047619,0.19047619,0.35483871,0.129032258,0,,,,,,,0.396226415,0.188679245,0,0.2,0.05,0.05,0.6,,1,0,0.6,0.4,0,0,0,0,0,0.166666667,0,0.833333333,0.166666667,0,0.333333333,0,1,,1,0,1,0,0,0,0,0,0,0.5,0,0.5,0.5,0,0.5,0,1,,1,0,1,0,0,0,0,0,0,0,0,1,0,0,0,0,0.333333333,,1,0,0.333333333,0.666666667,0,0,0,0,0,0,0,1,0,0,0.333333333,0,,,,,,,,,,,,,,,,,,,,,,,,,,,,,,,,,,,,,0.777777778,0.25,0.818181818,0.181818182,0.714285714,0.285714286,0.066666667,0.00952381,0.00952381,0.20952381,0.00952381,0.685714286,0.047619048,0,1,0,0.8,0.2,0.857142857,0.142857143,0.096774194,0,0.032258065,0.161290323,0,0.709677419,0.096774194,0,,,,,,,,,,,,,,,,,,,,,,,,,,,,,0.692307692,0.5,0.866666667,0.133333333,0.6875,0.3125,0.037735849,0,0,0.283018868,0,0.660377358,0.018867925,0,1,0,0.5,0.5,0.6,0.4,0.1,0.05,0,0.1,0.05,0.7,0.05,0,1.5,0.75,0.666666667,,,0,0,0,0.333333333,0.4,0.2,0.476190476,0,0,0.104761905,0.363636364,0.113636364,0.419047619,1.102941176,1.409090909,Thijs De Ridder,Bilbao Basket,1335,33,FALSE
SPAIN,2024-2025,28027,23,0,0,0,0,0,0,0,0,0,0,0,0,0,0,0,0,0,0,0,0,0,0,0,0,0,0,0,0,0,0,0,0,0,0,0,0,0,0,0,0,0,0,0,0,0,0,0,0,0,0,0,0,0,0,0,0,0,0,0,0,0,0,0,0,0,0,0,0,0,0,0,0,0,0,0,0,0,0,0,0,0,0,0,0,0,0,0,0,0,0,0,0,0,0,0,0,0,0,0,0,0,0,0,0,0,0,0,0,0,0,0,0,0,0,0,0,0,0,0,0,0,0,0,0,0,0,0,0,0,0,0,0,0,0,0,0,0,0,0,0,0,0,0,0,0,0,0,0,0,0,0,0,0,0,0,0,0,0,0,0,0,0,246,58,23,12,23,0,10,2,8,7,1,5,3,2,17,34,20,13,35,4,184,24,4,1,2,1,0,2,0,1,0,1,1,0,3,2,1,3,0,19,1,0,0,0,0,0,0,0,0,0,0,0,0,0,0,0,0,0,0,0,0,0,0,2,0,0,0,0,0,0,0,0,0,0,0,0,0,0,0,0,0,2,0,0,132,36,13,8,13,0,7,1,4,6,4,14,1,21,14,11,21,3,90,2,2,87,18,9,2,9,0,1,1,0,2,2,2,0,10,4,1,11,1,72,0,0,0,0,0,0,0,0,0,0,0,0,0,0,0,0,0,0,0,0,159,44,17,6,4,6,23,2,1,2,0,0,64,12,5,4,1,2,0,0,0,0,46,35,0,0,,,,,,,,,,,,,,,,,,,,,,,,,,,0.235772358,0.093495935,0.032520325,0.020325203,0.138211382,0.166666667,0.041666667,0,,,,0,0,0,0.272727273,0.098484848,0.045454545,0.206896552,0.103448276,0.022988506,,,,,,,,,,,,,,,,,,,,,,,,,,,,,,,,,,,,,,,,,,,,,,,,,,,,,,,,,,,,,,,,,,,,,,,,,,,,,,,,,,,,,,,,,,,,,,,,,,,,,,,,,,,,,0.696969697,0,0.942857143,0.057142857,0.62962963,0.37037037,0.052845528,0.012195122,0.008130081,0.142276423,0.016260163,0.74796748,0.028455285,0.004065041,0.333333333,,1,0,0.6,0.4,0.041666667,0.041666667,0,0.125,0,0.791666667,0.041666667,0,,,,,,,,,,,,,,,,,,,,,0,0,0,0,0,1,0,0,0.65,0,0.952380952,0.047619048,0.6,0.4,0.083333333,0.015151515,0.015151515,0.159090909,0.022727273,0.681818182,0.03030303,0.007575758,0.9,0,0.909090909,0.090909091,0.714285714,0.285714286,0.011494253,0,0,0.126436782,0.011494253,0.827586207,0.022988506,0,,,,,,,,,,0.27672956,0.106918239,0.646341463,0.086956522,0.043478261,0.093495935,0.1875,0.078125,0.260162602,,1.314285714,Bruno Fernando,Real Madrid,1338,23,FALSE
SPAIN,2024-2025,34962,33,1,0,0,0,0,0,0,0,0,0,0,0,0,0,0,0,1,1,0,0,0,0,0,0,0,1,0,0,0,0,0,0,0,0,0,0,0,0,0,0,0,0,0,0,0,0,0,0,0,0,0,0,0,0,0,0,0,0,0,0,0,0,0,0,0,0,0,0,0,0,0,0,0,0,0,0,0,0,0,0,0,0,0,0,0,0,0,0,0,0,0,0,0,0,0,0,0,0,0,0,0,0,0,0,0,0,0,0,1,0,0,0,0,0,0,0,0,0,0,1,0,0,0,0,0,1,0,0,0,0,0,0,0,1,0,0,0,0,0,0,0,0,0,0,0,0,0,0,0,0,0,0,0,0,0,0,0,0,0,0,0,0,325,80,27,18,27,0,18,0,3,18,2,10,4,6,22,46,21,16,45,6,247,32,6,3,3,3,0,3,0,0,0,3,1,0,4,3,1,6,0,24,0,0,1,0,0,1,0,0,1,0,0,0,0,0,0,0,1,0,1,0,0,0,0,2,2,0,0,0,0,0,0,1,0,0,1,0,1,0,1,0,0,1,1,0,166,47,16,7,16,0,7,0,6,2,8,14,0,26,9,11,23,3,123,3,3,123,25,8,7,8,0,7,0,3,1,7,6,2,15,8,3,15,3,98,0,3,0,0,0,0,0,0,1,0,0,0,0,0,0,0,0,0,0,0,220,46,16,12,5,3,31,11,4,2,1,0,74,23,7,4,4,0,0,0,0,0,54,45,0,0,0,0,0,0,0,0,,,,,,,,,,,,,0,0,0,0,,,,,0.246153846,0.083076923,0.009230769,0.030769231,0.141538462,0.1875,0.09375,0,0,0,0,1,0,0,0.28313253,0.096385542,0.012048193,0.203252033,0.06504065,0.008130081,,,,,,,0,0,0,0,0,1,0,0,1,0,0,0,,,,,,,0,0,0,0,0,1,0,0,1,0,0,0,,,,,,,,,,,,,,,,,,,,,,,,,,,,,,,,,,,,,,,,,,,,,,,,,,,,,,,,,,,,,,,,,,,,,,,,,0.6,,1,0,0.686567164,0.313432836,0.049230769,0.012307692,0.018461538,0.138461538,0.018461538,0.76,0.055384615,0.006153846,0.5,,1,0,0.571428571,0.428571429,0.03125,0,0,0.1875,0,0.75,0.09375,0,0,,1,0,0,1,0,0,0,1,0,0,0,0,,,,,1,0,0.5,0.5,0,0,0,0.5,0,0,0.695652174,,1,0,0.742857143,0.257142857,0.06626506,0.018072289,0.018072289,0.138554217,0.018072289,0.740963855,0.048192771,0,0.533333333,,1,0,0.652173913,0.347826087,0.024390244,0,0.024390244,0.12195122,0.024390244,0.796747967,0.056910569,0.016260163,,,0,0,0,1,,,0,0.209090909,0.072727273,0.676923077,0.35483871,0.129032258,0.095384615,0.310810811,0.094594595,0.227692308,,1.2,Willy Hernangomez,BC Barcelona,1340,33,FALSE
SPAIN,2024-2025,58696,15,3,4,0,1,0,0,1,0,0,0,0,2,2,0,0,2,2,0,2,2,1,2,0,2,1,0,0,0,0,0,0,0,0,0,0,0,0,0,0,0,0,0,0,0,0,0,0,0,0,0,0,0,0,0,0,0,0,0,0,0,0,0,0,0,0,0,0,0,0,0,0,0,0,0,0,0,0,0,0,0,0,0,0,0,0,0,0,0,0,0,0,0,0,0,0,0,0,0,0,0,0,0,0,0,0,0,0,0,3,4,0,1,0,0,1,0,2,0,0,2,0,2,1,2,1,0,0,2,0,0,2,0,2,0,2,0,0,0,0,0,0,0,0,0,0,0,0,0,0,0,0,0,0,0,0,0,0,0,0,0,0,0,166,59,16,15,16,0,11,4,2,4,0,11,6,5,29,29,17,22,31,7,103,17,2,1,1,1,0,1,0,0,0,0,0,0,1,1,0,2,0,15,0,0,0,0,0,0,0,0,0,0,0,0,0,0,0,0,0,0,0,0,0,0,0,2,2,1,0,1,0,0,0,0,0,1,0,0,1,0,0,1,0,1,0,0,81,37,10,5,10,0,3,2,7,1,2,19,0,18,6,13,15,6,45,4,3,65,18,4,9,4,0,7,2,4,1,1,10,0,9,10,9,13,1,41,2,2,1,0,0,1,0,0,2,4,0,0,2,0,0,0,0,0,0,0,113,38,11,9,7,2,22,10,1,5,3,0,31,11,4,1,1,0,0,1,0,0,32,31,0,0,1.333333333,0,0,0.666666667,0.666666667,0.666666667,,,,,,,,,,,,,1.333333333,0,0,0.666666667,,,,,0.355421687,0.096385542,0.012048193,0.06626506,0.174698795,0.117647059,0.058823529,0,,,,1,0.5,0,0.456790123,0.12345679,0.012345679,0.276923077,0.061538462,0.015384615,0,,1,0,0.666666667,0.333333333,0.666666667,0.666666667,0,0,0.666666667,0,0.666666667,0.333333333,0,0,0,0,0,,1,0,0.666666667,0.333333333,0.666666667,0.666666667,0,0,0.666666667,0,0.666666667,0.333333333,0,0,0,0,,,,,,,,,,,,,,,,,,,,,,,,,,,,,,,,,,,,,,,,,,,,,,,,,,,,,,,,,,,,,,,,,,,,,,,,,0.592592593,0,0.870967742,0.129032258,0.630434783,0.369565217,0.13253012,0.036144578,0.030120482,0.186746988,0.042168675,0.620481928,0.024096386,0,0.5,,1,0,0.5,0.5,0,0,0,0.117647059,0,0.882352941,0,0,,,,,,,,,,,,,,,1,,1,0,1,0,0,0,0,0.5,0,0.5,0.5,0,0.769230769,0,0.866666667,0.133333333,0.75,0.25,0.160493827,0.049382716,0.037037037,0.185185185,0.074074074,0.555555556,0.024691358,0,0.363636364,0,0.846153846,0.153846154,0.473684211,0.526315789,0.138461538,0.030769231,0.030769231,0.2,0.015384615,0.630769231,0.015384615,0,0,0,0.333333333,2,0,0.666666667,,,0,0.336283186,0.097345133,0.680722892,0.454545455,0.045454545,0.13253012,0.35483871,0.129032258,0.186746988,0,1.032258065,Jan Vesely,BC Barcelona,1340,15,FALSE
SPAIN,2024-2025,59064,34,134,110,16,28,12,4,14,14,17,15,4,23,14,9,12,11,70,28,42,53,45,44,17,27,44,26,0,0,0,0,0,0,0,0,0,0,0,0,0,0,0,0,0,0,0,0,0,0,0,0,0,0,0,0,20,22,2,3,0,2,2,1,5,3,2,11,0,9,6,8,5,3,0,2,3,1,4,2,6,4,7,1,0,0,1,0,0,1,0,0,0,0,0,0,0,1,0,1,0,0,0,0,0,0,0,0,0,0,86,65,10,14,10,0,8,6,14,11,12,47,2,35,25,31,24,16,0,11,3,10,4,14,17,20,27,27,23,4,10,2,2,3,7,4,3,1,12,2,9,13,5,14,7,0,1,3,1,3,1,4,4,8,11,5,2,1,1,1,0,1,0,0,0,0,0,0,1,2,1,1,3,0,7,2,0,0,0,0,0,0,0,0,0,0,0,0,0,0,0,0,0,2,0,0,0,0,0,0,0,0,0,0,0,0,0,0,0,0,0,0,0,0,0,0,0,0,0,0,0,0,0,0,0,0,0,0,0,0,0,0,0,0,0,0,0,0,5,3,1,0,0,1,0,0,0,0,0,1,0,1,0,1,1,0,3,0,0,4,2,1,1,1,0,0,1,0,0,0,0,0,1,1,0,2,0,2,0,0,56,48,6,12,11,8,22,11,1,4,3,3,56,51,9,12,9,6,9,5,2,1,0,0,0,0,0,0,0,0,2,0,0,0,0,0,36,44,23,19,5,3,0,0,0.820895522,0.119402985,0.126865672,0.171641791,0.328358209,0.395522388,1.1,0.1,0.15,0.25,,,,,0,0,0,0,0.755813953,0.11627907,0.127906977,0.162790698,0.851851852,0.148148148,0.111111111,0.148148148,0.454545455,0.181818182,0,0,0.181818182,0,0,0,,,,,,,0.6,0.2,0,0.5,0.25,0,0.461538462,0.222222222,0.590909091,0.409090909,0.540816327,0.459183673,0.328358209,0.104477612,0.067164179,0.089552239,0.082089552,0.208955224,0.313432836,0.328358209,0.194029851,0,0.111940299,0.029850746,0.555555556,0,0.75,0.25,0.583333333,0.416666667,0.360465116,0.127906977,0.034883721,0.11627907,0.046511628,0.23255814,0.313953488,0.279069767,0.186046512,0,0.139534884,0.023255814,0.4,0.222222222,0.357142857,0.642857143,0.409090909,0.590909091,0.185185185,0.037037037,0.111111111,0.037037037,0.111111111,0.148148148,0.296296296,0.518518519,0.259259259,0,0.037037037,0.074074074,0,0.666666667,0.4,0.6,0.6,0.4,0.4,0.1,0.15,0.05,0.2,0.2,0.35,0.25,0.15,0,0.1,0,0,,1,0,0,1,0,0,0,0,0,0,0,1,0,0,0,0,,,,,,,,,,,,,,,,,,,1,0.5,0.333333333,0.666666667,0.666666667,0.333333333,0.090909091,0,0,0.272727273,0,0.636363636,0,0,,,,,,,0,0,0,0,0,1,0,0,,,,,,,,,,,,,,,,,,,,,,,,,,,,,,1,0,1,1,0,0.2,0,0,0.2,0,0.6,0,0,1,0,0.5,0.5,0.5,0.5,0,0,0,0.5,0,0.5,0,0,0.857142857,0.107142857,0.417910448,0.5,0.045454545,0.164179104,0.910714286,0.160714286,0.417910448,0.555555556,0.222222222,0.818181818,,,0,0,0,0.181818182,1.016260163,1.666666667,Zoran Dragic,Bilbao Basket,1335,34,FALSE
SPAIN,2024-2025,59527,22,1,2,0,0,0,0,0,0,0,0,0,1,1,0,0,1,1,0,1,1,0,1,0,1,0,0,0,0,0,0,0,0,0,0,0,0,0,0,0,0,0,0,0,0,0,0,0,0,0,0,0,0,0,0,1,2,0,0,0,0,0,0,1,0,0,1,0,1,0,1,0,0,0,1,0,0,1,0,1,0,1,0,0,0,0,0,0,0,0,0,0,0,0,0,0,0,0,0,0,0,0,0,0,0,0,0,0,0,0,0,0,0,0,0,0,0,0,0,0,0,0,0,0,0,0,0,0,0,0,0,0,0,0,0,0,0,0,0,0,0,0,0,0,0,0,0,0,0,0,0,0,0,0,0,0,0,0,0,0,0,0,0,31,4,2,2,2,0,2,0,0,2,0,0,0,0,3,4,2,3,4,0,22,8,2,1,0,1,0,0,0,0,0,0,1,0,1,0,1,1,0,6,0,0,0,0,0,0,0,0,0,0,0,0,0,0,0,0,0,0,0,0,0,0,0,0,0,0,0,0,0,0,0,0,0,0,0,0,0,0,0,0,0,0,0,0,16,2,1,1,1,0,1,0,0,0,2,2,0,3,1,2,2,0,10,0,0,7,0,0,1,0,0,1,0,0,0,0,0,0,0,1,0,1,0,6,0,0,0,0,0,0,0,0,1,2,0,0,1,0,0,0,0,0,0,0,13,2,1,1,0,0,6,0,0,0,0,0,12,2,1,1,0,0,0,0,0,0,4,4,0,0,2,0,0,1,1,1,2,0,0,1,,,,,,,,,,,,,,,,,0.129032258,0.064516129,0,0,0.129032258,0.25,0.125,0,,,,,,,0.125,0.0625,0,0,0,0,,,,,1,0,1,1,0,0,1,0,1,0,0,0,0,0,,,,,,,,,,,,,,,,,,,,,,,,,,,,,,,,,,,,,,,,,1,0,1,1,0,0,1,0,1,0,0,0,0,0,,,,,,,,,,,,,,,,,,,,,,,,,,,,,,,,,,,,,0.5,,1,0,0.666666667,0.333333333,0.096774194,0,0,0.129032258,0,0.709677419,0.064516129,0,1,,1,0,1,0,0.125,0,0,0.125,0,0.75,0,0,,,,,,,,,,,,,,,,,,,,,,,,,,,,,0.5,,1,0,0.75,0.25,0.125,0,0,0.125,0,0.625,0.125,0,0,,1,0,0,1,0,0,0,0.142857143,0,0.857142857,0,0,,,0,2,0,1,,,0,0.153846154,0.076923077,0.419354839,0,0,0.193548387,0.166666667,0.083333333,0.387096774,,1,Jaime Fernandez Manzanares,Casademont Zaragoza,1331,22,FALSE
SPAIN,2024-2025,59174,41,277,256,45,66,26,19,30,36,11,12,3,53,35,18,17,36,153,62,91,108,77,107,29,78,111,46,0,2,0,0,0,0,0,0,0,0,1,0,2,0,0,1,1,0,1,0,0,0,0,0,0,1,0,2,43,34,8,14,5,3,3,11,6,1,1,21,0,14,15,11,22,10,0,4,2,1,5,3,8,10,11,3,1,0,0,0,0,0,0,0,0,1,2,0,1,0,1,0,1,0,0,0,0,0,1,0,2,0,206,205,34,42,20,14,22,20,44,8,9,119,2,86,50,86,76,33,0,28,16,14,30,22,64,47,72,23,16,3,10,1,2,5,5,3,1,1,9,1,7,11,8,13,1,0,3,0,2,1,3,5,3,6,24,9,2,2,0,2,0,2,0,0,0,1,0,1,1,3,2,1,4,0,19,7,3,1,1,0,1,0,1,0,0,0,0,0,1,1,0,2,0,5,0,0,0,0,0,0,0,0,0,0,0,0,0,0,0,0,0,0,0,0,0,0,0,0,0,0,0,0,0,0,0,0,0,0,0,0,0,0,0,0,0,0,0,0,6,0,0,0,0,0,0,0,0,0,0,0,0,0,0,0,0,0,6,0,0,11,6,1,1,0,1,0,1,1,0,0,1,0,2,1,1,2,0,8,0,1,164,134,24,37,28,8,39,42,7,11,8,3,74,80,14,18,17,0,16,9,2,1,1,0,7,0,0,1,0,0,1,0,0,0,0,0,109,111,26,23,6,4,0,0,0.924187726,0.162454874,0.039711191,0.19133574,0.386281588,0.389891697,0.790697674,0.186046512,0.023255814,0.139534884,0,0,0.5,0,0.333333333,0,0,0,0.995145631,0.165048544,0.038834951,0.213592233,0.695652174,0.130434783,0.043478261,0.130434783,0.375,0.083333333,0,0.041666667,0.125,0.428571429,0.142857143,0,,,,,,,0,0,0,0.545454545,0.090909091,0,0.464285714,0.345454545,0.504504505,0.495495495,0.583783784,0.416216216,0.386281588,0.126353791,0.064981949,0.061371841,0.129963899,0.223826715,0.328519856,0.400722022,0.166064982,0,0.0433213,0.010830325,0.476190476,0.411764706,0.552631579,0.447368421,0.632352941,0.367647059,0.417475728,0.13592233,0.077669903,0.067961165,0.145631068,0.22815534,0.349514563,0.368932039,0.160194175,0,0.04368932,0.009708738,0.166666667,0.285714286,0.461538462,0.538461538,0.388888889,0.611111111,0.347826087,0.130434783,0,0.086956522,0.043478261,0.130434783,0.260869565,0.565217391,0.043478261,0,0.043478261,0.043478261,0.625,0.214285714,0.363636364,0.636363636,0.482758621,0.517241379,0.255813953,0.093023256,0.046511628,0.023255814,0.11627907,0.23255814,0.255813953,0.511627907,0.23255814,0,0.023255814,0,,,,,1,0,0.333333333,0,0,0,0,0.666666667,0,0,0.333333333,0,0.333333333,0,,,,,0,1,0.5,0,0,0,0,0,1,0,0.5,0,0,0,,0.5,0,1,0.6,0.4,0.041666667,0,0.041666667,0.166666667,0,0.791666667,0,0,,0.5,0,1,0.5,0.5,0,0,0,0.285714286,0,0.714285714,0,0,,,,,,,,,,,,,,,,,,,,,,,,,,,,,,,,,,,0,0,0,0,0,1,0,0,,0.5,0,1,0.666666667,0.333333333,0.090909091,0,0.090909091,0.181818182,0,0.727272727,0,0,0.817073171,0.146341463,0.592057762,1.076923077,0.179487179,0.140794224,1.081081081,0.189189189,0.267148014,0.5625,0.125,0.666666667,0,0,0.291666667,0,0,0.041666667,1.078079059,1.5,Sergio Llull,Real Madrid,1338,41,FALSE
SPAIN,2024-2025,59302,8,0,0,0,0,0,0,0,0,0,0,0,0,0,0,0,0,0,0,0,0,0,0,0,0,0,0,0,0,0,0,0,0,0,0,0,0,0,0,0,0,0,0,0,0,0,0,0,0,0,0,0,0,0,0,0,0,0,0,0,0,0,0,0,0,0,0,0,0,0,0,0,0,0,0,0,0,0,0,0,0,0,0,0,0,0,0,0,0,0,0,0,0,0,0,0,0,0,0,0,0,0,0,0,0,0,0,0,0,0,0,0,0,0,0,0,0,0,0,0,0,0,0,0,0,0,0,0,0,0,0,0,0,0,0,0,0,0,0,0,0,0,0,0,0,0,0,0,0,0,0,0,0,0,0,0,0,0,0,0,0,0,0,30,10,3,5,2,1,3,2,0,0,0,1,0,1,2,4,5,2,8,0,20,5,0,0,0,0,0,0,0,0,0,0,0,0,0,0,0,0,0,5,0,0,0,0,0,0,0,0,0,0,0,0,0,0,0,0,0,0,0,0,0,0,0,0,0,0,0,0,0,0,0,0,0,0,0,0,0,0,0,0,0,0,0,0,15,5,1,4,1,0,3,1,1,0,0,2,0,2,4,2,5,0,8,0,1,10,5,2,1,1,1,0,1,0,0,0,0,0,2,1,0,3,0,7,0,0,0,0,0,0,0,0,0,0,0,0,0,0,0,0,0,0,0,0,23,10,3,3,1,0,5,0,0,1,0,0,2,0,0,1,0,0,0,0,0,0,7,8,0,0,,,,,,,,,,,,,,,,,,,,,,,,,,,0.333333333,0.1,0,0.033333333,0.133333333,0,0,0,,,,,,,0.333333333,0.066666667,0,0.5,0.2,0,,,,,,,,,,,,,,,,,,,,,,,,,,,,,,,,,,,,,,,,,,,,,,,,,,,,,,,,,,,,,,,,,,,,,,,,,,,,,,,,,,,,,,,,,,,,,,,,,,,,,,,,,,,,,0.4,0.333333333,0.625,0.375,0.444444444,0.555555556,0.066666667,0,0.033333333,0.266666667,0,0.666666667,0,0,,,,,,,0,0,0,0,0,1,0,0,,,,,,,,,,,,,,,,,,,,,,,,,,,,,0.25,0,0.8,0.2,0.333333333,0.666666667,0.133333333,0,0.066666667,0.333333333,0,0.533333333,0,0,1,0.5,0.333333333,0.666666667,0.666666667,0.333333333,0,0,0,0.3,0,0.7,0,0,,,,,,,,,,0.434782609,0.130434783,0.766666667,0,0,0.166666667,0,0,0.066666667,,0.875,Ilimane Diop,Lenovo Tenerife,1333,8,FALSE
SPAIN,2024-2025,59275,20,1,0,0,0,0,0,0,0,0,0,0,0,0,0,0,0,1,1,0,0,0,0,0,0,0,1,0,0,0,0,0,0,0,0,0,0,0,0,0,0,0,0,0,0,0,0,0,0,0,0,0,0,0,0,0,0,0,0,0,0,0,0,0,0,0,0,0,0,0,0,0,0,0,0,0,0,0,0,0,0,0,0,0,0,0,0,0,0,0,0,0,0,0,0,0,0,0,0,0,0,0,0,0,0,0,0,0,0,0,0,0,0,0,0,0,0,0,0,0,0,0,0,0,0,0,0,0,0,0,0,0,0,0,0,0,1,0,0,0,0,0,0,0,0,0,0,1,0,0,0,0,0,1,0,0,0,0,0,0,0,1,0,35,11,3,6,1,2,3,3,0,0,0,1,0,1,1,4,6,1,9,0,25,7,5,2,0,1,1,0,0,0,0,0,0,0,2,0,0,2,0,5,0,0,0,0,0,0,0,0,0,0,0,0,0,0,0,0,0,0,0,0,0,0,0,0,0,0,0,0,0,0,0,0,0,0,0,0,0,0,0,0,0,0,0,0,12,3,0,3,0,0,1,2,1,0,0,1,0,1,3,1,3,0,8,0,1,15,3,1,3,0,1,2,1,0,0,0,0,0,1,3,0,4,0,11,0,0,0,0,0,0,0,0,0,0,0,0,0,0,1,0,0,0,0,0,22,6,1,4,1,0,10,3,1,2,0,0,3,2,1,0,0,0,0,0,0,0,8,9,0,0,0,0,0,0,0,0,,,,,,,,,,,,,,,,,0,0,0,0,0.314285714,0.085714286,0,0.028571429,0.114285714,0.714285714,0.285714286,0,,,,,,,0.25,0,0,0.2,0.066666667,0,,,,,,,0,0,0,0,0,1,0,0,1,0,0,0,,,,,,,,,,,,,,,,,,,,,,,,,0,0,0,0,0,1,0,0,1,0,0,0,,,,,,,,,,,,,,,,,,,,,,,,,,,,,,,,,,,,,,,,,,,,,,,,,,,,,,,0.25,0.4,0.444444444,0.555555556,0.4,0.6,0.028571429,0,0.028571429,0.257142857,0,0.714285714,0,0,1,1,0.5,0.5,1,0,0,0,0,0.285714286,0,0.714285714,0,0,,,,,,,,,,,,,,,,,,,,,,,,,,,,,0,0,0.333333333,0.666666667,0.25,0.75,0.083333333,0,0.083333333,0.25,0,0.666666667,0,0,0,0.5,0.5,0.5,0.25,0.75,0,0,0,0.266666667,0,0.733333333,0,0,,,0,,,0,0,0,1,0.272727273,0.045454545,0.628571429,0.3,0.1,0.285714286,0.666666667,0.333333333,0.085714286,,0.888888889,Ousmane Ndiaye,Coviran Granada,1319,20,TRUE
SPAIN,2024-2025,59150,16,0,0,0,0,0,0,0,0,0,0,0,0,0,0,0,0,0,0,0,0,0,0,0,0,0,0,0,0,0,0,0,0,0,0,0,0,0,0,0,0,0,0,0,0,0,0,0,0,0,0,0,0,0,0,0,0,0,0,0,0,0,0,0,0,0,0,0,0,0,0,0,0,0,0,0,0,0,0,0,0,0,0,0,0,0,0,0,0,0,0,0,0,0,0,0,0,0,0,0,0,0,0,0,0,0,0,0,0,0,0,0,0,0,0,0,0,0,0,0,0,0,0,0,0,0,0,0,0,0,0,0,0,0,0,0,0,0,0,0,0,0,0,0,0,0,0,0,0,0,0,0,0,0,0,0,0,0,0,0,0,0,0,95,27,9,5,8,1,4,1,1,2,0,3,1,2,6,13,6,6,14,0,73,9,0,0,0,0,0,0,0,0,0,0,0,0,0,0,0,0,0,9,0,0,0,0,0,0,0,0,0,0,0,0,0,0,0,0,0,0,0,0,0,0,0,1,0,0,0,0,0,0,0,0,0,0,0,0,0,0,0,0,0,1,0,0,33,16,4,2,4,0,2,0,3,1,1,4,0,8,3,4,6,0,21,1,2,52,11,5,3,4,1,2,1,0,0,1,2,0,5,3,2,8,0,42,0,0,0,0,0,0,0,0,0,0,0,0,0,0,0,0,0,0,0,0,58,27,9,4,3,0,12,0,0,0,0,0,25,0,0,1,0,1,0,0,0,0,19,14,0,0,,,,,,,,,,,,,,,,,,,,,,,,,,,0.284210526,0.094736842,0.010526316,0.031578947,0.136842105,0,0,0,,,,0,0,0,0.484848485,0.121212121,0.03030303,0.211538462,0.096153846,0,,,,,,,,,,,,,,,,,,,,,,,,,,,,,,,,,,,,,,,,,,,,,,,,,,,,,,,,,,,,,,,,,,,,,,,,,,,,,,,,,,,,,,,,,,,,,,,,,,,,,,,,,,,,,0.666666667,0.5,0.857142857,0.142857143,0.684210526,0.315789474,0.063157895,0.010526316,0.021052632,0.147368421,0,0.768421053,0.021052632,0,,,,,,,0,0,0,0,0,1,0,0,,,,,,,,,,,,,,,,,,,,,0,0,0,0,0,1,0,0,0.666666667,,1,0,0.727272727,0.272727273,0.121212121,0.03030303,0.060606061,0.181818182,0,0.636363636,0.03030303,0,0.666666667,0.5,0.75,0.25,0.625,0.375,0.038461538,0,0,0.153846154,0,0.807692308,0.019230769,0,,,,,,,,,,0.465517241,0.155172414,0.610526316,0,0,0.126315789,0,0,0.263157895,,1.357142857,Amar Sylla,Bilbao Basket,1335,16,FALSE
SPAIN,2024-2025,24905,34,275,243,28,45,21,7,20,25,21,20,4,65,39,26,36,29,179,87,92,110,66,118,47,71,73,61,0,0,0,0,0,0,0,0,0,0,0,0,0,0,0,0,0,0,0,0,0,0,0,0,0,0,0,0,34,25,5,6,3,2,2,4,5,2,1,23,1,10,8,10,11,13,0,3,2,2,3,2,8,13,10,0,0,0,0,0,0,0,0,0,0,0,0,0,0,0,0,0,0,0,0,0,0,0,0,0,0,0,204,188,21,31,16,5,16,15,52,15,14,134,3,85,46,92,52,42,0,33,19,32,20,41,51,68,66,37,30,2,8,2,0,2,6,8,4,5,22,0,15,12,16,10,6,0,3,5,2,6,4,12,6,16,12,5,2,0,1,1,0,0,0,0,0,0,0,0,2,2,0,1,2,1,8,1,0,0,0,0,0,0,0,0,0,0,1,0,0,0,1,0,0,0,0,0,0,0,0,0,0,0,0,0,0,0,0,0,0,0,0,0,0,0,0,0,0,0,0,0,0,0,0,0,0,0,0,0,0,0,0,0,0,0,0,0,0,0,9,2,1,0,1,0,0,0,0,0,0,1,0,1,0,0,1,1,7,0,0,2,3,1,0,0,1,0,0,0,0,0,0,0,1,0,0,1,0,1,0,0,202,185,25,39,46,15,32,27,2,2,9,2,41,31,1,4,10,4,10,3,1,0,0,0,0,0,0,0,0,0,2,2,1,0,0,0,63,73,27,24,5,2,0,0,0.883636364,0.101818182,0.076363636,0.236363636,0.429090909,0.4,0.735294118,0.147058824,0.058823529,0.147058824,,,,,,,,,0.921568627,0.102941176,0.073529412,0.254901961,0.810810811,0.054054054,0.108108108,0.216216216,0.416666667,0.166666667,0,0,0.166666667,0,0,0,,,,,,,0.222222222,0.111111111,0,1.5,0.5,0,0.512195122,0.21875,0.561643836,0.438356164,0.625,0.375,0.429090909,0.141818182,0.094545455,0.130909091,0.105454545,0.316363636,0.334545455,0.265454545,0.221818182,0,0.072727273,0.014545455,0.5,0.25,0.615384615,0.384615385,0.648854962,0.351145038,0.450980392,0.161764706,0.093137255,0.156862745,0.098039216,0.333333333,0.323529412,0.254901961,0.205882353,0,0.068627451,0.014705882,0.5,0,0.4,0.6,0.555555556,0.444444444,0.432432432,0.081081081,0.135135135,0.054054054,0.162162162,0.162162162,0.432432432,0.27027027,0.162162162,0,0.135135135,0,0.6,0.333333333,0.454545455,0.545454545,0.555555556,0.444444444,0.294117647,0.088235294,0.058823529,0.058823529,0.088235294,0.382352941,0.294117647,0.323529412,0.382352941,0,0.029411765,0.029411765,,,,,,,,,,,,,,,,,,,,,,,,,,,,,,,,,,,,,1,1,0.5,0.5,1,0,0.083333333,0,0,0.166666667,0.083333333,0.666666667,0,0,,,,,,,1,0,0,0,0,0,0,0,,,,,,,,,,,,,,,,,,,,,,,,,,,,,1,,1,0,1,0,0,0,0,0.111111111,0.111111111,0.777777778,0,0,,1,0,1,1,0,0,0,0,0.5,0,0.5,0,0,0.915841584,0.123762376,0.734545455,0.84375,0.0625,0.116363636,0.756097561,0.024390244,0.149090909,0.3,0.1,0.833333333,,,0,1,0.5,0.166666667,1.024976437,2.5,Harald Frey,Bilbao Basket,1335,34,FALSE
SPAIN,2024-2025,59122,37,901,816,193,170,172,21,135,35,102,26,12,158,96,62,78,80,495,242,253,369,272,271,112,159,363,224,0,3,2,0,0,0,0,0,0,0,1,1,2,0,1,1,0,0,2,0,0,0,0,0,0,0,1,1,180,120,27,47,21,6,26,21,23,27,3,100,5,52,74,56,74,44,0,15,8,10,13,21,35,42,58,6,7,0,0,0,0,0,0,3,0,0,6,0,3,0,4,0,2,0,2,1,2,1,3,1,5,1,557,547,130,95,124,6,88,7,108,55,19,301,5,251,150,166,225,135,0,66,42,56,52,73,93,161,140,154,138,36,28,27,9,21,7,23,19,3,85,2,61,47,44,64,41,0,12,11,10,13,15,29,33,52,30,13,3,1,2,1,1,0,1,0,0,3,3,0,9,6,2,5,4,4,17,9,2,1,0,1,0,0,0,0,0,0,1,0,1,0,1,1,0,7,0,0,0,0,0,0,0,0,0,0,0,0,0,0,0,0,0,0,0,0,0,0,0,0,0,0,0,0,0,0,0,0,0,0,0,0,0,0,0,0,0,0,0,0,15,7,2,0,1,1,0,0,1,1,0,5,0,3,1,2,2,3,8,1,0,6,4,0,1,0,0,1,0,2,0,0,3,0,2,1,2,1,1,2,2,0,666,604,143,136,118,74,97,82,17,13,16,12,138,130,33,21,24,16,27,11,2,1,3,1,0,0,0,0,0,0,3,2,1,0,0,0,407,363,35,31,7,4,0,0,0.905660377,0.214206437,0.113207547,0.17536071,0.300776915,0.40954495,0.666666667,0.15,0.15,0.127777778,0.666666667,0,0.333333333,0,1.166666667,0,0,0.5,0.982046679,0.233393178,0.098743268,0.193895871,0.896103896,0.233766234,0.123376623,0.149350649,0.433333333,0.1,0.033333333,0.1,0.2,0.222222222,0.111111111,0,,,,,,,0.466666667,0.133333333,0.066666667,0.666666667,0,0,0.560260586,0.375,0.845730028,0.154269972,0.575663027,0.424336973,0.300776915,0.10654828,0.068812431,0.086570477,0.088790233,0.268590455,0.280799112,0.402885683,0.248612653,0,0.028856826,0.013318535,0.58490566,0.461538462,0.942222222,0.057777778,0.625935162,0.374064838,0.298025135,0.118491921,0.07540395,0.1005386,0.093357271,0.289048474,0.251346499,0.403949731,0.242369838,0,0.034111311,0.008976661,0.5625,0.5625,0.75,0.25,0.564814815,0.435185185,0.285714286,0.077922078,0.071428571,0.064935065,0.084415584,0.214285714,0.337662338,0.415584416,0.266233766,0,0.019480519,0.012987013,0.446808511,0.222222222,0.635135135,0.364864865,0.412698413,0.587301587,0.311111111,0.083333333,0.044444444,0.055555556,0.072222222,0.233333333,0.322222222,0.411111111,0.244444444,0,0.016666667,0.027777778,,,,,1,0,0.666666667,0.333333333,0.166666667,0.333333333,0.166666667,0.833333333,0.166666667,0,0.333333333,0,0,0,,,,,0.5,0.5,0,0,0,0,0,0.333333333,0.333333333,0,0.666666667,0,0.333333333,0,0.666666667,1,0.75,0.25,0.75,0.25,0.166666667,0.1,0,0.133333333,0.133333333,0.566666667,0,0,1,,1,0,1,0,0.111111111,0,0,0.111111111,0,0.777777778,0,0,,,,,,,,,,,,,,,,,,,,,,,,,,,,,1,1,0.5,0.5,0.75,0.25,0.133333333,0.066666667,0,0.133333333,0.2,0.533333333,0,0,0,,1,0,0.666666667,0.333333333,0.333333333,0.333333333,0,0.166666667,0.166666667,0.333333333,0,0,0.906906907,0.214714715,0.73917869,0.845360825,0.175257732,0.107658158,0.942028986,0.239130435,0.153163152,0.407407407,0.074074074,0.9,,,0,0.666666667,0.333333333,0.1,1.157505285,1.75,Marcelinho Huertas,Lenovo Tenerife,1333,37,FALSE
SPAIN,2024-2025,35427,37,0,0,0,0,0,0,0,0,0,0,0,0,0,0,0,0,0,0,0,0,0,0,0,0,0,0,0,0,0,0,0,0,0,0,0,0,0,0,0,0,0,0,0,0,0,0,0,0,0,0,0,0,0,0,0,0,0,0,0,0,0,0,0,0,0,0,0,0,0,0,0,0,0,0,0,0,0,0,0,0,0,0,0,0,0,0,0,0,0,0,0,0,0,0,0,0,0,0,0,0,0,0,0,0,0,0,0,0,0,0,0,0,0,0,0,0,0,0,0,0,0,0,0,0,0,0,0,0,0,0,0,0,0,0,0,0,0,0,0,0,0,0,0,0,0,0,0,0,0,0,0,0,0,0,0,0,0,0,0,0,0,0,50,9,4,6,3,1,3,3,3,1,0,0,0,0,3,5,9,0,10,3,36,8,2,1,2,1,0,2,0,0,0,0,0,0,1,2,0,3,0,5,0,0,1,0,0,0,0,0,0,0,0,0,0,0,0,0,0,0,0,0,1,0,0,0,0,0,0,0,0,0,0,0,0,0,0,0,0,0,0,0,0,0,0,0,17,4,2,1,2,0,0,1,0,0,0,0,0,2,1,0,3,0,14,0,0,24,3,1,3,0,1,1,2,0,3,1,3,0,2,6,0,4,3,16,0,0,0,0,0,0,0,0,0,0,0,0,0,0,0,0,0,0,0,0,18,2,1,1,0,0,9,3,1,2,0,0,23,4,2,3,0,3,0,0,0,0,9,10,0,0,,,,,,,,,,,,,,,,,,,,,,,,,,,0.18,0.08,0.06,0,0.1,0.25,0.125,0,0,0,0,,,,0.235294118,0.117647059,0,0.125,0.041666667,0.125,,,,,,,,,,,,,,,,,,,,,,,,,,,,,,,,,,,,,,,,,,,,,,,,,,,,,,,,,,,,,,,,,,,,,,,,,,,,,,,,,,,,,,,,,,,,,,,,,,,,,,,,,,,,,0.5,0.25,0.6,0.4,0.357142857,0.642857143,0,0,0,0.2,0.06,0.72,0.02,0,0.333333333,,1,0,0.333333333,0.666666667,0,0,0,0.375,0,0.625,0,0,,,,,,,0,0,0,0,0,1,0,0,,,,,,,,,,,,,,,1,0,0.666666667,0.333333333,0.666666667,0.333333333,0,0,0,0.176470588,0,0.823529412,0,0,0,0.333333333,0.25,0.75,0.25,0.75,0,0,0,0.166666667,0.125,0.666666667,0.041666667,0,,,,,,,,,,0.111111111,0.055555556,0.36,0.333333333,0.111111111,0.18,0.173913043,0.086956522,0.46,,0.9,Eli John Ndiaye,Real Madrid,1338,37,FALSE
SPAIN,2024-2025,32836,14,0,0,0,0,0,0,0,0,0,0,0,0,0,0,0,0,0,0,0,0,0,0,0,0,0,0,0,0,0,0,0,0,0,0,0,0,0,0,0,0,0,0,0,0,0,0,0,0,0,0,0,0,0,0,0,0,0,0,0,0,0,0,0,0,0,0,0,0,0,0,0,0,0,0,0,0,0,0,0,0,0,0,0,0,0,0,0,0,0,0,0,0,0,0,0,0,0,0,0,0,0,0,0,0,0,0,0,0,0,0,0,0,0,0,0,0,0,0,0,0,0,0,0,0,0,0,0,0,0,0,0,0,0,0,0,0,0,0,0,0,0,0,0,0,0,0,0,0,0,0,0,0,0,0,0,0,0,0,0,0,0,0,103,24,8,5,8,0,5,0,3,5,0,3,1,2,9,13,8,7,13,2,78,10,0,0,0,0,0,0,0,0,0,1,1,0,1,0,1,0,0,8,0,0,1,0,0,0,0,0,0,0,0,0,0,0,0,0,0,0,0,0,1,0,0,0,0,0,0,0,0,0,0,0,0,0,0,0,0,0,0,0,0,0,0,0,57,12,3,2,3,0,2,0,2,3,2,7,0,6,5,5,5,2,43,0,2,35,12,5,3,5,0,3,0,1,0,2,1,0,6,3,1,8,0,26,1,0,0,0,0,0,0,0,0,0,0,0,0,0,0,0,0,0,0,0,72,17,6,3,2,2,8,3,0,1,1,1,23,4,2,1,0,0,0,0,0,0,16,13,0,0,,,,,,,,,,,,,,,,,,,,,,,,,,,0.233009709,0.077669903,0.029126214,0.029126214,0.126213592,0,0,0,0,0,0,,,,0.210526316,0.052631579,0.052631579,0.342857143,0.142857143,0,,,,,,,,,,,,,,,,,,,,,,,,,,,,,,,,,,,,,,,,,,,,,,,,,,,,,,,,,,,,,,,,,,,,,,,,,,,,,,,,,,,,,,,,,,,,,,,,,,,,,,,,,,,,,0.615384615,,1,0,0.619047619,0.380952381,0.067961165,0.009708738,0.019417476,0.126213592,0.019417476,0.757281553,0.048543689,0,,,,,1,0,0.1,0,0,0,0,0.8,0.1,0,,,,,,,0,0,0,0,0,1,0,0,,,,,,,,,,,,,,,0.6,,1,0,0.545454545,0.454545455,0.087719298,0,0.035087719,0.087719298,0.035087719,0.754385965,0.035087719,0,0.625,,1,0,0.666666667,0.333333333,0.028571429,0.028571429,0,0.228571429,0,0.742857143,0.057142857,0,,,,,,,,,,0.236111111,0.083333333,0.699029126,0.375,0,0.077669903,0.173913043,0.086956522,0.223300971,,1.230769231,Kostas Antetokounmpo,CB UCAM Murcia,1334,14,FALSE
SPAIN,2024-2025,31954,22,4,10,1,0,0,1,0,0,0,0,0,3,2,1,2,1,3,2,1,4,0,3,2,1,1,0,0,0,0,0,0,0,0,0,0,0,0,0,0,0,0,0,0,0,0,0,0,0,0,0,0,0,0,0,0,0,0,0,0,0,0,0,0,0,0,0,0,0,0,0,0,0,0,0,0,0,0,0,0,0,0,0,0,0,0,0,0,0,0,0,0,0,0,0,0,0,0,0,0,0,0,0,0,0,0,0,0,0,4,10,1,0,0,1,0,0,3,0,0,3,0,4,0,3,1,0,0,2,1,2,1,2,1,2,1,0,0,0,0,0,0,0,0,0,0,0,0,0,0,0,0,0,0,0,0,0,0,0,0,0,0,0,97,32,10,8,1,9,1,7,3,0,0,1,0,1,7,11,11,4,18,3,71,21,3,1,2,0,1,0,2,0,0,0,2,0,1,2,2,3,0,16,0,0,0,0,0,0,0,0,0,0,0,0,0,0,0,0,0,0,0,0,0,0,0,1,0,0,0,0,0,0,0,0,1,0,0,0,0,1,0,0,0,0,0,0,40,9,2,4,0,2,1,3,1,1,0,4,0,3,5,2,6,2,30,0,1,35,20,7,2,1,6,0,2,0,1,0,1,0,7,3,0,9,1,25,0,0,4,10,1,0,3,0,0,0,0,0,0,0,0,0,0,0,0,0,69,20,7,7,0,0,8,6,1,0,1,2,20,6,2,1,0,1,3,1,0,0,29,18,0,0,2.5,0.25,0,0.75,0.75,1,,,,,,,,,,,,,2.5,0.25,0,0.75,,,,,0.329896907,0.103092784,0.030927835,0.010309278,0.113402062,0.142857143,0.047619048,0,,,,0,0,1,0.225,0.05,0.025,0.571428571,0.2,0.028571429,,1,0,1,1,0,0.75,0.5,0.25,0.5,0.25,0.5,0.25,0.25,0,0,0,0,,1,0,1,1,0,0.75,0.5,0.25,0.5,0.25,0.5,0.25,0.25,0,0,0,0,,,,,,,,,,,,,,,,,,,,,,,,,,,,,,,,,,,,,,,,,,,,,,,,,,,,,,,,,,,,,,,,,,,,,,,,,0.5,0.5625,0.111111111,0.888888889,0.5,0.5,0.041237113,0,0.010309278,0.18556701,0.030927835,0.731958763,0,0,,0.333333333,0,1,0.333333333,0.666666667,0.095238095,0,0,0.142857143,0,0.761904762,0,0,,,,,,,,,,,,,,,,,,,0,1,0,0,0,0,0,0,0,0,0,0.4,0.166666667,0.833333333,0.375,0.625,0.05,0,0.025,0.15,0.05,0.75,0,0,1,0.75,0.111111111,0.888888889,0.7,0.3,0,0,0,0.257142857,0.028571429,0.714285714,0,0,2.5,0.25,1,,,0,,,0,0.289855072,0.101449275,0.711340206,0.75,0.125,0.082474227,0.3,0.1,0.206185567,3,1.611111111,Kaiser Gates,CB UCAM Murcia,1334,22,TRUE
SPAIN,2024-2025,59240,16,2,2,1,0,1,0,0,0,0,0,0,0,0,0,0,0,1,1,0,1,0,1,1,0,1,0,0,0,0,0,0,0,0,0,0,0,0,0,0,0,0,0,0,0,0,0,0,0,0,0,0,0,0,0,0,0,0,0,0,0,0,0,0,0,0,0,0,0,0,0,0,0,0,0,0,0,0,0,0,0,0,0,0,0,0,0,0,0,0,0,0,0,0,0,0,0,0,0,0,0,0,0,0,0,0,0,0,0,1,2,1,0,1,0,0,0,0,0,0,0,0,1,0,0,1,0,0,0,0,0,0,0,0,0,0,1,0,0,0,0,0,0,0,0,0,0,1,0,0,0,1,0,0,0,0,0,0,0,1,0,1,0,3,0,0,0,0,0,0,0,0,0,0,0,0,0,0,0,0,0,0,0,3,0,0,0,0,0,0,0,0,0,0,0,0,0,0,0,0,0,0,0,0,0,0,0,0,0,0,0,0,0,0,0,0,0,0,0,0,0,0,0,0,0,0,0,0,0,0,0,0,0,0,0,0,0,0,0,0,0,0,0,0,0,0,0,1,0,0,0,0,0,0,0,0,0,0,0,0,0,0,0,0,0,1,0,0,2,0,0,0,0,0,0,0,0,0,0,0,0,0,0,0,0,0,2,0,0,0,0,0,0,0,0,1,0,0,0,0,0,1,2,1,0,0,0,2,0,0,0,0,0,0,0,0,0,0,0,1,0,0,0,0,0,2,1,0,0,0,0,0,0,1,0.5,0,0,0.5,0.5,,,,,,,,,,,,,2,1,0,0,0,0,0,0,0,0,0,0,0,,,,,,,,,,0,0,0,0,0,0,1,,1,0,1,0,0.5,0,0,0,0,0.5,0,0.5,0,0,0,0,1,,1,0,1,0,0,0,0,0,0,0,0,1,0,0,0,0,,,,,,,1,0,0,0,0,1,0,0,0,0,0,0,,,,,,,,,,,,,,,,,,,,,,,,,,,,,,,,,,,,,,,,,,,,,,,,,,,,,,,,,,,,,0,0,0,0,0,1,0,0,,,,,,,,,,,,,,,,,,,,,,,,,,,,,,,,,,,,,,,,,,,,,,,,,0,0,0,0,0,1,0,0,,,,,,,0,0,0,0,0,1,0,0,,,0,0,0,0.5,2,1,0.5,0,0,0.666666667,,,0,0,0,0.333333333,2,,Guillem Jou,BAXI Manresa,1330,16,FALSE
SPAIN,2024-2025,59475,34,19,12,4,6,2,2,3,3,4,0,1,1,1,0,1,0,6,4,2,5,10,2,2,0,10,4,0,1,0,0,0,0,0,0,0,0,1,0,0,0,0,1,0,0,0,0,0,0,0,0,0,0,0,0,8,3,1,3,0,1,3,0,0,2,0,3,1,1,5,1,4,2,0,0,0,0,0,1,0,2,1,0,0,0,0,0,0,0,0,0,0,0,0,0,0,0,0,0,0,0,0,0,0,0,0,0,0,0,6,7,2,1,1,1,0,1,1,1,0,2,0,3,2,1,3,1,0,1,0,1,0,1,0,1,1,4,2,1,2,1,0,0,2,0,0,0,1,0,1,2,0,3,1,0,0,0,0,0,0,0,1,0,18,3,1,0,0,1,0,0,0,0,0,0,0,0,1,1,0,1,1,0,16,2,0,0,0,0,0,0,0,0,0,0,0,0,0,0,0,0,0,2,0,0,0,0,0,0,0,0,0,0,0,0,0,0,0,0,0,0,0,0,0,0,0,0,0,0,0,0,0,0,0,0,0,0,0,0,0,0,0,0,0,0,0,0,6,3,1,0,0,1,0,0,0,0,0,1,0,1,0,1,1,0,4,0,0,10,0,0,0,0,0,0,0,0,0,0,0,0,0,0,0,0,0,10,0,0,3,5,2,1,0,0,6,5,1,2,1,1,10,2,1,3,0,3,10,0,0,0,0,0,6,0,0,0,0,0,2,3,1,0,0,0,10,10,0,0,3,1,0,0,0.631578947,0.210526316,0.210526316,0.052631579,0.105263158,0.263157895,0.375,0.125,0.25,0,0,0,1,0,,,,,1.166666667,0.333333333,0.166666667,0.166666667,0.5,0.25,0,0,0.166666667,0.055555556,0,0,0.055555556,0,0,0,,,,,,,0.5,0.166666667,0,0,0,0,0.4,0.4,0.5,0.5,0.333333333,0.666666667,0.105263158,0.052631579,0,0.052631579,0,0.210526316,0.105263158,0.526315789,0.210526316,0,0,0.052631579,1,0.5,0.333333333,0.666666667,0.6,0.4,0.166666667,0.166666667,0,0.166666667,0,0.166666667,0.166666667,0.5,0.166666667,0,0,0,1,0,0.333333333,0.666666667,0.333333333,0.666666667,0,0,0,0,0,0.25,0,0.75,0.25,0,0,0,0,1,0.75,0.25,0.166666667,0.833333333,0.125,0,0,0,0,0.25,0.125,0.5,0.25,0,0,0.125,,,,,,,,,,,,,,,,,,,,,,,0,1,0,0,0,0,0,0,0,0,0,0,0,0,,1,0,1,1,0,0.055555556,0,0,0.055555556,0,0.888888889,0,0,,,,,,,0,0,0,0,0,1,0,0,,,,,,,,,,,,,,,,,,,,,,,,,,,,,,1,0,1,1,0,0.166666667,0,0,0.166666667,0,0.666666667,0,0,,,,,,,0,0,0,0,0,1,0,0,1.666666667,0.666666667,0.157894737,0.833333333,0.166666667,0.315789474,0.2,0.1,0.526315789,0,0,0.555555556,0,0,0.333333333,1.5,0.5,0.111111111,1,3,Stan Okoye,BC MoraBanc Andorra,1332,34,FALSE
SPAIN,2024-2025,11996,5,63,59,10,21,5,5,15,6,2,5,2,11,6,5,5,6,28,17,11,25,23,17,9,8,31,11,0,1,0,0,0,0,0,0,0,0,0,0,1,0,0,0,0,0,1,0,0,0,0,0,0,0,0,1,8,8,1,3,0,1,3,0,2,1,0,4,1,3,4,2,4,2,0,1,1,2,0,2,0,3,1,1,0,0,1,0,0,1,0,0,0,0,0,0,0,1,0,1,0,0,0,0,0,0,0,0,0,0,42,39,7,13,4,3,9,4,6,1,5,18,1,17,14,11,20,7,0,3,3,2,4,5,6,11,7,11,12,2,4,1,1,2,2,3,0,0,5,0,5,4,4,6,1,0,2,1,1,2,2,2,3,2,3,2,1,0,1,0,0,0,0,0,0,0,0,0,0,1,0,0,1,0,2,1,2,1,0,1,0,0,0,0,0,0,0,0,1,0,0,1,0,0,0,0,0,0,0,0,0,0,0,0,0,0,0,0,0,0,0,0,0,0,0,0,0,0,0,0,0,0,0,0,0,0,0,0,0,0,0,0,0,0,0,0,0,0,1,0,0,0,0,0,0,0,0,0,0,0,0,0,0,0,0,0,1,0,0,1,0,0,0,0,0,0,0,0,0,0,0,0,0,0,0,0,0,1,0,0,37,40,6,12,9,0,8,8,2,1,1,0,18,11,2,8,1,2,1,2,1,0,0,0,1,0,0,0,0,0,1,0,0,0,0,0,25,31,9,7,2,1,0,0,0.936507937,0.158730159,0.031746032,0.174603175,0.26984127,0.396825397,1,0.125,0.125,0.25,0,0,0,0,0,0,0,0,0.928571429,0.166666667,0.023809524,0.142857143,1.090909091,0.181818182,0,0.272727273,0.666666667,0.333333333,0,0,0.333333333,2,1,0,,,,,,,0,0,0,0,0,0,0.25,0.454545455,0.64516129,0.35483871,0.520833333,0.479166667,0.26984127,0.095238095,0.079365079,0.079365079,0.095238095,0.26984127,0.174603175,0.492063492,0.174603175,0,0.079365079,0.031746032,0.307692308,0.428571429,0.65,0.35,0.548387097,0.451612903,0.261904762,0.071428571,0.071428571,0.047619048,0.095238095,0.261904762,0.166666667,0.476190476,0.166666667,0,0.119047619,0.023809524,0.333333333,0.333333333,0.5,0.5,0.555555556,0.444444444,0.363636364,0.181818182,0.090909091,0.090909091,0.181818182,0.272727273,0.181818182,0.545454545,0.090909091,0,0,0,0,1,0.75,0.25,0.428571429,0.571428571,0.25,0.125,0.125,0.25,0,0.375,0.125,0.5,0.25,0,0,0.125,0,,1,0,0,1,0,0,0,0,0,0,0,1,0,0,0,0,,,,,,,0,0,0,0,0,0,1,0,1,0,0,0,1,,1,0,1,0,0,0,0,0.333333333,0,0.666666667,0,0,1,,1,0,1,0,0,0,0,1,0,0,0,0,,,,,,,,,,,,,,,,,,,,,,,,,,,,,,,,,,,0,0,0,0,0,1,0,0,,,,,,,0,0,0,0,0,1,0,0,1.081081081,0.162162162,0.587301587,1,0.25,0.126984127,0.611111111,0.111111111,0.285714286,2,1,0.333333333,0,0,0.333333333,0,0,0.333333333,0.915331808,2,Sam Griffin,Coviran Granada,1319,5,FALSE
SPAIN,2024-2025,58661,34,4,3,1,2,0,1,1,1,0,0,0,0,0,0,0,0,1,0,1,1,2,1,0,1,3,0,0,0,0,0,0,0,0,0,0,0,0,0,0,0,0,0,0,0,0,0,0,0,0,0,0,0,0,0,0,0,0,0,0,0,0,0,0,0,0,0,0,0,0,0,0,0,0,0,0,0,0,0,0,0,0,0,0,0,0,0,0,0,0,0,0,0,0,0,0,0,0,0,0,0,0,0,0,0,0,0,0,0,1,0,0,0,0,0,0,0,0,0,0,1,0,0,0,1,0,0,0,0,0,0,0,0,1,0,1,3,3,1,2,0,1,1,1,0,0,0,0,0,1,2,0,3,0,0,0,0,0,0,0,0,0,0,92,32,10,13,3,7,4,9,0,6,1,2,1,1,6,18,13,6,23,0,57,28,3,1,4,0,1,1,3,0,0,2,1,0,3,4,1,5,0,20,0,0,0,0,0,0,0,0,0,0,0,0,0,0,0,0,0,0,0,0,0,0,0,1,0,0,0,0,0,0,0,0,0,0,0,0,0,0,0,0,0,1,0,0,39,23,7,5,3,4,3,2,2,0,4,5,1,13,5,5,12,0,18,1,1,24,6,2,4,0,2,0,4,0,0,0,0,0,2,4,0,6,0,18,0,0,1,0,0,1,0,0,2,3,1,0,0,0,1,0,0,1,0,0,46,19,6,11,1,0,9,3,1,0,0,0,37,10,3,2,1,0,3,3,0,0,27,23,0,0,0.75,0.25,0,0,0.25,0.25,,,,,,,,,,,,,0,0,0,0,1,0.333333333,0,0,0.347826087,0.108695652,0,0.02173913,0.195652174,0.107142857,0.035714286,0,,,,0,0,0,0.58974359,0.179487179,0,0.25,0.083333333,0,0,0.5,0.333333333,0.666666667,0.333333333,0.666666667,0.25,0,0,0,0,0,0.25,0.75,0,0,0,0,,,,,,,1,0,0,0,0,0,1,0,0,0,0,0,0,0.5,0.333333333,0.666666667,0.333333333,0.666666667,0,0,0,0,0,0,0,1,0,0,0,0,,,,,,,,,,,,,,,,,,,,,,,,,,,,,,,,,,,,,,,,,,,,,,,,,,,,,,,0.428571429,0.4375,0.304347826,0.695652174,0.580645161,0.419354839,0.065217391,0.010869565,0.010869565,0.25,0,0.619565217,0.065217391,0.010869565,0,0.25,0.2,0.8,0.428571429,0.571428571,0.035714286,0,0,0.178571429,0,0.714285714,0.071428571,0,,,,,,,,,,,,,,,,,,,,,0,0,0,0,0,1,0,0,0.5,0.666666667,0.5,0.5,0.722222222,0.277777778,0.128205128,0.025641026,0.025641026,0.307692308,0,0.461538462,0.102564103,0.025641026,,0.333333333,0,1,0.333333333,0.666666667,0,0,0,0.25,0,0.75,0,0,0,0,0.25,1.5,0.5,0.5,0,0,0.25,0.413043478,0.130434783,0.5,0.333333333,0.111111111,0.097826087,0.27027027,0.081081081,0.402173913,1,1.173913043,Tomasz Gielo,Bilbao Basket,1335,34,FALSE
SPAIN,2024-2025,59234,6,15,13,2,3,2,0,3,0,3,2,0,3,3,0,1,2,6,2,4,7,6,5,2,3,5,1,0,0,0,0,0,0,0,0,0,0,0,0,0,0,0,0,0,0,0,0,0,0,0,0,0,0,0,0,2,2,0,0,0,0,0,0,1,1,0,1,0,1,1,1,0,0,0,1,0,0,1,0,1,0,1,1,2,1,0,1,0,0,0,0,0,0,0,0,1,0,0,1,0,0,0,0,0,0,0,0,0,0,10,7,0,2,0,0,2,0,2,2,2,5,0,4,4,4,2,1,0,2,0,1,1,2,2,2,3,2,2,1,1,1,0,1,0,0,0,0,0,0,1,1,0,2,0,0,0,0,0,0,0,0,0,0,0,0,0,0,0,0,0,0,0,0,0,0,0,0,0,0,0,0,0,0,0,0,0,0,0,0,0,0,0,0,0,0,0,0,0,0,0,0,0,0,0,0,0,0,0,0,0,0,0,0,0,0,0,0,0,0,0,0,0,0,0,0,0,0,0,0,0,0,0,0,0,0,0,0,0,0,0,0,0,0,0,0,0,0,0,0,0,0,0,0,0,0,0,0,0,0,0,0,0,0,0,0,0,0,0,0,0,0,0,0,0,0,0,0,0,0,0,0,0,0,0,0,0,0,0,0,6,4,0,1,1,1,6,7,1,1,2,1,3,2,1,1,0,1,0,0,0,0,0,0,0,0,0,0,0,0,0,0,0,0,0,0,4,5,5,3,0,0,0,0,0.866666667,0.133333333,0.2,0.2,0.333333333,0.466666667,1,0,0.5,0.5,,,,,2,1,0,0,0.7,0,0.2,0.2,1,0.5,0,0,,,,,,,,,,,,,,,,,,,,,0.4,,1,0,0.538461538,0.461538462,0.333333333,0.2,0,0.066666667,0.133333333,0.133333333,0.266666667,0.333333333,0.066666667,0,0.133333333,0,0,,1,0,0.5,0.5,0.4,0.2,0,0.1,0.1,0.2,0.3,0.2,0.1,0,0.2,0,0.5,,1,0,0.5,0.5,0,0,0,0,0,0,0,1,0,0,0,0,,,,,0.5,0.5,0.5,0.5,0,0,0.5,0,0.5,0,0,0,0,0,1,,1,0,1,0,0,0,0,0,0,0,0,1,0,0,0,0,,,,,,,,,,,,,,,,,,,,,,,,,,,,,,,,,,,,,,,,,,,,,,,,,,,,,,,,,,,,,,,,,,,,,,,,,,,,,,,,,,,,,,,,,,,,,,,,,,,,,,,0.666666667,0,0.4,1.166666667,0.166666667,0.4,0.666666667,0.333333333,0.2,,,,,,,,,,0.972222222,,Aaron Ganal,BC MoraBanc Andorra,1332,6,FALSE
SPAIN,2024-2025,59212,38,99,79,11,17,11,0,16,1,9,10,8,17,8,9,8,9,57,30,27,37,26,39,16,23,28,18,0,1,0,0,0,0,0,0,0,0,1,0,0,0,0,1,0,0,0,0,0,0,0,0,0,0,0,0,15,13,2,1,2,0,0,1,3,1,2,10,0,7,2,4,3,6,0,2,1,1,2,1,3,5,5,0,0,0,0,0,0,0,0,0,0,0,0,0,0,0,0,0,0,0,0,0,0,0,0,0,0,0,74,62,9,16,9,0,16,0,13,6,7,40,8,28,22,31,25,9,0,6,7,7,6,15,16,22,18,9,4,0,0,0,0,0,0,1,1,1,7,0,2,1,4,0,3,0,0,1,0,1,0,4,3,4,20,0,0,4,0,0,4,0,0,1,0,0,0,0,3,1,4,1,4,2,12,3,0,0,1,0,0,1,0,0,0,0,0,0,0,1,0,1,0,2,0,0,0,0,0,0,0,0,0,0,0,0,0,0,0,0,0,0,0,0,0,0,0,0,0,0,0,0,0,0,0,0,0,0,0,0,0,0,0,0,0,0,0,0,7,0,0,2,0,0,2,0,0,0,0,0,0,0,2,0,2,0,5,0,0,10,0,0,1,0,0,1,0,0,0,1,3,0,1,1,1,1,2,5,0,0,37,32,1,8,11,5,13,12,1,2,2,1,49,35,9,7,4,3,18,0,0,4,0,0,0,0,0,0,0,0,2,0,0,0,0,0,22,28,19,14,0,4,0,0,0.797979798,0.111111111,0.090909091,0.171717172,0.393939394,0.373737374,0.866666667,0.133333333,0.066666667,0.2,0,0,1,0,,,,,0.837837838,0.121621622,0.081081081,0.175675676,0.444444444,0,0.111111111,0.111111111,0,0,0,0,0.05,0,0,0,,,,,,,0,0,0,0,0,0,0.407407407,0,0.964285714,0.035714286,0.587301587,0.412698413,0.393939394,0.080808081,0.090909091,0.080808081,0.090909091,0.303030303,0.272727273,0.282828283,0.181818182,0,0.101010101,0.080808081,0.36,,1,0,0.56,0.44,0.418918919,0.081081081,0.094594595,0.094594595,0.081081081,0.297297297,0.243243243,0.337837838,0.121621622,0,0.094594595,0.108108108,,,,,0.666666667,0.333333333,0.444444444,0,0.111111111,0,0.111111111,0.333333333,0.444444444,0,0.333333333,0,0.111111111,0,1,0,0.666666667,0.333333333,0.777777778,0.222222222,0.266666667,0.133333333,0.066666667,0.066666667,0.133333333,0.333333333,0.333333333,0.2,0.4,0,0.133333333,0,,,,,,,,,,,,,,,,,,,,,,,0,1,0,0,0,0,0,0,0,0,0,0,0,0,0,,1,0,0.2,0.8,0.05,0,0,0.2,0.1,0.6,0.05,0,0,,1,0,0,1,0,0,0,0.333333333,0,0.666666667,0,0,,,,,,,,,,,,,,,,,,,,,,,,,,,,,0,,1,0,0,1,0,0,0,0.285714286,0,0.714285714,0,0,0,,1,0,0.5,0.5,0.1,0,0,0.1,0.2,0.5,0.1,0,0.864864865,0.027027027,0.373737374,0.923076923,0.076923077,0.131313131,0.714285714,0.183673469,0.494949495,0,0,0.9,,,0,0,0,0.1,0.99009901,0,Xabier Lopez-Arostegui,Valencia BC,1325,38,FALSE
SPAIN,2024-2025,59217,32,15,14,3,3,3,0,3,0,0,1,0,3,2,1,1,2,8,4,4,7,3,5,1,4,6,3,0,0,0,0,0,0,0,0,0,0,0,0,0,0,0,0,0,0,0,0,0,0,0,0,0,0,0,0,3,2,1,0,1,0,0,0,0,0,0,2,0,1,0,1,1,1,0,0,0,0,0,0,1,1,1,0,0,0,0,0,0,0,0,0,0,0,0,0,0,0,0,0,0,0,0,0,0,0,0,0,0,0,7,7,2,1,2,0,1,0,1,0,1,3,0,4,1,2,3,1,0,1,0,1,0,1,1,2,1,5,5,0,2,0,0,2,0,2,0,0,3,0,2,2,2,2,1,0,1,1,0,2,0,2,1,2,78,13,5,3,5,0,3,0,3,4,0,1,0,1,4,10,6,3,8,1,59,27,4,2,2,2,0,2,0,0,1,2,1,0,4,3,1,4,0,19,0,0,0,0,0,0,0,0,0,0,0,0,0,0,0,0,0,0,0,0,0,0,0,0,0,0,0,0,0,0,0,0,0,0,0,0,0,0,0,0,0,0,0,0,33,9,3,1,3,0,1,0,1,2,1,3,0,5,3,2,4,1,23,0,1,18,0,0,0,0,0,0,0,0,0,1,0,0,1,0,0,0,0,17,0,0,9,9,2,1,2,0,2,2,0,1,1,0,4,3,1,1,0,0,34,6,3,1,0,0,24,2,1,1,0,2,20,5,1,1,1,1,6,6,1,1,10,8,0,0,0.933333333,0.2,0,0.2,0.333333333,0.466666667,0.666666667,0.333333333,0,0,,,,,,,,,1,0.285714286,0,0.142857143,1,0,0,0.4,0.166666667,0.064102564,0.038461538,0.012820513,0.128205128,0.148148148,0.074074074,0.037037037,,,,,,,0.272727273,0.090909091,0.060606061,0,0,0,0.5,,1,0,0.7,0.3,0.333333333,0.133333333,0.066666667,0.066666667,0.133333333,0.266666667,0.266666667,0.4,0.2,0,0.066666667,0,0.666666667,,1,0,0.8,0.2,0.285714286,0.142857143,0,0.142857143,0,0.285714286,0.142857143,0.428571429,0.142857143,0,0.142857143,0,0,,1,0,0.5,0.5,0.4,0.2,0.2,0,0.4,0.2,0.4,0.4,0.2,0,0,0,1,,1,0,1,0,0.333333333,0,0,0,0,0.333333333,0.333333333,0.333333333,0.333333333,0,0,0,,,,,,,,,,,,,,,,,,,,,,,,,,,,,,,,,,,,,0.625,,1,0,0.625,0.375,0.038461538,0,0.012820513,0.102564103,0.012820513,0.756410256,0.051282051,0,0.5,,1,0,0.571428571,0.428571429,0.037037037,0,0,0.148148148,0,0.703703704,0.074074074,0,,,,,,,,,,,,,,,,,,,,,,,,,,,,,0.75,,1,0,0.625,0.375,0.060606061,0,0.03030303,0.121212121,0.03030303,0.696969697,0.03030303,0,,,,,1,0,0,0,0,0,0,0.944444444,0.055555556,0,1,0.222222222,0.6,1,0,0.133333333,0.75,0.25,0.266666667,0.176470588,0.088235294,0.435897436,0.083333333,0.041666667,0.307692308,0.25,0.05,0.256410256,1.086956522,1.25,Luka Bozic,ICG Forca Lleida,1323,32,FALSE
SPAIN,2024-2025,59256,30,1,0,0,0,0,0,0,0,0,0,0,0,0,0,0,0,1,0,1,0,0,1,0,1,0,0,0,0,0,0,0,0,0,0,0,0,0,0,0,0,0,0,0,0,0,0,0,0,0,0,0,0,0,0,0,0,0,0,0,0,0,0,0,0,0,0,0,0,0,0,0,0,0,0,0,0,0,0,0,0,0,0,0,0,0,0,0,0,0,0,0,0,0,0,0,0,0,0,0,0,0,0,0,0,0,0,0,0,1,0,0,0,0,0,0,0,0,0,0,1,0,0,0,1,0,0,0,0,0,0,0,0,1,0,1,0,0,0,0,0,0,0,0,0,0,0,0,0,0,0,0,0,0,0,0,0,0,0,0,0,0,0,130,37,10,11,8,2,3,8,4,2,0,6,3,3,10,16,15,7,21,3,97,23,4,1,0,1,0,0,0,1,0,1,1,0,2,0,1,1,0,21,1,0,0,0,0,0,0,0,0,0,0,0,0,0,0,0,0,0,0,0,0,0,0,1,0,0,1,0,0,0,1,0,0,0,0,0,0,1,0,1,0,0,0,0,69,28,8,3,6,2,1,2,4,3,1,7,0,12,6,5,11,2,49,2,2,37,5,1,7,1,0,2,5,1,1,0,2,0,2,8,1,8,1,27,0,1,1,0,0,0,0,0,0,0,0,0,0,0,0,0,0,0,0,0,76,29,9,8,4,2,15,5,1,0,1,0,39,3,0,3,1,2,0,0,0,0,22,21,0,0,0,0,0,0,1,0,,,,,,,,,,,,,0,0,0,0,,,,,0.284615385,0.076923077,0.030769231,0.046153846,0.123076923,0.173913043,0.043478261,0,,,,0,0,0,0.405797101,0.115942029,0.043478261,0.135135135,0.027027027,0.027027027,,,,,,,1,0,0,0,0,0,1,0,0,0,0,0,,,,,,,1,0,0,0,0,0,1,0,0,0,0,0,,,,,,,,,,,,,,,,,,,,,,,,,,,,,,,,,,,,,,,,,,,,,,,,,,,,,,,,,,,,,,,,,,,,,,,,,0.727272727,0.2,0.523809524,0.476190476,0.516129032,0.483870968,0.053846154,0.023076923,0.023076923,0.161538462,0.023076923,0.746153846,0.015384615,0,1,,1,0,1,0,0.043478261,0.043478261,0,0.043478261,0,0.913043478,0.043478261,0,,,,,,,,,,,,,,,,0,0,1,0,1,0,0,0,1,0,0,0,0,0.857142857,0.5,0.636363636,0.363636364,0.666666667,0.333333333,0.072463768,0.028985507,0.028985507,0.15942029,0.028985507,0.710144928,0.014492754,0,0.333333333,0,0.375,0.625,0.2,0.8,0.027027027,0,0.027027027,0.216216216,0.027027027,0.72972973,0,0,0,0,1,,,0,,,0,0.381578947,0.118421053,0.584615385,0.333333333,0.066666667,0.115384615,0.076923077,0,0.3,,1.047619048,Alexander Madsen,ICG Forca Lleida,1323,30,FALSE
